order_id,customer_id,order_status,order_purchase_timestamp,order_approved_at,order_delivered_carrier_date,order_delivered_customer_date,order_estimated_delivery_date
3ea1b4858d6688d2e95448944536e6ea,ce3e30e0a69d1fac23013ad343cb5727,delivered,2018-01-10 20:57:32,2018-01-11 20:52:23,2018-01-15 17:57:01,2018-01-28 12:06:54,2018-02-05 00:00:00
f036b00e17fcaef60868e806043a66d3,1c960186a40f56265429edb6f3f60407,delivered,2018-02-26 12:39:17,2018-02-26 12:50:29,2018-02-27 18:42:53,2018-03-15 01:18:24,2018-03-28 00:00:00
b52ce41a14821d9fa67f8a77cebb3efc,20d8643f227f32bd4ea7070fb153db32,delivered,2018-02-10 18:24:53,2018-02-11 13:50:26,2018-02-14 15:48:59,2018-03-10 02:08:40,2018-03-09 00:00:00
a911df1b9a76faaf67ece263358e285d,6722b211493615e10b66f7aba128121d,delivered,2018-01-11 19:54:18,2018-01-11 20:07:32,2018-01-12 23:22:58,2018-01-16 17:53:25,2018-02-05 00:00:00
e25c98a973e86ba5c95c06722eb8fadc,83c103071581c1e2b9b88c10c7c81ec9,delivered,2018-01-03 19:25:01,2018-01-03 19:34:23,2018-01-04 17:22:21,2018-01-11 22:36:12,2018-02-06 00:00:00
80f94a476554543da8d73964e2486102,901421ae0b470ecdd15c3bd4c880e8e9,delivered,2018-02-06 00:17:56,2018-02-06 00:30:41,2018-02-07 23:19:01,2018-02-26 16:10:25,2018-03-12 00:00:00
5a4fb5816ef33f8e7514eb2719b794ea,d0351c04e02774821a6b7119ad0ae8df,delivered,2018-01-15 20:07:42,2018-01-15 20:18:29,2018-01-17 20:43:32,2018-01-26 23:48:59,2018-02-19 00:00:00
091e624f9b7253204dee183a89950a4a,57f667c4bf3f497494e09c259668960e,delivered,2018-01-03 17:34:05,2018-01-03 17:46:54,2018-01-04 20:49:04,2018-01-09 20:17:40,2018-01-26 00:00:00
620b1ca38d9baa23b6691ef54153af7a,68d2bb06560ddb0fd0f1cb5c13a75b38,delivered,2018-01-04 11:04:51,2018-01-04 11:13:21,2018-01-08 23:27:25,2018-01-17 20:47:46,2018-01-30 00:00:00
d74d166d79f774ff367bfa387478155d,caef58b80b4d10cb35a11de8747584cb,delivered,2018-01-16 12:38:53,2018-01-16 12:52:47,2018-01-16 21:59:08,2018-01-19 20:11:51,2018-02-07 00:00:00
2ff5a9a440a7153c1eb3651f16f631c4,6faedef7d910ae07797891cf9e262af5,delivered,2018-02-17 12:10:19,2018-02-17 12:26:49,2018-02-23 17:36:55,2018-03-02 17:33:42,2018-03-12 00:00:00
681b8fe190dea1a0fcb73637796862c5,ea8b39e51d9127623cdc47baf2ce8762,delivered,2018-02-02 20:29:04,2018-02-02 20:50:56,2018-02-07 20:18:57,2018-03-05 20:54:36,2018-03-02 00:00:00
3464de846f6595e07bdee9f5a234743c,ca8cf5843bcd138bd1e81ec9f17531cf,delivered,2018-01-11 13:14:36,2018-01-11 13:28:53,2018-01-17 18:46:13,2018-01-31 22:18:36,2018-02-05 00:00:00
54f53e031329f69ca101726cac52f86b,489b09be68ed44791c5b0eba7dc7eab3,delivered,2018-01-26 22:03:52,2018-01-26 22:12:18,2018-01-29 20:21:43,2018-02-06 22:16:52,2018-03-01 00:00:00
5edc8e0c1ae7714730b6be87e97da686,0f3c4578cc4133c0e29cf96d0709d28d,delivered,2018-01-30 17:35:29,2018-01-30 17:58:01,2018-02-02 00:38:39,2018-02-19 15:39:20,2018-03-02 00:00:00
3da325c94229aafd1a3a8e17e8487fd0,43add858d3ace93c297c7b5843b8ec70,delivered,2018-02-20 09:18:56,2018-02-20 09:30:33,2018-03-02 00:42:31,2018-03-06 18:46:50,2018-03-06 00:00:00
3aafcd1ad1ad58bf5b66b06ed8935de9,a3ae3675493e050fd2e74539e9dbaf80,delivered,2018-01-17 17:50:10,2018-01-17 18:11:13,2018-01-19 12:42:02,2018-01-23 21:49:16,2018-02-07 00:00:00
27ccb6f42b7ff7e079004d6192ab12bb,4399c824aab097f4974ab7fabf8064b2,delivered,2018-02-07 23:03:51,2018-02-08 01:30:03,2018-02-09 21:42:02,2018-02-14 20:27:50,2018-02-23 00:00:00
d6a6d6c3e46448b6189d13089ab4cee8,892fcebefb372d07f764baa338babe36,delivered,2018-01-26 16:23:42,2018-01-27 02:40:40,2018-02-05 17:08:48,2018-02-10 16:42:32,2018-02-23 00:00:00
5c938587fa6333223164d94333986fa5,41999e8297f687f4f7d04352ac195afb,delivered,2018-02-06 11:22:03,2018-02-06 11:35:48,2018-02-09 19:53:27,2018-02-16 19:16:44,2018-03-05 00:00:00
bcda9fd71fecee3ddcc079cb2f3f462e,0ae620f576d26975295e08ee55a6368d,delivered,2018-01-05 15:30:29,2018-01-09 07:24:19,2018-01-11 18:23:18,2018-01-12 13:38:20,2018-01-23 00:00:00
5297d2383ed2427349be6b01e151ddf7,af9b97ed135fd52d2ada64faf8a659a5,delivered,2018-02-07 09:24:28,2018-02-07 09:35:34,2018-02-07 20:09:16,2018-02-22 19:06:17,2018-03-08 00:00:00
b08b60cece524686b12c2201f977ba42,4f81711673621b442e519f4635670126,delivered,2018-01-14 13:00:17,2018-01-15 12:50:52,2018-01-16 19:37:25,2018-01-26 23:42:35,2018-02-08 00:00:00
b3f352a3b3887a501a98642fa5840e66,a6c4086c5ec600d696fbc7acc81aaabf,delivered,2018-01-14 22:46:04,2018-01-14 22:56:20,2018-02-07 18:38:50,2018-02-16 21:46:42,2018-02-08 00:00:00
2bd67cb1676d5693690cc0bf9b149fa7,55da8ccddd5fcac5a10a7887375c5646,delivered,2018-01-22 21:07:44,2018-01-22 21:19:29,2018-01-25 15:52:55,2018-01-31 20:58:37,2018-02-14 00:00:00
b516594d49d0cab100b01fd7bc0b981f,88977a0c1c4b9ee4ca5d6f12df4107ac,delivered,2018-01-08 21:44:26,2018-01-10 10:32:47,2018-01-11 23:23:38,2018-01-19 00:54:00,2018-02-06 00:00:00
6a9ed89907267cac71cbbf67931313a2,827a5d5a014607756a15b47b7d21da37,delivered,2018-01-02 14:13:47,2018-01-03 14:07:25,2018-01-13 00:43:05,2018-01-16 18:33:41,2018-01-18 00:00:00
013bc77d3ca5fba084a241fdcb307393,96ce05a47b37faa11bd59938ee555a7d,delivered,2018-01-17 00:23:17,2018-01-17 00:37:23,2018-01-18 13:53:02,2018-03-12 17:06:53,2018-02-19 00:00:00
01144cadcf64b6427f0a6580a3033220,74219e78dcaeeb30e8d09ed57801f0fe,delivered,2018-02-03 00:01:19,2018-02-03 00:15:47,2018-02-05 19:36:00,2018-02-14 15:10:03,2018-03-12 00:00:00
0b7faa591b1acf3fa59f5297017b3058,d32b49ac4cbe7f35394e35e9fba57a4f,delivered,2018-02-22 13:27:37,2018-02-24 02:50:44,2018-02-27 23:06:55,2018-03-12 19:28:48,2018-03-16 00:00:00
40516474d4dead1446fa9e9ae60d233a,59e7eac5aa0ac369fae8fd25b9248058,delivered,2018-02-08 08:39:50,2018-02-09 10:11:51,2018-02-14 19:22:46,2018-02-27 23:02:01,2018-02-26 00:00:00
4cd90538d177466bf45e1a552242c216,d0aaa4008275a2e9127dc79e6142367e,shipped,2018-01-12 21:14:20,2018-01-12 21:28:53,2018-01-15 18:09:47,,2018-02-14 00:00:00
3f3af836b5f857d4276ee94f3ca90694,f19e46a9c8122da7106415dcf7cac505,delivered,2018-01-22 09:34:51,2018-01-23 03:52:49,2018-01-26 16:49:14,2018-02-17 17:23:09,2018-02-06 00:00:00
b400d39e36f84ebc05228967ada117ef,7e167ba395e3e75b2b899c96bbcacc21,delivered,2018-02-15 12:53:00,2018-02-17 03:35:37,2018-02-27 23:32:17,2018-03-06 01:18:58,2018-03-12 00:00:00
cdc5c73d13831406606c28ea88d86ae9,457c8245390b1ced9adff0627ef06543,delivered,2018-01-06 13:03:06,2018-01-07 14:17:22,2018-01-08 18:56:30,2018-01-13 01:13:01,2018-01-31 00:00:00
f793221c7202ab7ce7e593ca2e03f073,a45c2998d3e73572829497e5accc1fc5,delivered,2018-01-26 13:53:45,2018-01-26 14:22:01,2018-01-30 14:18:31,2018-02-05 14:28:48,2018-02-22 00:00:00
f98ae4bbfd1a32ea2104c8cf1f64dabf,427ebd67be61503c00a75d8915080a71,delivered,2018-02-25 18:53:53,2018-02-25 19:07:29,2018-02-27 22:51:38,2018-03-27 22:06:48,2018-03-27 00:00:00
9201f7a169a49789138b5f56b5190362,f07241bfd895f4dfc8728bf7753dd0eb,delivered,2018-01-20 18:36:15,2018-01-20 19:09:32,2018-01-22 22:16:23,2018-01-23 19:32:54,2018-02-19 00:00:00
c93a9cce3de4b250308ad3abfbff0e01,dbf9370e912aa2b06bdce8da5671a532,delivered,2018-01-15 10:06:32,2018-01-15 10:30:28,2018-01-16 21:10:16,2018-01-21 11:22:52,2018-02-06 00:00:00
0bd15125e46474dc9318288ae0ea528e,98d0e7b8cee070b62b91321aeded0f89,delivered,2018-01-30 18:06:42,2018-01-30 18:41:02,2018-02-03 15:03:15,2018-03-01 22:07:42,2018-02-26 00:00:00
48679e7a18e6aa746943453400b7e74c,eb58af3f31ba5d587163397ba551e188,delivered,2018-02-26 14:22:19,2018-02-26 14:35:44,2018-02-28 02:12:04,2018-03-08 15:48:44,2018-03-22 00:00:00
509098735f5ef060b30337a4261fe363,4899bff53cc2d4206fb88c42ba7d27b0,delivered,2018-01-09 18:53:36,2018-01-09 19:09:31,2018-01-11 00:38:53,2018-01-16 20:28:51,2018-02-02 00:00:00
b6af24208d3b5b07c4f1bbbfb57dd8c2,fef067e487e9911c42d7073ced30b5de,delivered,2018-01-30 13:17:34,2018-01-30 13:35:49,2018-01-31 20:34:28,2018-02-23 19:04:29,2018-03-02 00:00:00
49e7180375786af0f0ba3d10aa233bd7,27979ba7ae1cbfc1a30aa9292b7cb1ec,delivered,2018-01-30 19:08:33,2018-01-30 19:28:53,2018-02-06 23:11:58,2018-02-15 17:52:01,2018-03-05 00:00:00
f1c5f3e9df9be5699de80cb4eec88c04,9f8b2ccda5f9f90478038be84bb1ce22,delivered,2018-02-22 13:30:06,2018-02-22 13:55:28,2018-02-23 21:32:56,2018-03-01 21:29:51,2018-03-20 00:00:00
b316ba513e4b801aada1b9a255b327d6,eb5fd8197c73f714f2e41223565baff7,delivered,2018-02-23 08:59:16,2018-02-23 14:36:40,2018-03-02 13:24:14,2018-04-18 21:11:39,2018-03-26 00:00:00
3ed6bdde461210d79c78d2ba9327e03f,b762be58e42c9379a0bc7f4d25015624,delivered,2018-02-11 14:51:37,2018-02-11 15:08:12,2018-02-16 19:28:57,2018-02-26 23:50:02,2018-03-16 00:00:00
1f8db122bf153dee50f12c5e38144665,f148779d679989e84bd75cb146a827c8,delivered,2018-02-01 13:32:27,2018-02-01 13:48:56,2018-02-05 20:57:49,2018-02-15 21:22:14,2018-02-23 00:00:00
d02bd10feab6b4f3bb9b00496ac5da1b,82259ff3376efc103845f4f1568e910e,delivered,2018-01-02 08:00:03,2018-01-02 08:17:14,2018-01-02 16:03:03,2018-01-04 19:44:45,2018-01-18 00:00:00
d2029f1813972cb83dd49c3c27fcd304,abf6ab643b15647ff39d48cb4bfb1019,delivered,2018-02-28 16:44:48,2018-02-28 17:21:19,2018-03-07 23:26:48,2018-03-16 17:16:53,2018-03-19 00:00:00
4053d75129c21cf5b41d41e6bdf3cd28,3bd124a0d3630c45d920e49a107b6912,delivered,2018-01-09 20:39:23,2018-01-11 02:35:38,2018-01-11 22:29:28,2018-01-19 20:36:33,2018-02-16 00:00:00
3dbae011830ae15641138266abb3f3be,1e331e9effe37cc5bb06a638a9a9e077,delivered,2018-02-28 16:54:57,2018-03-01 03:09:30,2018-03-02 19:06:52,2018-03-07 21:08:23,2018-03-22 00:00:00
0da3d957e0cb653342e21f6dc6eaabea,e2ab0674fb331225d8314dc7561f606b,delivered,2018-01-22 15:51:01,2018-01-23 03:37:57,2018-02-07 00:52:46,2018-02-08 21:48:31,2018-02-23 00:00:00
3103711a12d2c4c5a35a9fe7b3308543,ab3168bf3379c0043700ea484efc1f61,delivered,2018-01-03 22:31:34,2018-01-03 23:19:06,2018-01-04 20:58:52,2018-01-12 14:52:49,2018-01-29 00:00:00
81111cf83100722b6a554323c86a10b8,ea06be215e742396fce5dd52375f2a00,delivered,2018-02-07 08:48:15,2018-02-07 11:11:10,2018-02-09 00:49:34,2018-02-27 17:45:02,2018-03-08 00:00:00
d471fa0b4a2b653efa429a9caf70695c,421050860d28ef97f7a64fee1fd92471,delivered,2018-01-10 08:30:55,2018-01-10 10:31:41,2018-01-10 17:16:55,2018-01-23 17:07:11,2018-02-07 00:00:00
f1820747ffc1cde68a5b2c501dfe8292,dbf165106b71b1f129d0e677505aae57,delivered,2018-02-06 22:28:15,2018-02-08 07:49:36,2018-02-08 19:53:25,2018-02-21 22:03:12,2018-03-08 00:00:00
a979f259e3f69ceb4f856111481db7e7,36c97de8d5d1c683eb313ee1a4277ca5,delivered,2018-01-31 17:51:57,2018-01-31 18:08:17,2018-02-02 19:04:50,2018-02-07 22:23:34,2018-03-01 00:00:00
f4f6ec218c3835f1f37fd926a6f6124b,1dd87680282666e5a52fd7f3a8abfe19,delivered,2018-01-10 20:50:19,2018-01-10 21:08:58,2018-01-13 01:25:23,2018-02-01 01:41:32,2018-02-21 00:00:00
22a7f3846cb3968336eda252420a6920,10ca6e617f38bd5d217ba0fea655b709,shipped,2018-01-24 18:19:18,2018-01-24 18:37:41,2018-01-25 17:41:56,,2018-03-01 00:00:00
a35bf517586a9609441f4d6f8db9f6d2,022b1e47fbf658d8e3865c8753bf361f,delivered,2018-02-25 08:07:06,2018-02-25 08:15:22,2018-02-26 23:19:22,2018-04-05 21:48:32,2018-03-28 00:00:00
bae1ccf3fe7baf222a4240bab9c095ca,b7914f4692aa83f8c4cce8ed7a957634,delivered,2018-01-12 14:05:41,2018-01-12 14:18:26,2018-01-15 17:25:55,2018-01-22 21:33:50,2018-02-09 00:00:00
8a83c8fd93adfaa18ac3977636afc8bc,f5fc92d4bf1733a6700f10d06756b5e5,delivered,2018-01-12 22:34:15,2018-01-12 23:16:27,2018-01-15 20:32:50,2018-01-18 15:42:20,2018-02-02 00:00:00
63d924357f70228a8bb5713b68d3b656,57dbb262002b4a7448accfbb36ed2d0a,delivered,2018-01-26 08:50:44,2018-01-30 05:31:38,2018-01-30 19:12:36,2018-02-16 15:55:27,2018-02-22 00:00:00
dca954560c94725cbb8402714b1dc7bd,af189c7154bf7cd83ae87e7c7c43a6b9,delivered,2018-01-09 21:59:13,2018-01-10 10:32:14,2018-01-11 22:56:00,2018-01-22 18:58:25,2018-01-26 00:00:00
5a18318628961a2982d19b5ef6026e2b,25b1719c0299fd49ac7adcda9e05da38,delivered,2018-02-24 17:49:15,2018-02-24 18:07:25,2018-03-02 22:13:37,2018-03-19 17:28:52,2018-04-03 00:00:00
002af7fa9eb99d1456bceb6a13d6fc0b,bacf5021c97183a2a3946dff31e56098,delivered,2018-02-18 18:46:28,2018-02-18 19:46:50,2018-02-19 20:35:16,2018-03-12 18:15:42,2018-03-15 00:00:00
ea7fd400a90286a0db2e0d79a18ae5bf,6d6ef306307d9bf778b4315539f4ba19,delivered,2018-01-19 16:57:39,2018-01-20 09:10:02,2018-01-22 22:47:00,2018-02-01 19:37:18,2018-02-15 00:00:00
704ee0cb53db0aa5d0912298dd0e0c16,c4d805caf1414578f8c018e436f2ae77,delivered,2018-02-05 12:46:57,2018-02-06 12:52:10,2018-02-06 22:05:03,2018-02-15 15:27:55,2018-03-01 00:00:00
1cbd4699bdc656606f114d4710bf87bd,c60c8fbf339ecb59f31f57d6efa750a1,delivered,2018-02-27 19:15:16,2018-02-27 19:30:26,2018-02-28 21:42:48,2018-04-17 00:32:22,2018-03-29 00:00:00
3d308f2c115e6931c3ca351c4fc35ae3,76f873d7c71e9afa58a61ae43e5ebed8,delivered,2018-02-22 22:03:15,2018-02-22 22:15:32,2018-02-23 23:28:36,2018-03-02 22:28:54,2018-03-14 00:00:00
69a416ca37d8dcf85093a41ddc92fcd5,f4d390cc7c012341c0caef6141d1db8a,delivered,2018-02-20 16:29:00,2018-02-20 16:50:32,2018-02-22 21:42:03,2018-03-01 23:24:59,2018-03-15 00:00:00
607a53a5c5210e129c689ecfb2c1897b,a9c9fc2ca98560e072e73177c7046e7e,delivered,2018-01-31 18:02:38,2018-02-02 02:54:01,2018-02-05 16:22:54,2018-02-10 14:33:20,2018-02-22 00:00:00
49dc298f34ef553977f998818dbeb38f,8c615e8041af01e1fb4e74907d70a478,delivered,2018-02-25 19:35:47,2018-02-25 19:47:54,2018-03-02 20:02:51,2018-03-07 22:39:35,2018-03-22 00:00:00
30e92ef45b77af51660f221fbb2b94e3,4797bfa237248c34496edfc436487fd0,delivered,2018-01-12 15:25:13,2018-01-12 15:36:35,2018-01-15 18:46:48,2018-02-08 22:44:32,2018-02-14 00:00:00
18e3a35aeb0cef53ac06a61f65c1f76b,451cb85396e597ae3bf87cfa3fd14f9d,delivered,2018-02-13 01:52:28,2018-02-15 04:07:45,2018-02-15 21:45:17,2018-03-11 15:18:23,2018-03-07 00:00:00
022d47e6dd2e127493b8f51c8408078c,02d2c49ef9837fbf18d71940dd7cf97f,delivered,2018-01-13 17:33:23,2018-01-14 17:28:45,2018-01-18 22:41:55,2018-01-22 17:10:03,2018-02-05 00:00:00
66e5fb8842964acac96f3e4afd13b27d,4b8a694f92f4bc42833eccf7d1be0502,delivered,2018-02-11 11:25:58,2018-02-11 12:08:53,2018-02-16 23:08:00,2018-02-27 10:29:07,2018-03-28 00:00:00
33c0d343b2faf7ebeb298755980009eb,bad57fa21fe32c73f5f5a0e59de2929d,delivered,2018-01-23 20:30:46,2018-01-23 20:53:49,2018-01-25 20:44:00,2018-01-29 13:59:38,2018-02-07 00:00:00
3ad8b95da1d9a9f797b5d79dffcdd15f,54e45f61024a906d5ed85efa3cc79c4e,delivered,2018-02-14 15:13:26,2018-02-15 03:56:02,2018-02-16 19:56:47,2018-03-02 17:47:08,2018-03-09 00:00:00
dba5062fbda3af4fb6c33b1e040ca38f,964a6df3d9bdf60fe3e7b8bb69ed893a,created,2018-02-09 17:21:04,,,,2018-03-07 00:00:00
9315e7a2e69ca1a49b3ba3c6e908ba2b,6afb012b0bf2e380c8d417d2ead4bd34,delivered,2018-01-25 11:38:06,2018-01-25 11:53:04,2018-01-31 17:59:24,2018-02-22 22:52:21,2018-02-26 00:00:00
55d40b74667b0d1f5331a4724b9efd69,d7cbd008cd16332e62efb358c1348056,delivered,2018-02-12 01:13:24,2018-02-15 05:00:33,2018-02-16 22:58:48,2018-02-23 22:43:07,2018-02-26 00:00:00
7d3ffe9953e28737dd4c634216c9eef4,aa02249f655fd7a69f485cf95b8913fb,delivered,2018-01-26 15:38:19,2018-01-26 15:58:22,2018-01-29 12:18:58,2018-02-06 15:26:40,2018-02-23 00:00:00
ecaccc93dddbfc205d1fcdd18acf5933,8e97a6ba3c70449dfc931be3e148b68d,delivered,2018-02-03 23:16:43,2018-02-03 23:29:56,2018-02-06 16:13:53,2018-02-08 20:50:54,2018-03-01 00:00:00
c635b7e8fb0f2db9ddb1481111af5996,91007e89826460cdcba05e2201ba13bc,delivered,2018-02-07 22:06:31,2018-02-07 23:09:53,2018-02-08 22:32:34,2018-02-11 14:58:35,2018-02-23 00:00:00
59ee425a0f0cd825c79aafe5990b7bac,d6e2e0df4f867871a4c0f0c0d26fb89c,delivered,2018-02-11 11:48:17,2018-02-11 11:55:33,2018-02-14 16:13:48,2018-02-27 19:16:03,2018-03-14 00:00:00
d3984047994e1b9ed6b8903828d48676,c0bc3778e0ea6b3c24a2fddf11dd49ad,delivered,2018-02-17 19:47:09,2018-02-17 20:06:54,2018-02-20 01:09:06,2018-02-21 19:25:19,2018-03-12 00:00:00
06f8ee6a5ff26786c382b4fcf5b8ebe7,49d6722c4381c0f4240be0e3fdb6a883,delivered,2018-01-31 01:28:37,2018-01-31 13:50:15,2018-02-02 01:51:11,2018-02-06 16:23:53,2018-02-22 00:00:00
4e389f96f2675b7c829d5f9bc2d9fd70,dd60c1a003b6f0c58d37985262256096,delivered,2018-01-16 12:12:33,2018-01-17 12:10:11,2018-01-18 16:37:39,2018-01-30 19:35:23,2018-02-14 00:00:00
1dc2fa22dbb160db9eb90923718fd0c5,3545524b94d7564dc8e66d9ca95c367e,delivered,2018-02-26 11:41:31,2018-02-26 11:56:00,2018-03-12 21:05:51,2018-04-09 13:32:27,2018-03-21 00:00:00
232a9b3063429a6ae5079afb994164e4,a87ae15da100fdfd87ebfbbbc3b1c3f4,delivered,2018-01-10 15:14:37,2018-01-10 15:27:17,2018-01-11 16:08:06,2018-01-20 17:10:06,2018-02-05 00:00:00
1d35b9b8088b6c9e1fcff77fdb44ef53,875858cb4fa77eb349a94cb42d3303ad,delivered,2018-02-09 17:59:02,2018-02-09 18:20:26,2018-02-17 02:37:58,2018-03-05 18:21:53,2018-03-09 00:00:00
01f74d38c7379a28cc0ac3d90e80c7ea,aa49a857b9196c3ecc7cd8cc02f954f9,delivered,2018-01-31 23:12:05,2018-02-02 02:55:52,2018-02-02 23:48:51,2018-02-27 11:14:03,2018-03-05 00:00:00
4ba83c2746627aa89b8cbf168fbb6fa3,66dff61ac82f40a1ad90762783e8a5ee,delivered,2018-01-26 16:52:56,2018-01-26 17:52:17,2018-02-16 23:32:08,2018-02-26 20:11:55,2018-03-05 00:00:00
d92d14b8e228a3d16418041f0e04620a,3218724bc18c442e58bd39608b0f100a,delivered,2018-02-04 08:30:33,2018-02-05 08:29:04,2018-02-06 17:02:14,2018-02-28 23:53:56,2018-03-13 00:00:00
318847873c9758a0bce305f4f3099583,a23a7bba2a9fb6f506b92ce45b0ca17d,delivered,2018-01-17 16:45:54,2018-01-19 02:37:07,2018-01-25 22:38:55,2018-02-05 20:57:28,2018-02-07 00:00:00
a20fd8d03db72237712932934935ab14,b5bae8ef2af64a160264b103b7df0912,delivered,2018-01-30 08:38:27,2018-01-30 09:09:36,2018-01-30 19:58:51,2018-02-05 18:42:52,2018-02-26 00:00:00
ed638b613c111b199c3550cb29fd6bfa,aee6316af49a9075ee0cce8c83a90866,delivered,2018-02-25 12:35:01,2018-02-25 12:49:08,2018-03-06 22:09:18,2018-04-10 20:45:25,2018-04-12 00:00:00
33bb5c9c0285bb31b6c9cab48da62224,9b44b356e5b71eac310f1e3d28d145f9,delivered,2018-01-05 09:23:59,2018-01-05 09:36:25,2018-01-05 22:58:12,2018-01-25 22:58:44,2018-02-02 00:00:00
131de76b3404646b971a901567b27c1e,416278ffe6603e08f2f135a04e07c611,delivered,2018-01-03 02:55:26,2018-01-03 03:07:50,2018-01-03 19:54:45,2018-01-08 13:40:07,2018-01-26 00:00:00
baf1b12b26680071c8851fc697020e62,2a5161ad7eaa9de4de0eea62824a56a3,shipped,2018-01-21 15:41:59,2018-01-22 13:52:37,2018-01-25 19:55:47,,2018-02-22 00:00:00
f79b808e0ded7143da5be51e144f9bb9,832678f1591956cf1fe901debc164ef9,delivered,2018-01-12 16:54:45,2018-01-13 02:08:40,2018-01-15 21:26:49,2018-01-19 15:35:29,2018-02-02 00:00:00
450c38e2c35be1d12fb07ad8c2432ebd,7b530dd0b6024eaf341aae361f575254,delivered,2018-02-05 20:08:57,2018-02-05 20:29:48,2018-02-06 22:08:56,2018-02-19 17:52:24,2018-03-08 00:00:00
8e62a916598b1e9653b5c5b8ade92fed,aba3d57d2176fbbc5937098c6120e90c,delivered,2018-01-04 22:09:33,2018-01-06 02:08:55,2018-01-25 18:14:28,2018-02-26 21:27:11,2018-02-05 00:00:00
1c01cd54510efa1db113ee8354518f20,b04cc8e48980db67f9b78779e4265ba1,delivered,2018-02-21 10:58:09,2018-02-21 12:27:42,2018-02-23 00:16:53,2018-02-26 23:46:28,2018-03-07 00:00:00
cfcef16acd7d85fcc9bc9bae5166f845,17856f540114d991d7f8576b72f8efdc,delivered,2018-01-19 22:33:23,2018-01-19 22:55:57,2018-01-22 12:42:35,2018-02-02 17:33:05,2018-02-14 00:00:00
20cae0a28869a4321d8fe372731f80e0,c3537eef72f2b883b3cbc75b1b9480b5,delivered,2018-01-15 23:42:12,2018-01-15 23:53:31,2018-01-16 19:34:51,2018-01-26 17:25:11,2018-01-30 00:00:00
f1ef0cea033ae487dc3ebc664cb10d1b,62b928147854bc65eeeff14bb787a009,delivered,2018-02-22 13:13:12,2018-02-22 13:47:52,2018-02-23 22:42:48,2018-02-26 19:22:37,2018-03-08 00:00:00
2a9748c25bff8d93dd13a28eced24db9,0edba6ec24c2864c865aa7330cf297dc,delivered,2018-02-26 22:06:45,2018-02-26 22:28:21,2018-03-02 19:07:44,2018-03-17 00:32:30,2018-04-04 00:00:00
0e3737a398f635ed0c0957a0320781ec,7e54da0c70661ce35754a113fcda1208,delivered,2018-01-07 12:57:21,2018-01-07 13:07:18,2018-01-08 20:50:19,2018-01-10 19:07:59,2018-01-24 00:00:00
e42760f40f2fba3ba7529b6157adf501,c714d0379e12f46b0d3671b86773339b,delivered,2018-01-05 16:15:14,2018-01-05 16:27:49,2018-01-11 15:58:59,2018-03-02 22:58:53,2018-02-26 00:00:00
d4de2912c79702221bd12d642b18e49f,00c2781c163b9f057924ed8c45c724d4,delivered,2018-01-29 19:39:43,2018-01-30 12:31:02,2018-02-01 17:52:01,2018-02-09 19:59:05,2018-02-22 00:00:00
b47f53f735ee76b0f07d10b4525d564e,07e1f9d11c41ac087f7726061742bb6f,shipped,2018-02-13 12:25:11,2018-02-14 12:26:58,2018-02-21 15:23:03,,2018-03-07 00:00:00
64958fed45ad3cd3b84be03fd9ac01cd,51dcfe10205819fd2d3294782a1065cc,delivered,2018-02-14 12:14:39,2018-02-14 12:30:26,2018-02-14 21:41:42,2018-03-09 16:58:34,2018-03-06 00:00:00
9d77978d536fd7c6ca5ec414b63e1459,e52293a37d6ebd3e79a0442c9b9bf415,delivered,2018-01-23 14:06:58,2018-01-23 14:16:48,2018-01-24 20:33:10,2018-01-25 18:42:37,2018-02-09 00:00:00
74661e530a952a7ca5c7631de0960ada,11f1058e94059e91e907631d99d977f0,delivered,2018-02-20 20:48:31,2018-02-22 02:28:48,2018-02-22 22:53:02,2018-03-11 15:18:59,2018-03-20 00:00:00
6ffe7cebfe521de0435648b47a87083c,46ab4ca304d63607583e422f38618bfb,delivered,2018-01-16 10:29:39,2018-01-16 18:16:29,2018-01-17 19:53:14,2018-01-24 21:58:09,2018-02-08 00:00:00
432c5d90dae98b9496ac75c5108c530a,13d1ebce1606cc152181e65978d1e7f5,delivered,2018-02-10 22:17:58,2018-02-10 23:29:40,2018-02-14 20:45:14,2018-02-25 10:48:59,2018-03-08 00:00:00
a2c188c4797a746ba81a77bd44c07aae,a32113d5ae0d8889966b8fdc44d37fd5,delivered,2018-01-17 12:27:16,2018-01-17 12:39:21,2018-01-19 18:58:43,2018-01-30 21:43:50,2018-02-19 00:00:00
3c63f38b18f9c813e6a2947f12708660,b4a8edd174a1969bbe2c9d5ff9794cd7,delivered,2018-02-18 08:22:46,2018-02-18 09:26:30,2018-02-19 19:42:47,2018-02-25 15:28:32,2018-03-13 00:00:00
589310d3d488112508a26f3e22ba30ca,34b7eab1f76104e9b749d01a9a00710c,delivered,2018-02-27 12:17:08,2018-02-27 12:48:27,2018-03-02 15:18:50,2018-03-13 19:03:02,2018-03-19 00:00:00
bcc632609d99be3eeaf01c6916f9604e,d719eace562b89db5f0f0f627aebdc67,delivered,2018-01-06 00:09:51,2018-01-06 00:18:19,2018-01-09 00:12:23,2018-01-09 12:54:25,2018-01-26 00:00:00
d1a26dc0c31e929049044b86a868c08e,dacffceb81b6e8ccdc3c7f25a8c20cea,delivered,2018-02-14 13:26:11,2018-02-14 13:47:32,2018-02-15 23:09:24,2018-02-26 18:28:50,2018-03-06 00:00:00
1ee75dd3dc1076b563a223486e86e7b9,077d43174992dd5e7fb9d336890ab289,delivered,2018-01-04 13:25:14,2018-01-05 14:50:23,2018-01-08 18:52:37,2018-01-19 19:28:12,2018-02-05 00:00:00
a5a1a9c036a5213d2833ca3b19de15dd,abd89f3a9b428d61119d1c7710cb01e0,delivered,2018-01-04 11:22:25,2018-01-05 02:38:38,2018-01-23 22:34:21,2018-02-02 23:19:04,2018-02-05 00:00:00
96ccc8ebc4372c98b2d7e7fca1a3fc36,bd2a2e0bb6c012fc813a03698fb78ef4,delivered,2018-02-20 18:18:06,2018-02-21 18:15:39,2018-02-23 22:19:18,2018-03-02 22:52:35,2018-03-15 00:00:00
222dbd787fceffa6d29b3586ef4f9c11,4dc755960dfc89677457aa98e0e4d4b1,delivered,2018-02-16 21:19:30,2018-02-16 21:30:44,2018-02-19 19:44:56,2018-03-08 20:38:34,2018-03-08 00:00:00
977e8abd0d54ee96cb2a4ab03c3bc45c,e42b128c0900df8bc11f75ddbda0b506,delivered,2018-02-19 17:20:09,2018-02-19 18:27:16,2018-02-20 19:52:21,2018-03-06 17:16:38,2018-03-13 00:00:00
3fb89a73b375862ec41e85344c4c51c2,763097e13f1d0a0c4c8d2ff811ce4c3b,delivered,2018-01-29 15:27:10,2018-01-29 15:35:35,2018-01-31 22:43:32,2018-02-07 03:08:28,2018-02-20 00:00:00
d37f1c9ea5fc235b81a0f3051d57b30b,7647d04d8895db7c1bcaafc5459adb98,delivered,2018-02-04 19:41:19,2018-02-05 07:30:21,2018-02-07 01:58:39,2018-03-16 15:14:50,2018-03-02 00:00:00
01946da9e2db8bab61d79296c037ee1f,14532f1320645821a6da04e049dc6b53,delivered,2018-01-06 17:48:40,2018-01-06 18:06:39,2018-01-08 17:42:45,2018-01-25 19:41:06,2018-02-06 00:00:00
9a0cebd801c90d02abe53d221d4cb605,fac757b1842182c2765fcd9ae73eb806,delivered,2018-02-15 20:59:16,2018-02-15 21:10:27,2018-02-17 15:38:54,2018-02-20 20:12:47,2018-03-01 00:00:00
c4076d196ccd6ef48beb27d4e1e584f2,6c84a7e4165c8c02ec3bd63f0de5ec00,delivered,2018-01-07 02:41:08,2018-01-07 02:52:21,2018-01-10 14:54:39,2018-01-17 13:18:45,2018-02-05 00:00:00
b37ae92c72d3335c241ea5be05dbc077,6e66d0911bc117a0afc6313ee9a0abe1,delivered,2018-01-11 20:36:02,2018-01-11 20:47:55,2018-01-12 20:59:58,2018-02-07 18:48:59,2018-02-02 00:00:00
fc14039d9862e0c47917cbb337d06b64,8e30d286d946595258929c8e7838c9bb,delivered,2018-02-08 21:24:22,2018-02-08 21:47:47,2018-02-10 00:41:37,2018-02-26 17:57:39,2018-03-21 00:00:00
7f5a24612bec96e2005690b5b60faa26,122b566031d84d7f2b2c3ee360200e84,delivered,2018-02-27 19:21:26,2018-03-01 02:50:43,2018-03-01 21:06:30,2018-03-14 18:36:23,2018-03-26 00:00:00
3ebcb0405b37542a02c3ec916ff70b36,dc8db098922025f1c3f876c9705610e8,delivered,2018-02-10 15:44:55,2018-02-10 15:55:31,2018-02-14 21:31:26,2018-02-20 23:16:54,2018-03-07 00:00:00
6de8edc4855c85bbcaf86b5e27b8d367,32ac8996f8fc1a221e11fa48bd39fa18,delivered,2018-02-07 13:29:38,2018-02-07 13:51:21,2018-02-07 23:39:22,2018-03-07 20:16:30,2018-03-08 00:00:00
6a414822703d8a6aacb01ee832683011,0f93791a30659ec73dce7d53b64fc8bb,delivered,2018-01-30 10:47:31,2018-01-30 11:40:21,2018-01-31 21:12:05,2018-02-15 19:28:47,2018-02-23 00:00:00
9dabf3a17045c583bdef7fdb08d07287,ab120cf1ae611a3eeee7cc34f3eeec22,delivered,2018-02-23 11:43:38,2018-02-23 12:20:29,2018-02-27 18:12:50,2018-03-10 09:42:40,2018-03-15 00:00:00
e05ff0b1f94aa4420894333587a2ff1b,1160a851f085cd83176e0e32dcbe2687,delivered,2018-02-24 18:25:25,2018-02-24 18:47:21,2018-02-27 17:48:57,2018-03-16 18:19:37,2018-03-27 00:00:00
682da741766046a2d5bb0e924158bc73,55d7aa9db123ac0a0edb65fe780bb28e,delivered,2018-01-04 12:21:02,2018-01-04 12:31:26,2018-01-09 01:19:26,2018-01-17 21:08:59,2018-02-06 00:00:00
68312204137d7cded8f29f0c09a87b06,448b1a16f67650b746c0c8e0dcfbea36,delivered,2018-02-11 16:35:36,2018-02-11 16:48:01,2018-02-14 23:32:41,2018-02-24 15:03:50,2018-03-06 00:00:00
24e7eb8286ce5ef529b9fcc4fe92ecb1,135ea3d76df7cd1000e7f62591ebfd18,delivered,2018-02-22 15:13:31,2018-02-22 15:35:25,2018-02-23 21:58:55,2018-03-10 17:41:58,2018-03-16 00:00:00
e3e1d2fe1c3f816ace8a772a4dff8a1d,e8f6f2dc565be3effe09647d2aa8d8fb,delivered,2018-01-11 16:30:15,2018-01-11 16:48:34,2018-01-20 00:04:28,2018-02-15 10:38:46,2018-02-05 00:00:00
c185967262e6222ac9a864b18647ebc9,4c914527d97677f2bfd1c65421adde6f,delivered,2018-01-23 14:48:15,2018-01-23 14:59:24,2018-01-25 00:22:35,2018-02-05 18:43:16,2018-02-21 00:00:00
893f7dbf0468472c94499e6143a45541,bd67767321f1daabd54569875f9a74cb,delivered,2018-01-15 16:02:22,2018-01-15 16:12:34,2018-01-17 18:42:46,2018-01-23 21:59:06,2018-02-06 00:00:00
29583d296cc7341cdde689ee5b9f7ccd,0edde23ca18770904c4a9f6a53168de2,delivered,2018-01-18 15:18:27,2018-01-18 15:36:25,2018-01-23 14:53:18,2018-01-25 18:22:27,2018-02-08 00:00:00
a97ceac85877d8753d3e47be01636ce2,ecabb42f176d5f366864bd4ed2fff95e,delivered,2018-01-11 18:24:16,2018-01-13 02:05:40,2018-01-26 18:29:17,2018-02-08 22:16:10,2018-03-09 00:00:00
8e8b51e17eee9ba8af38266e4c242549,d8680d7af781392083d4255c8e19379f,delivered,2018-02-08 16:22:06,2018-02-08 17:06:39,2018-02-09 18:33:11,2018-02-20 00:55:02,2018-02-23 00:00:00
15aaee8363bb9a9c8c77e095cf45ef5f,6f201a0062d12408fb6ac9f1e6395bd7,delivered,2018-01-21 18:52:06,2018-01-22 13:56:55,2018-01-25 15:53:04,2018-02-05 21:47:23,2018-02-20 00:00:00
d03ba703f83e314f2bad7505a1031522,44b0e19cde4e2cb4acf0dcd9f314f248,delivered,2018-02-07 21:33:54,2018-02-07 22:35:27,2018-02-08 19:35:25,2018-02-16 00:22:19,2018-03-12 00:00:00
d5cbbe1602100752cd72f9630321613d,d6f64ae60a50240b7d2dfb4bab157856,delivered,2018-01-04 11:55:05,2018-01-04 12:09:08,2018-01-10 16:09:53,2018-01-19 15:38:43,2018-02-05 00:00:00
22c129d6b11c5113aafece4670d8719d,9eb45fdc6a2ce8a586c45c00c905ba81,delivered,2018-02-11 23:36:34,2018-02-11 23:50:34,2018-02-15 22:23:57,2018-03-06 22:49:41,2018-03-14 00:00:00
f45bdf2f89997a72c2f4c9cb37c284cd,86bc7b8a34a40c88ad0b7d0cb8de17b1,delivered,2018-02-11 23:54:10,2018-02-12 23:50:23,2018-02-15 20:58:55,2018-02-26 15:58:13,2018-03-08 00:00:00
c84e2530cbce4be46027e60d09141460,8a76cd2af176031f530d4d9447adba59,delivered,2018-02-06 23:32:19,2018-02-06 23:49:11,2018-02-07 22:57:09,2018-02-09 20:53:30,2018-02-22 00:00:00
9089ae7edd24a60e79f8bd277e3c654d,e74dabd665393795b170d61e57db6f92,delivered,2018-01-02 16:15:29,2018-01-02 16:30:20,2018-01-04 15:07:20,2018-01-11 21:18:52,2018-02-05 00:00:00
ab07b6c48672e9876b9f11c746d98d3e,b1d1ede48fb8245ecb50d744ecd46068,delivered,2018-02-06 17:15:04,2018-02-06 17:32:27,2018-02-09 16:28:47,2018-02-14 15:15:21,2018-03-05 00:00:00
8c2836b61bd663d5d6bc64ee2ba06ac6,837dd01ec42575ff76e5b38c0fb5e4d5,delivered,2018-01-04 21:38:09,2018-01-05 02:35:24,2018-01-05 23:14:30,2018-01-06 12:05:05,2018-01-22 00:00:00
4be5f1347b9a783d77d8a9f5af069886,79859d97de80e479995cf1353d51dabe,delivered,2018-02-21 21:18:37,2018-02-21 21:29:19,2018-02-26 21:25:04,2018-03-06 16:48:43,2018-03-16 00:00:00
f674021e6e963d09499ccbadde19f214,e794d72c2f20aaf6ecb2242efea35b9a,delivered,2018-02-08 09:35:22,2018-02-09 10:13:50,2018-02-14 17:13:07,2018-02-26 23:32:57,2018-03-06 00:00:00
25f3c1b1bb343d4a5d3f63f418f02cda,70d44f620bdfdc3a12aabe9cfb111c3c,delivered,2018-01-30 21:47:52,2018-01-30 22:11:18,2018-01-31 20:56:50,2018-02-05 12:55:36,2018-03-01 00:00:00
0c83ca3fc3a83bd059a1834a8ffeb917,924a7f5e3822e366a9ed25271bad99b5,delivered,2018-01-28 11:43:06,2018-01-28 12:00:31,2018-01-30 21:42:49,2018-03-03 18:16:37,2018-03-20 00:00:00
1d99187d9f0f50da550071fbba6d50c2,222045e44210159d75ac338d6fd1bd05,delivered,2018-01-27 10:31:21,2018-01-27 10:38:21,2018-01-29 18:32:39,2018-02-03 00:22:45,2018-02-14 00:00:00
52a17b4eb2b183eebabe108b91962001,e3dc903c745deeb6a71693af97133ab5,delivered,2018-01-12 23:58:44,2018-01-13 00:55:24,2018-01-15 17:47:08,2018-02-08 23:25:41,2018-02-16 00:00:00
1f92ee0cb5a486074e52ffcecaa1dbd0,e12c68dd4db32c03ad19a62b5c3da912,delivered,2018-01-07 00:12:45,2018-01-09 07:17:42,2018-01-09 18:07:39,2018-01-16 18:46:40,2018-01-31 00:00:00
e5fc7f4bcc4ae399fce686f65db2584d,5541e6fbe6ae0f7e94270e33e66c696a,delivered,2018-01-17 20:42:39,2018-01-17 20:52:22,2018-01-18 19:42:54,2018-02-22 23:49:09,2018-02-23 00:00:00
20873a0e73e84e84c27c058b60a2e9f2,41cd568bae7b90524fc6f37523942bd8,delivered,2018-01-25 18:29:34,2018-01-26 16:34:13,2018-01-29 17:46:49,2018-02-16 21:00:04,2018-02-21 00:00:00
de5a2930a7d61f2dbf75078d7bfde0d4,faf44751a1b04dd9363e5dd2d8325854,delivered,2018-02-27 09:53:16,2018-02-27 10:10:20,2018-02-27 21:28:58,2018-02-28 21:55:44,2018-03-13 00:00:00
13b1842c7e0b9a22f8787450f137e66e,f051af5319b6968fe90ae56977a50904,delivered,2018-02-15 14:20:42,2018-02-15 15:00:28,2018-02-16 22:13:44,2018-03-14 17:26:36,2018-03-12 00:00:00
5f7e1556c341ffba69159bcbce87f2c9,8636aa7094b64c56c828f025018a6a44,delivered,2018-02-14 20:06:47,2018-02-14 20:15:37,2018-02-15 23:34:21,2018-03-02 15:37:49,2018-03-09 00:00:00
4d4add2b5baa4193d64a211acb6fb117,c094f4a9f12920e476335d963a872023,delivered,2018-02-27 23:19:55,2018-02-28 00:00:20,2018-03-01 16:43:00,2018-03-13 19:45:42,2018-03-19 00:00:00
a84a2c86f42a79c101ac5783d3881645,f846253dc08e8b7795097475a05ab860,delivered,2018-01-23 21:08:19,2018-01-23 21:20:26,2018-01-25 15:58:51,2018-02-14 14:35:15,2018-02-20 00:00:00
eb7ad8aef38707da6cf8a476dd47198e,7e27f4fc651dbbb8ef84aa9450dae2a5,delivered,2018-01-09 19:59:13,2018-01-10 10:32:18,2018-01-10 21:38:55,2018-01-11 17:14:40,2018-02-07 00:00:00
3ac0ffb709352d438749d4c180e10781,be5754bd42630f8f381c24daa762f613,delivered,2018-01-27 10:16:42,2018-01-27 10:33:58,2018-01-30 23:05:14,2018-02-05 22:23:36,2018-02-20 00:00:00
1987cfc8b059cc8a49d362fc64598db0,c22e071de80a5685d30ffdf9bd5e0a91,delivered,2018-01-05 13:55:20,2018-01-05 14:07:49,2018-01-08 19:07:43,2018-01-23 20:12:33,2018-02-06 00:00:00
4be9e4b74b98f6f4ef1fc829e2a41148,ba91d8d4f43c684f071274292c2aee5d,delivered,2018-02-18 12:55:10,2018-02-18 14:06:35,2018-02-19 20:23:59,2018-03-05 16:13:21,2018-03-22 00:00:00
6d6c3ad8291ffb9fd855faa127500137,122255f6f72c8210560b25b3b1a7bfc6,delivered,2018-02-08 20:39:01,2018-02-08 20:50:34,2018-02-27 01:19:11,2018-03-16 16:33:02,2018-03-22 00:00:00
8304cd42545c641d13b9165c7028c85a,11ec4bc0610184925acab62c1b0cd593,delivered,2018-01-15 01:26:08,2018-01-15 01:37:20,2018-01-15 20:56:46,2018-01-23 21:15:14,2018-02-14 00:00:00
6afe56a58c8b67e87e2abd3e88c4f41d,767e4ba055522e74663c7e2de6630844,delivered,2018-01-27 10:55:50,2018-01-27 11:16:00,2018-01-30 23:37:00,2018-02-01 22:18:47,2018-02-21 00:00:00
a828e0f4a94f745a43d3b3f238574074,1fa3c507d05b404a98c2edadd8a05030,delivered,2018-02-20 15:22:13,2018-02-20 15:35:46,2018-02-21 19:57:19,2018-03-02 23:51:38,2018-03-12 00:00:00
09b457f1152126535a2e7d4a3b73ff6f,63eba5144d1e863052f1b154a402b7bb,delivered,2018-01-02 16:17:41,2018-01-04 05:14:12,2018-01-04 22:44:04,2018-01-05 17:07:30,2018-01-18 00:00:00
1cde9001045df230785548237295c58b,c8bbe53cb751f3c380c8ac856f857b55,delivered,2018-02-09 18:03:47,2018-02-10 18:15:22,2018-02-15 16:43:02,2018-02-17 15:03:11,2018-02-23 00:00:00
164a6c920f4a6f51223792333af13e24,2fb547e1f38b78f5f2073b68ceee4f53,delivered,2018-01-13 01:18:04,2018-01-13 01:28:35,2018-01-15 13:48:20,2018-01-30 00:38:48,2018-02-16 00:00:00
0da25668cbbfcf7a7b42a0bfe2c0b17a,90f6906ac49a9c660fbe41ba45800bb2,delivered,2018-01-06 22:30:05,2018-01-06 22:37:22,2018-01-08 17:30:05,2018-01-16 19:27:47,2018-02-02 00:00:00
4ad760354457429a4d9206e508608268,a9bafa3709ad518f5ee4cce33af62751,delivered,2018-01-07 21:18:44,2018-01-07 21:28:32,2018-01-10 00:03:18,2018-01-10 20:18:40,2018-01-24 00:00:00
24267e9ef015f70b3384d69836dbc301,6bd23e882e4beee412426e5b7d68655c,delivered,2018-02-26 16:59:22,2018-02-26 17:15:39,2018-02-27 20:14:54,2018-03-01 22:56:37,2018-03-12 00:00:00
78b7aeae3630346231847e749bfd8a18,064ece0e47fb67c948399c1c0f481695,delivered,2018-02-18 14:10:25,2018-02-18 14:46:33,2018-02-19 17:45:06,2018-02-26 20:43:14,2018-03-09 00:00:00
a3fe72e4a708a8e7c2d2b686d3a457ac,2f6644e65ff6a076a99865af4c7201e8,delivered,2018-01-07 17:33:13,2018-01-07 17:46:57,2018-01-09 22:56:47,2018-01-10 19:28:40,2018-01-24 00:00:00
06ae7271902bbb087fc093137fee6e81,1a1b5f9e903aa3c203caf5cb63fca2b1,delivered,2018-01-19 21:07:32,2018-01-20 09:09:35,2018-01-29 20:17:05,2018-02-20 19:27:20,2018-02-22 00:00:00
81d9549a0a8197c72b338f870174f397,3799b47e65ccc4c1e46c70278f711345,delivered,2018-02-22 20:02:39,2018-02-23 14:40:29,2018-02-27 02:34:05,2018-03-21 20:19:00,2018-03-19 00:00:00
9af0eca03dbb9e88a22037a282c3b7d4,c1a4fc58c4f59c4607372b85f3b968a9,delivered,2018-01-25 20:34:43,2018-01-25 21:28:12,2018-01-26 22:09:22,2018-01-30 15:08:46,2018-02-21 00:00:00
031096cba2ef517ed59888ecb13d69e2,b5819fde21e7b125acfb1977d116e4b2,delivered,2018-01-11 20:48:11,2018-01-12 02:36:38,2018-01-12 22:32:57,2018-01-16 16:33:56,2018-01-26 00:00:00
ed0c1b3fab332408945a98ebf6224bdb,cec25e74aaf4118c600a09a96365b487,delivered,2018-01-08 17:04:25,2018-01-11 10:09:02,2018-01-11 19:54:51,2018-01-22 21:08:43,2018-02-15 00:00:00
9f35328dc92b28c67517b812818dc6a8,0590c3c795016c3e5eea083a2e1f21b7,shipped,2018-01-28 18:08:56,2018-01-29 18:12:16,2018-01-30 18:08:45,,2018-03-02 00:00:00
814707e8df2523bcaaa907ccf2509212,83c0d28b5d80d2725c0c9da9fcbecf62,delivered,2018-02-15 22:38:42,2018-02-16 14:32:32,2018-02-16 17:28:33,2018-02-24 00:13:37,2018-03-08 00:00:00
6c240e91c9702ad9f9837dc329aaf475,a6539a023af66941ded3f5f9a6bdf0b0,delivered,2018-02-17 19:08:27,2018-02-17 19:30:26,2018-02-21 21:27:53,2018-02-26 21:43:39,2018-03-06 00:00:00
bff4ece9fb17abc1ce53f6fcaa7949d5,2758f5c95b77928e1a1b34ee48e6c8ff,delivered,2018-01-18 14:07:53,2018-01-18 14:18:26,2018-01-19 00:32:44,2018-01-19 22:09:00,2018-02-02 00:00:00
a2344ae300ac3c903f74d04494e45a2e,88e8338add1d62679672163d8018de2b,delivered,2018-02-23 11:50:18,2018-02-23 12:31:41,2018-02-28 02:35:33,2018-03-05 20:28:48,2018-03-26 00:00:00
2f7ba623f95dc3038a0a6ffd1ff0ee05,ef3507482071764374d15fa9a2daf229,delivered,2018-02-04 23:30:40,2018-02-04 23:49:48,2018-02-06 20:45:58,2018-02-20 00:35:52,2018-03-13 00:00:00
9827d07ad9392a9fff10d7b9f6c05f7e,0beba8a16f9047a73075e82b17892256,delivered,2018-01-31 15:56:09,2018-02-01 15:50:43,2018-02-03 14:44:45,2018-02-08 18:18:34,2018-02-23 00:00:00
622dd1cb69dbde1c7e0685d12015a2da,d9f3d0cf8f434367e59ed7db2eec21e4,delivered,2018-02-10 15:47:49,2018-02-10 16:00:32,2018-02-14 15:52:15,2018-02-16 22:41:43,2018-03-02 00:00:00
89f6cc8eda8f3816bc27f9ec621ae6e7,ee3887e1bec435a943e9c40e556007b8,delivered,2018-01-10 10:53:49,2018-01-10 11:31:43,2018-01-11 12:18:08,2018-01-19 16:45:00,2018-02-06 00:00:00
39fe0f3cac902673a46b974f5d4a8528,99cfa33517b4d40116b8f33c18ea24c7,delivered,2018-01-05 15:07:53,2018-01-05 15:28:08,2018-01-08 18:57:10,2018-01-09 13:52:10,2018-01-30 00:00:00
e703b57c60a71b0b7cae20a5209efea2,2b64bce339e8c42e61b87f2b245bd876,delivered,2018-02-22 12:04:32,2018-02-22 12:29:22,2018-02-26 21:09:33,2018-04-02 23:26:57,2018-03-20 00:00:00
df3e4e0056f83d44b57664f39f3dba9d,91189b185800429594efe83d99aa9964,delivered,2018-01-27 18:47:46,2018-01-27 18:56:26,2018-01-30 21:08:40,2018-02-07 23:35:04,2018-03-15 00:00:00
2ec431d5717503cb73217f7f1e748781,02f5bb96a7c684c31294d541b6723828,delivered,2018-01-18 20:37:48,2018-01-18 20:53:44,2018-01-19 16:54:27,2018-01-30 20:08:51,2018-02-15 00:00:00
9ee00d9d44d9a242646b54a038c288cc,b53366ff048ac96275d312d7f18e5a3b,delivered,2018-02-22 22:59:05,2018-02-24 02:50:48,2018-02-27 23:48:53,2018-03-02 19:04:14,2018-03-08 00:00:00
8711e162ef4e4e3a2e036a5ea880b844,ffa2449ce37e10c87dbdd64149e6ddde,delivered,2018-02-22 09:05:27,2018-02-22 09:15:31,2018-03-07 23:03:50,2018-03-24 13:08:29,2018-03-14 00:00:00
af393d2317ee5dd4362190cd7b2f80a6,47c22d46ccec17dbeb4a1b4049014abe,delivered,2018-02-05 12:00:14,2018-02-05 12:15:37,2018-02-09 17:52:07,2018-02-24 20:45:06,2018-02-23 00:00:00
7856cc6567e7f703152d17ff0c152e3c,3327a56e01d175d6a2885ae4452638ec,delivered,2018-01-20 14:12:25,2018-01-22 14:18:21,2018-01-23 19:04:57,2018-02-01 20:12:04,2018-02-23 00:00:00
9b7e31b52614093d8662625b545aad40,662bd2ea971f732c950391bcdec84eda,delivered,2018-01-12 21:55:37,2018-01-12 22:27:57,2018-01-19 01:58:57,2018-01-27 00:41:34,2018-02-07 00:00:00
138849fd84dff2fb4ca70a0a34c4aa1c,9b18f3fc296990b97854e351334a32f6,delivered,2018-02-01 14:02:19,2018-02-03 02:53:07,2018-02-06 19:13:26,2018-02-14 13:41:59,2018-02-23 00:00:00
a4edc7e0283cbdee6aa06b9a75dcd5f1,94950f8967d24eec282fa9968e1fc7e0,delivered,2018-02-19 20:56:26,2018-02-19 22:26:54,2018-02-20 19:19:11,2018-02-26 12:38:52,2018-03-13 00:00:00
32fca0b6c17b41f74526dbe519809d8b,c837ceab73293b8742bf6c2e65e9191b,delivered,2018-02-13 16:35:48,2018-02-13 16:47:58,2018-02-14 23:29:03,2018-03-12 16:38:43,2018-03-16 00:00:00
72366f977e624d8ec1d8cbaadbbf3c7a,64dffc44afdc3b21fc678ea8e14b7cb3,delivered,2018-01-30 15:07:08,2018-01-30 15:15:35,2018-01-31 22:22:48,2018-03-05 17:08:58,2018-03-02 00:00:00
3fa59277573f0fe06ece044ebec2eb02,ee1fb534e64d33fcb16a1023dc721a24,delivered,2018-01-12 21:59:20,2018-01-16 03:34:38,2018-01-17 19:19:04,2018-01-22 18:29:14,2018-02-07 00:00:00
8a3b0656569be8cae2c31bd2718b3f63,7bc83bfe8058b1bdefa4a84bcfc8af0b,delivered,2018-02-27 21:50:36,2018-02-27 22:35:24,2018-03-02 00:52:09,2018-03-07 20:36:51,2018-03-22 00:00:00
d758100ceb4279fced396414f81a069e,66a1a031ff413f4176089b2f9d68f01d,delivered,2018-01-24 16:42:11,2018-01-24 16:55:44,2018-01-29 09:52:42,2018-02-01 23:33:27,2018-02-16 00:00:00
f442020e13b718d40746ce039d97b4c2,1e141bc0578f55009f9a7ba90d846d75,delivered,2018-01-04 15:29:14,2018-01-04 15:47:21,2018-01-05 19:48:58,2018-01-09 19:16:34,2018-01-31 00:00:00
43c97b638252a2fdcaa52a6aeb91e7e0,7235bff0c390209cf783321633584b4a,delivered,2018-01-06 15:10:36,2018-01-06 15:29:21,2018-01-10 16:12:11,2018-01-22 20:16:55,2018-01-31 00:00:00
46cdb74fc020d853a9d8d5100b77dfe5,d399f99a4070fd5fdcd24f4d7f43a217,delivered,2018-02-16 10:13:03,2018-02-16 10:27:58,2018-02-21 20:58:57,2018-02-27 12:34:04,2018-03-14 00:00:00
5defd0236f15e552d007f413fd3bf85a,11394c09fa2c70c4c2d64e368e227378,delivered,2018-02-11 16:42:12,2018-02-15 03:55:46,2018-02-16 23:58:40,2018-02-26 19:53:49,2018-03-09 00:00:00
048fc26beee4f076edae01e578a13fc8,de03ab6aea61b6836c69336629f2a101,delivered,2018-02-12 09:16:15,2018-02-12 09:48:47,2018-02-14 22:07:27,2018-02-15 21:33:48,2018-02-26 00:00:00
ba87f0ac948c4b79c4c6faf863b153f0,bb64979ec39706aac2d6bfe15948a5c0,delivered,2018-02-03 18:28:57,2018-02-04 00:09:49,2018-02-06 15:47:07,2018-02-14 19:38:49,2018-03-01 00:00:00
fff1e3e76b816bfe8ef16678cc53c643,e194b91a5dac87c84cc54a7ed3fdad7a,delivered,2018-02-27 08:35:05,2018-02-27 09:08:53,2018-03-02 20:04:21,2018-03-07 14:49:33,2018-03-26 00:00:00
0f4f07de4a8aaaa5b16fef24f10b1d1d,a5d2b093ce49ccdc64bedb68b856ac5e,delivered,2018-01-06 11:36:52,2018-01-06 11:48:30,2018-01-08 14:54:59,2018-01-19 14:33:09,2018-02-09 00:00:00
914b9f8c467264d57ba0df4ee274dd0e,cc5eb0cc159057a89bf808454eab21ca,delivered,2018-01-29 09:34:13,2018-01-31 13:32:25,2018-02-03 00:39:41,2018-02-11 18:03:53,2018-02-14 00:00:00
ef6cae0913beb2c708d2305fa7c2764d,745f4f23b7e50c87101800a29dec4d5c,invoiced,2018-01-17 05:12:49,2018-01-17 05:29:48,,,2018-02-02 00:00:00
7ba7dee84bae0fca47debc26d678f07b,d548e62990093d77a050736b912714b3,delivered,2018-01-05 18:05:56,2018-01-05 18:16:31,2018-01-09 22:56:57,2018-01-16 21:58:47,2018-02-02 00:00:00
e8f84840b3e83e5d117325aad1ba4d50,dd8a1f106e2a416211230862df1224a2,delivered,2018-01-03 10:06:45,2018-01-03 10:18:38,2018-01-09 16:32:31,2018-01-10 12:22:04,2018-01-19 00:00:00
43f08913407cac4e74a898d968e58c1a,fff7466a253c0e59499ea943462c10f9,delivered,2018-02-14 13:22:12,2018-02-15 04:11:01,2018-02-15 18:55:13,2018-02-19 19:44:52,2018-03-07 00:00:00
eda850474bf71f5b4264dcd0dabbdff1,bb69f8f77059a3d1c6bb2242b10b4f56,delivered,2018-02-05 22:41:13,2018-02-05 22:50:45,2018-02-07 14:42:48,2018-02-14 18:39:06,2018-03-01 00:00:00
45740a308b5fc8b1b65daa77e9f6a8a7,bb289a608c37486d57ba8130910b5135,delivered,2018-01-05 20:02:56,2018-01-05 20:12:24,2018-01-09 23:58:47,2018-01-16 17:03:20,2018-01-31 00:00:00
f67e663b2ff655ebf56d06f6fe7f6a97,b0d611da05e980fa9beeec62f772ceb5,delivered,2018-01-07 18:30:33,2018-01-07 18:39:17,2018-01-08 21:45:01,2018-01-24 18:51:34,2018-02-07 00:00:00
963cb654293e98ba41a3c609d2c3ca4d,34c7072b051e4df2c2a048d2db72edaa,delivered,2018-01-23 18:58:56,2018-01-24 15:58:05,2018-02-01 01:21:15,2018-02-15 18:33:12,2018-02-20 00:00:00
c4dea722964c1f4d4a32417dd68947b2,5c8b211080a8e9360eb536ab712f4993,delivered,2018-01-17 11:26:30,2018-01-18 02:11:32,2018-01-23 22:23:24,2018-02-05 16:57:40,2018-02-21 00:00:00
df6c1db4ad957928715a81ce54563895,e65566ca7c20dc6d217ca2849f419836,delivered,2018-02-13 22:54:17,2018-02-13 23:07:42,2018-02-15 16:04:49,2018-02-20 18:17:05,2018-03-06 00:00:00
4d15fa859019443a04411eea14fe841d,dd54a565c64d6feaf4430f69b4f53bd3,delivered,2018-02-18 19:48:36,2018-02-18 21:20:20,2018-02-28 22:38:49,2018-03-09 21:45:22,2018-03-23 00:00:00
ef8243f801a15b9b4b364d15d8e9dfd6,65309c5241d286f148b3ebf5f81a3e1c,delivered,2018-02-14 19:11:25,2018-02-14 19:28:15,2018-02-22 20:52:59,2018-02-24 00:18:51,2018-03-01 00:00:00
0d3932a3836fab6762836714e0eee9ae,a175acdd7db7e143800f80a43e468b1d,delivered,2018-02-27 22:17:09,2018-03-01 02:35:41,2018-03-08 00:09:39,2018-04-14 08:14:50,2018-03-28 00:00:00
b570dd6ed360911428867a6962dee65b,1ab6843063af57afe30595a3444467cc,delivered,2018-02-07 20:45:24,2018-02-07 20:55:55,2018-02-09 23:03:59,2018-02-22 16:59:49,2018-03-09 00:00:00
bcc786c10284d63d8d4c8a0a8c98428e,5cd7b9a71c9e3e244d8415f996c091ac,delivered,2018-02-02 16:36:06,2018-02-02 16:56:06,2018-02-06 01:04:28,2018-02-15 17:22:56,2018-03-08 00:00:00
54222af95be89a263082f3998e8bf8a0,3a2eba7ed9f9013e842467ecdc53c640,delivered,2018-02-21 13:20:01,2018-02-21 13:35:41,2018-02-22 17:48:49,2018-02-26 18:34:49,2018-03-14 00:00:00
dcd164b97935d9b049b44ce46d77d06f,d9c6e0ae5cd7e0b0d5464394077dec8f,delivered,2018-02-28 14:08:26,2018-02-28 14:31:03,2018-03-05 19:58:44,2018-03-22 20:33:55,2018-03-22 00:00:00
9a900606a9398af4cfd33ef935bb00ed,5167b413ed29851e90f2f7546b3b8328,delivered,2018-02-20 21:52:59,2018-02-20 22:08:06,2018-02-22 19:04:31,2018-02-26 17:45:39,2018-03-16 00:00:00
9afc3cb01a0ea4182843faafb5e9239b,90cb84b970413faa4719dc46b94f0590,delivered,2018-02-16 16:35:22,2018-02-16 16:46:56,2018-02-20 00:38:58,2018-03-03 13:28:51,2018-03-13 00:00:00
db21eaa63f7c06553ad9d2d4f25e41d4,7ea120e1e7358d3195f86061f8a95efe,delivered,2018-02-28 12:33:09,2018-03-01 02:49:17,2018-03-01 17:16:55,2018-03-19 22:29:40,2018-03-19 00:00:00
62c4fd481d60fc62e465737c7f09ee92,4865ae2e1e65f3f21f22e0d481915868,delivered,2018-02-28 13:40:50,2018-02-28 14:50:15,2018-02-28 23:52:16,2018-03-02 17:51:56,2018-03-13 00:00:00
f025bb97dddaa40dd4f6132f1a13abc9,07d57c4ab3e35e1f8d78c7c816f9ec6c,delivered,2018-01-21 20:04:16,2018-01-23 03:52:33,2018-01-23 22:51:54,2018-01-31 00:32:21,2018-02-19 00:00:00
065963d921de479181824ca8d8737935,39c97375f33b48f0e40142121854d6ec,delivered,2018-02-07 20:18:59,2018-02-07 20:33:09,2018-02-16 18:53:24,2018-02-26 14:26:43,2018-03-09 00:00:00
95f7c9a70e61538871a0c98ac42654d7,057212a7e2c0390b177a21009184b294,delivered,2018-02-28 18:05:46,2018-02-28 18:15:32,2018-03-02 00:15:08,2018-03-21 22:17:22,2018-03-26 00:00:00
c6ef8f535ddcebf7bf83a7def3978535,96263cc7984dc43d894baf9edbd4e314,delivered,2018-02-15 13:36:04,2018-02-16 07:50:36,2018-02-16 17:28:32,2018-03-05 22:51:34,2018-03-12 00:00:00
c73b0385112900ca02c36977ef4796a8,a53aa3517331b508cb1acc1c5fa8a9c8,delivered,2018-01-30 18:33:05,2018-01-30 18:51:17,2018-01-31 21:26:46,2018-02-01 21:18:33,2018-02-15 00:00:00
8927ff5642f163b8ea13371f33cca0f8,88e865cdbf3c499bd2c69dd3630a5276,delivered,2018-02-02 12:10:50,2018-02-02 13:15:25,2018-02-05 23:59:45,2018-02-16 14:15:04,2018-02-26 00:00:00
76a948cd55bf22799753720d4545dd2d,3f20a07b28aa252d0502fe7f7eb030a9,delivered,2018-01-30 02:41:30,2018-02-04 23:31:46,2018-01-31 18:11:58,2018-03-18 20:08:50,2018-03-02 00:00:00
92f97273c78223051feb42da04c49cbe,9d57dfa1766130e4c5f63c2330539667,delivered,2018-01-05 11:19:42,2018-01-05 11:28:26,2018-01-05 20:14:16,2018-01-10 16:09:14,2018-02-07 00:00:00
bb8fe9bf968acfff626cedabf06d766d,6679db113c1c462e61cb5c016df040b9,delivered,2018-02-21 14:12:37,2018-02-21 14:31:05,2018-02-28 01:03:58,2018-03-02 11:18:55,2018-03-07 00:00:00
4f8c25939ba36d08d148252e8b3846f1,2d39c751e91d476e9ff8b770eea07a99,delivered,2018-01-06 19:11:08,2018-01-06 19:18:20,2018-01-11 17:59:30,2018-01-23 23:26:40,2018-02-08 00:00:00
441c901e2503e4802ab098944bf13df6,4111e75859e048628882fda7bc71f6ba,shipped,2018-01-04 12:38:02,2018-01-04 12:49:47,2018-01-09 20:33:48,,2018-02-02 00:00:00
ebdf9151853ce53a5b0606bcaecfa496,3693addb34dbece0338f511bf16bb99f,delivered,2018-02-11 16:39:25,2018-02-15 04:10:57,2018-02-15 22:41:44,2018-02-21 18:34:14,2018-03-05 00:00:00
d88bc916d7a63d1ba7acb546f73221a6,7c4e5904ef1afb0cd43a369ea4dfd2e5,delivered,2018-01-21 12:09:35,2018-01-22 13:48:41,2018-01-22 21:42:26,2018-02-06 23:22:03,2018-02-19 00:00:00
d0375554c3dba35f2633a701e75dd183,896807dd9f58b14b33035ffaf3591801,delivered,2018-02-23 10:11:58,2018-02-23 10:35:49,2018-02-28 02:09:10,2018-03-03 19:39:01,2018-03-09 00:00:00
b34d30e8a140c9f9013790b80ef922ca,51f0f56c7923494196915675ed694705,delivered,2018-01-08 15:16:33,2018-01-08 15:27:54,2018-01-11 13:19:22,2018-01-24 14:55:06,2018-02-01 00:00:00
cda82176c91630890ede0612789bfa1e,a60a5c90a3dac75f0e186feb2d8985ef,delivered,2018-01-20 10:40:15,2018-01-20 10:53:20,2018-01-23 12:28:27,2018-01-29 23:03:39,2018-02-19 00:00:00
64f5fd87174ba865c091f3ceabeaf0e3,ce0ceb45fe0c526c8b6959f36131687f,delivered,2018-02-09 09:31:08,2018-02-09 10:14:05,2018-02-15 17:31:20,2018-02-18 12:54:38,2018-02-23 00:00:00
1756895428025c2821aed95304b24fab,5a90682cd27ad9775778b346b7d53044,delivered,2018-01-22 16:15:09,2018-01-23 03:38:57,2018-01-24 19:19:00,2018-02-05 15:37:03,2018-02-21 00:00:00
95820ac4fd93f004aa579562aa61bb55,01095519ab759274152540845a1d2004,delivered,2018-01-16 11:21:08,2018-01-16 11:32:09,2018-01-17 21:42:46,2018-01-22 21:25:05,2018-02-14 00:00:00
e131f6ad498a67f7d30e5cc9702a3d99,c3b654b6e5f9e0be36d1905e677b187f,delivered,2018-01-30 22:59:55,2018-01-30 23:16:35,2018-01-31 20:04:44,2018-02-17 10:48:59,2018-02-23 00:00:00
75ed575ff4b09f901b32e4e7c0f809fb,ff4abe97b3faf9cfaf3c96b04e2a7101,delivered,2018-01-11 16:52:03,2018-01-13 04:54:20,2018-01-22 21:47:56,2018-02-05 13:00:03,2018-02-07 00:00:00
83314981d658f63a24c17fb1133e2c74,154df1bc4015dcbf9423f52bb190abff,delivered,2018-01-17 08:43:28,2018-01-17 08:51:27,2018-01-17 20:17:00,2018-01-18 16:54:47,2018-02-01 00:00:00
563404de47cdc6763e7eced487016b66,41a0f53af758a122ca3c491b62ee4949,delivered,2018-01-02 17:46:40,2018-01-02 17:56:43,2018-01-03 18:17:51,2018-01-10 15:57:20,2018-01-24 00:00:00
ac6e61336e852cdc45fe59ada3763a66,e1f09167be22498491232558d51453d3,delivered,2018-02-06 12:16:52,2018-02-06 12:30:44,2018-02-07 17:56:37,2018-02-14 14:03:40,2018-03-06 00:00:00
b844add966de00013e16ef47fcad17c5,48beca9a75c059cd8e3cbd6a65a486c2,delivered,2018-01-13 21:55:44,2018-01-13 22:09:38,2018-01-15 22:22:31,2018-01-23 17:17:04,2018-02-07 00:00:00
ba6f6f90eeff8fa9dd5b4ec6ed8196af,559aed281eceafa5b472042c7b82b0c5,delivered,2018-02-22 23:31:29,2018-02-22 23:47:50,2018-02-24 01:16:24,2018-02-25 21:57:32,2018-03-08 00:00:00
58c3b9078e5980f72acd38350898f93d,d3cb6584f820e1ade0b4c054fe5b0e1c,delivered,2018-01-22 12:07:05,2018-01-22 14:54:24,2018-01-31 20:36:58,2018-02-16 13:32:04,2018-02-16 00:00:00
255cc1a34da986dba8ba04bc67dc4d03,7a85a823eed61d724a4682d535d7342f,delivered,2018-01-05 20:50:04,2018-01-05 21:09:15,2018-01-08 23:19:01,2018-01-25 17:27:07,2018-02-08 00:00:00
b1e45a9d2437f4116c3ff5de92d2a527,adac4d8a949f5d6da185e384a4140b18,delivered,2018-02-09 23:56:01,2018-02-10 00:10:32,2018-02-14 21:38:57,2018-03-12 22:18:31,2018-03-15 00:00:00
9f188fd1c4dddf39da5a0db98006c240,74a8a3b6fe196b1c69c14c15bd62eb2d,delivered,2018-02-01 23:20:38,2018-02-02 23:10:50,2018-02-06 14:54:43,2018-02-23 22:49:23,2018-02-23 00:00:00
308bf37f155004751f789aff2afabaff,e2f49fd9379b49d1342be76e9b095afd,delivered,2018-01-26 09:49:40,2018-01-26 09:57:28,2018-01-29 19:57:10,2018-02-03 02:06:13,2018-02-19 00:00:00
fb123940cf8a433a0e596edf92995089,66a5bf9dc03c0365992c47c132b40c0b,delivered,2018-02-25 09:44:30,2018-02-25 10:08:37,2018-02-27 02:09:19,2018-03-05 20:05:07,2018-03-20 00:00:00
bddefbbabdeabb0d94eff71a795f5ef5,f129f917dbb46b91a85be24af8fceb4f,delivered,2018-01-19 16:39:54,2018-01-19 16:59:56,2018-01-22 14:33:39,2018-01-31 11:26:41,2018-02-15 00:00:00
3595f0807aca4cae0d917447763fb078,f10bede7fdee22ce94b43d2f699b7b51,delivered,2018-02-10 10:05:04,2018-02-10 10:28:02,2018-02-14 18:07:30,2018-02-21 02:52:19,2018-03-07 00:00:00
4d2e19ae56a1a07f7e506913229d76fa,368cde2b50c8d9b3f6eb285f544de77c,delivered,2018-02-12 21:18:43,2018-02-12 21:30:30,2018-02-16 02:47:25,2018-02-26 22:48:45,2018-03-12 00:00:00
a557df88b44a07cf9885eb897089f0f9,bbd19dc1cbec6e7a4de9dd1ea15e2691,delivered,2018-02-12 00:32:17,2018-02-12 00:50:33,2018-02-19 23:52:18,2018-03-07 16:56:58,2018-03-28 00:00:00
8ac09207f415d55acff302df7d6a895c,2d8bf5f6862af587af2e0b085a04bf0d,delivered,2018-01-29 14:50:01,2018-01-29 15:18:37,2018-01-30 17:36:57,2018-02-01 15:43:08,2018-02-14 00:00:00
89fda551a6bc59c3a9d868a580cc6ca6,c1668d67ed2fc31300b5c2e60a709111,delivered,2018-02-22 14:47:02,2018-02-22 14:55:34,2018-02-26 14:49:17,2018-03-06 00:45:01,2018-03-14 00:00:00
0db1181e0778609b581bf9a95b17f313,87c195c16ba427c0f0f60d6d6d67a312,delivered,2018-01-13 14:50:01,2018-01-16 03:50:01,2018-01-16 17:37:06,2018-01-22 19:45:04,2018-02-15 00:00:00
3d3047f50d4d6bee7d15f08de007146a,f4a6186958b0d272ad9a39b847891a87,delivered,2018-01-17 15:35:48,2018-01-17 15:48:36,2018-01-19 21:26:05,2018-01-26 14:18:27,2018-02-07 00:00:00
b237e3e48b008b3ee341df062216e47d,a2364bcc6f7b38a923af0e7d939ecb0b,delivered,2018-02-05 00:09:43,2018-02-05 00:30:36,2018-02-06 16:46:30,2018-02-14 13:09:26,2018-03-01 00:00:00
6ac3c585ab15fac9309ab89d0694e3f0,f3b0ea4132efaf9ff55239071923b689,shipped,2018-01-02 13:00:12,2018-01-03 04:32:33,2018-01-09 17:29:12,,2018-01-31 00:00:00
4e74c91d859c944fa7c652b9f05f7fce,f8b7b4526234c27bd2c91b7a3c1b4775,delivered,2018-02-05 19:26:40,2018-02-05 19:50:08,2018-02-06 22:23:22,2018-03-21 20:27:20,2018-03-01 00:00:00
4e0ca3ddec6976623213dab02333d917,e0df7f269b8ed0e7400dfa99dae746ac,delivered,2018-01-15 01:47:25,2018-01-16 03:34:38,2018-01-16 16:39:13,2018-01-18 15:23:06,2018-01-30 00:00:00
1cdf08cbcdf54f3af0334e791934b089,f05c8666e4e9bb959c62b9e5ae230820,delivered,2018-01-26 13:59:49,2018-01-26 14:22:13,2018-01-29 18:51:12,2018-01-31 23:36:40,2018-02-09 00:00:00
7378621b4be10c02f302cebc32aae15b,5870406bb766120381cd88c32258f70e,delivered,2018-01-07 23:15:22,2018-01-07 23:27:42,2018-01-11 20:28:32,2018-01-26 12:14:52,2018-01-31 00:00:00
073df773abf715c8e62c999668a9cc49,b9d095a7a09c65f3d87e79d02da2afad,delivered,2018-01-14 19:55:00,2018-01-14 20:09:18,2018-01-16 20:37:04,2018-01-25 14:48:12,2018-02-07 00:00:00
a328c24c32a2e3815402210e8bb95c5d,0af7fa6075b712e4e90ee3b1ca759872,delivered,2018-02-08 20:01:54,2018-02-09 20:07:57,2018-02-22 11:47:13,2018-03-05 21:58:30,2018-04-05 00:00:00
e0e878e7eefd915b86e8b5714374642f,2641ed152a01cc9e2039a4f804b1d00e,delivered,2018-01-13 19:00:59,2018-01-13 19:10:09,2018-01-17 13:15:09,2018-02-06 14:41:31,2018-02-08 00:00:00
df466fb774f8f20a2cca22211d35b778,7824c8b07c7b46bdc97bf07d618a524c,delivered,2018-01-28 19:26:06,2018-01-29 19:31:40,2018-02-02 01:18:13,2018-02-09 16:36:46,2018-02-20 00:00:00
10ccb4dc0cc0d605b71afdcf4584128e,e7a585d75baacb6b90108f280475324d,delivered,2018-01-19 14:06:44,2018-01-19 14:17:18,2018-01-23 01:58:34,2018-02-10 13:36:49,2018-02-09 00:00:00
7af39c02428c4dfc3c4addfe65198837,e70a0538bbd5501339fee6675bec20ee,delivered,2018-02-04 19:45:54,2018-02-06 03:48:33,2018-02-08 21:19:41,2018-02-20 21:59:01,2018-03-20 00:00:00
40a6a2ccfc8d35aaf5f5444635c1bfef,49e9f5d81bf71dbcb4b68818df039e46,delivered,2018-02-12 18:12:10,2018-02-12 18:30:23,2018-02-15 16:16:44,2018-02-17 14:32:49,2018-03-01 00:00:00
de4d7dbc75ae286c83ca660d77ac9f77,386b21caa1c9879e1f2aea59128cb479,delivered,2018-02-19 18:50:41,2018-02-19 19:50:44,2018-02-20 22:54:02,2018-03-15 16:38:48,2018-03-13 00:00:00
160785e29f32dad981f631989203a58b,3d26bf7e44e447da5922e141464ecb8c,delivered,2018-02-15 15:09:15,2018-02-15 15:27:10,2018-02-17 00:24:55,2018-03-22 22:27:34,2018-03-15 00:00:00
36c7f50567d882b974a2294acf6f15c3,3f8aed31c455b3ca8e1fcf3b541eaaf6,delivered,2018-02-14 16:25:15,2018-02-16 07:50:32,2018-02-16 17:56:55,2018-02-23 16:23:42,2018-03-13 00:00:00
4b20ac5099cdb7bcec3f8dfa89bdbdbe,666cc18bf39036f9df73b917861a5eb8,delivered,2018-01-27 10:33:44,2018-01-30 05:31:37,2018-02-15 14:07:36,2018-02-21 18:25:30,2018-03-15 00:00:00
0379c7b005e9be5439462ece4e356341,3d5851730e87c65aa5fc8e706c859c84,delivered,2018-02-21 10:52:51,2018-02-22 02:15:45,2018-02-24 12:52:53,2018-03-12 23:05:00,2018-03-20 00:00:00
f95e68e0a929684e9e406ad28d6604a3,0cfe7792c4a6d243bbd920c0d71a9c46,delivered,2018-02-23 19:53:43,2018-02-23 20:10:25,2018-02-27 00:27:10,2018-03-13 21:07:05,2018-03-19 00:00:00
05cdf90df5dcc062b68cd8b3803f6228,9ff742af578d72bce31bf2975d05ee87,delivered,2018-02-07 12:04:39,2018-02-07 12:31:11,2018-02-09 18:55:04,2018-02-19 18:49:16,2018-03-08 00:00:00
dbb728f551a0cd006a52d16c47834040,f78aeb91a981b197e077743d8711f1ea,delivered,2018-02-25 19:26:38,2018-02-25 19:35:28,2018-02-27 02:27:03,2018-03-09 18:28:32,2018-03-22 00:00:00
ac1e7b549740ac1a3e2ff3922d290e27,b4645427a641aee53c205d38e34dd5eb,delivered,2018-01-05 20:50:14,2018-01-06 02:31:40,2018-01-08 18:33:25,2018-01-24 23:23:06,2018-02-06 00:00:00
f4292190db56513f0a25ed9fa7fd2f10,7535c2b0ea212f291e0379e60a80888c,delivered,2018-01-03 10:05:57,2018-01-03 10:14:32,2018-01-05 19:45:57,2018-01-09 17:59:04,2018-01-26 00:00:00
3f190e71518c682ad72ef9b6623a7231,d9e84848db3cf9bd9355887825249f9c,delivered,2018-01-08 08:06:06,2018-01-08 08:16:23,2018-01-09 18:07:43,2018-01-13 11:36:59,2018-02-14 00:00:00
e407655a139ac261ec2f43315ea354d9,145ab3eb2ae5caaed9ce924fd138cd48,delivered,2018-02-21 11:05:24,2018-02-21 12:05:22,2018-02-21 21:53:13,2018-03-06 18:21:56,2018-03-19 00:00:00
ab07cace6203ea7cea4ce239af99242d,2075197b8dd1fd7d264efd5d68fa2c97,delivered,2018-02-22 00:27:41,2018-02-22 00:48:35,2018-02-22 19:48:02,2018-02-28 20:17:48,2018-03-14 00:00:00
4b79da007cc374ddaaa469af64c51cf4,2e7c6170cb5ed014b86c1cccdce049f7,delivered,2018-01-10 14:55:31,2018-01-10 15:12:27,2018-01-15 13:28:55,2018-01-22 18:18:45,2018-02-07 00:00:00
7708348e3397bde852e5dade4c632d8e,5a4ee1320c445a642238d915249864ac,delivered,2018-02-15 02:20:14,2018-02-15 02:35:19,2018-02-16 19:45:47,2018-02-27 23:33:00,2018-03-07 00:00:00
f4e86d12ddc6d795b86817623a9de164,9fdde8e80344faf4867a80ce47f44863,delivered,2018-01-17 09:40:18,2018-01-17 09:51:24,2018-01-17 18:05:34,2018-02-22 19:45:20,2018-02-14 00:00:00
0df6d3734fc28f15c08eb4a9f931e3a8,4758f24482bbff3b42a2bd920df9a615,delivered,2018-02-05 15:00:28,2018-02-05 15:15:50,2018-02-05 22:58:55,2018-02-16 21:47:35,2018-02-21 00:00:00
180bb1b8686d6679359207ce3b1f5885,b3f1a1af87346b32841846beef824d39,delivered,2018-01-15 13:14:35,2018-01-15 13:30:34,2018-01-16 21:08:21,2018-02-05 21:14:43,2018-02-09 00:00:00
a17aee38be3194baacef391d7ef26415,7dea181d02fcb0026f5c2ece003a735e,delivered,2018-02-16 19:20:45,2018-02-17 19:40:21,2018-02-20 22:42:03,2018-02-22 16:38:50,2018-03-02 00:00:00
88743d1ed8e7b6ca01e12830855ccda2,6ab3e2bc219dc5f054b7962e4fe6cf39,shipped,2018-02-28 17:18:19,2018-02-28 17:30:46,2018-03-02 01:18:59,,2018-03-22 00:00:00
3a272f742a03e6f800cdc955ef4c173e,9b1aef0b92a783bd43d3798dca83d7da,delivered,2018-01-21 20:10:24,2018-01-22 13:58:26,2018-01-22 21:48:44,2018-01-29 22:10:26,2018-02-14 00:00:00
124989cec6f415c879769c699f3134e2,1298b31750ae11bc372f731e76d3a6f0,delivered,2018-02-09 21:38:59,2018-02-09 21:50:26,2018-02-15 15:14:23,2018-02-20 00:41:53,2018-02-23 00:00:00
0724cc371750e7fdfe769d2a8bdd5b92,650a73a3bd9b9aa96aa43406dd84fdab,delivered,2018-01-19 15:14:29,2018-01-19 15:36:57,2018-01-22 15:17:59,2018-02-03 13:18:40,2018-02-20 00:00:00
510c4dcf778854ea5671c1eeacf41880,1b53d66410453cb9b968dc71734295b4,delivered,2018-02-03 11:22:01,2018-02-05 11:16:10,2018-02-07 16:58:45,2018-02-19 21:57:09,2018-03-01 00:00:00
5fd8e536596df0210d3e483288529070,d2c7397c64613228bab00803f9ea9ef6,delivered,2018-01-11 10:11:22,2018-01-11 10:28:00,2018-01-12 22:26:59,2018-01-22 17:29:16,2018-02-09 00:00:00
deefddac1368fc8231f1db9657f5d69d,a5b68a10e087c33ad9b0736f87013735,delivered,2018-01-21 16:37:23,2018-01-23 08:15:52,2018-02-07 15:13:36,2018-02-14 18:59:41,2018-03-05 00:00:00
c5aaa563ef4b0fd289de861d637f5a37,c92151364b3cd5e56e211b390cec952b,delivered,2018-02-01 16:57:42,2018-02-03 02:53:47,2018-02-05 19:53:10,2018-02-20 12:13:47,2018-03-02 00:00:00
dca482e5aa125557f2b6522c4c85de34,58d0b942bfdee28b71517a4139f96043,delivered,2018-01-31 11:54:56,2018-01-31 14:21:25,2018-02-06 01:14:05,2018-02-20 14:03:59,2018-02-26 00:00:00
18cc6945eeb0fac797b1e48e96bb7ad7,14b49d162cc1a8333aec3853db1812f5,delivered,2018-01-15 15:38:06,2018-01-15 15:50:53,2018-01-30 12:44:48,2018-02-01 17:35:42,2018-02-16 00:00:00
f0f93d33b63c2c83cdd9eb9414a35536,c5912afa747c4f74458aecee49c8f8f2,delivered,2018-01-18 20:46:41,2018-01-18 20:56:23,2018-01-19 17:48:35,2018-01-23 11:18:51,2018-02-08 00:00:00
2ca1528ba222dcef1b182632376e53a0,44d89c65f6578eb86f1db3cefdbdf9e6,delivered,2018-01-09 00:33:27,2018-01-09 01:34:42,2018-01-10 20:15:04,2018-01-24 20:18:10,2018-02-23 00:00:00
265b23c0727e5d7a2a3e36f5aac03d67,dade896e95a36c520a0bcd0703385b74,delivered,2018-02-18 09:50:58,2018-02-18 10:06:34,2018-02-22 20:09:02,2018-03-13 01:33:37,2018-03-19 00:00:00
c28678c5474dd180becafdd64fddac7d,0c2cbff091eeb8f51f5aff24dcf1e9a9,delivered,2018-02-21 16:11:56,2018-02-21 16:29:40,2018-02-22 23:17:26,2018-03-07 21:11:13,2018-03-13 00:00:00
6e970ac8488781fb447ff2c2859168bf,eb033b491e53ad18899061e9e19f25b2,delivered,2018-01-22 10:12:17,2018-01-22 14:53:33,2018-01-24 14:36:30,2018-01-26 17:22:06,2018-02-06 00:00:00
39c1a4a89678bf3fbbcaa3719ba937dc,2d2c4e5a4b0840c87a09fb9ecc7ef144,delivered,2018-02-11 23:27:18,2018-02-11 23:50:36,2018-02-15 19:25:02,2018-02-19 20:11:38,2018-02-26 00:00:00
8436df70c30e8e11edf5cf2f880edf6e,5ce5850e9f77cf47374442640db701e9,delivered,2018-01-08 21:11:55,2018-01-08 21:19:23,2018-01-10 21:15:52,2018-01-26 23:13:33,2018-02-15 00:00:00
9a697390de6da65c977ba337071a06a3,7d428145472db20c245cfc1d7a6af615,delivered,2018-02-06 09:43:31,2018-02-06 09:55:36,2018-02-06 21:33:13,2018-02-21 20:39:27,2018-03-09 00:00:00
86910652898666a37fe407a7a92bc785,f2b2cad75b692e1090c1673804215cba,delivered,2018-02-14 22:24:28,2018-02-16 14:32:11,2018-02-16 22:37:17,2018-03-02 21:16:59,2018-03-12 00:00:00
2b40e7763ce2a2fbeb3e63dd4a498702,57e3c7b4d479d52601eae8365dc9aec8,delivered,2018-01-24 09:52:23,2018-01-25 02:57:58,2018-01-26 16:42:01,2018-02-26 20:29:13,2018-02-23 00:00:00
619d32010fd4ff5df842c79c8d2dee26,c90d47c7c9b9d0ee0d62d48db7490c7c,delivered,2018-01-26 12:06:07,2018-01-26 12:21:44,2018-01-30 22:07:30,2018-02-01 20:29:23,2018-02-09 00:00:00
7b7dfd05d2c719dee808c63d56b8f218,3509c843a061d65a8ab7ec2937d39e2f,delivered,2018-01-22 14:26:35,2018-01-22 14:36:30,2018-01-23 22:14:35,2018-02-02 15:51:57,2018-02-21 00:00:00
6b46451f451b73fc2ac0f15484d814ab,5e96000fa278db7126735be2d3618ed9,delivered,2018-01-01 23:20:33,2018-01-03 04:29:13,2018-01-04 20:22:04,2018-01-15 21:25:00,2018-01-31 00:00:00
9aeb1e41ad6d0b90e6342fc5bf592276,13e613b22c4cf864ac2fc00ecdea5fb6,delivered,2018-02-12 17:06:30,2018-02-15 04:07:53,2018-02-15 16:12:40,2018-02-16 16:17:25,2018-02-26 00:00:00
f7923db0430587601c2aef15ec4b8af4,1318fd61a82a479edaff00217376c052,delivered,2018-01-20 17:38:58,2018-02-20 12:05:54,2018-02-21 18:27:12,2018-03-08 15:04:33,2018-02-21 00:00:00
83b109feea07a54cdd034845cccd53b3,3e0b7768b5fca0be48e2981fb71823b7,delivered,2018-01-29 15:37:19,2018-01-29 16:10:43,2018-01-31 16:41:57,2018-02-05 17:13:05,2018-02-14 00:00:00
77d599900cf351da04c8d0f7b5ade74d,49162725edf59a77fb0d29f4f2e1af83,delivered,2018-01-19 14:10:03,2018-01-19 14:17:19,2018-01-19 23:24:17,2018-01-28 15:59:01,2018-02-09 00:00:00
0c3722131f9ebd9c4949a2dd31fb2402,f4deb293ecb5fa8cb4c4c344eced1eee,delivered,2018-02-28 23:57:55,2018-03-01 00:10:26,2018-03-01 18:16:46,2018-03-17 15:48:38,2018-03-22 00:00:00
746327966e37217c499ecfb3caedf658,dceaa0645724c27d40672b248081aef7,delivered,2018-02-14 14:29:32,2018-02-14 14:47:56,2018-02-16 20:56:52,2018-03-02 19:51:31,2018-03-14 00:00:00
14926491946bbf88760be070f0644227,ff015a148d2b336072bf54576da83d33,delivered,2018-01-26 13:31:18,2018-01-29 12:52:07,2018-01-30 19:56:25,2018-02-08 19:38:58,2018-02-22 00:00:00
d493148aa5f8d08914d29ec0524e1196,d7b9004ff34610bb3451b130ee2bf38e,delivered,2018-01-31 13:21:44,2018-02-01 13:35:14,2018-02-05 17:12:14,2018-02-14 18:04:45,2018-02-26 00:00:00
decd51240a83290835fb78029efd1f0a,d28371caf7435596262c5c40a6a9c325,delivered,2018-01-04 11:11:33,2018-01-04 11:28:39,2018-01-08 14:56:59,2018-01-10 12:42:09,2018-01-29 00:00:00
848b99752538e17e5a48212d76416846,9d27f64e63e4599ce90c0646b2f09efd,delivered,2018-02-28 20:57:51,2018-03-01 02:48:17,2018-03-02 12:39:17,2018-04-05 19:07:42,2018-03-22 00:00:00
f198341e6128bab227040b4a8a587b29,f19123a48b0e767b553ba69f1dd95f91,delivered,2018-02-06 15:56:14,2018-02-06 16:11:53,2018-02-07 16:42:54,2018-02-20 21:00:10,2018-03-02 00:00:00
2b41a3b768bdb66c8a67b20623aaaf78,f7890ae6447233ac18ec39dbed309b13,delivered,2018-02-12 20:16:39,2018-02-14 13:07:35,2018-02-15 18:55:20,2018-02-20 21:18:31,2018-02-26 00:00:00
678f4895096d4e79441a761f3d6c6b29,e3099b0fe556c1f1630dd8ff91989f1f,delivered,2018-01-19 11:41:03,2018-01-19 11:54:30,2018-01-22 18:39:01,2018-02-09 01:21:39,2018-02-22 00:00:00
b6b5fb0fbf0d0f55fc382e3857520a1c,77e71d7705bc1e9ed7f466abf1bc8c8d,delivered,2018-02-02 11:42:35,2018-02-02 12:51:49,2018-02-02 21:49:12,2018-02-09 14:06:58,2018-02-26 00:00:00
1ef6697da8b7f56f302e5fa61e9966ba,1987c6984961aad6157864b028cfe881,delivered,2018-02-07 16:22:44,2018-02-07 16:35:44,2018-02-08 21:08:37,2018-02-15 18:47:20,2018-03-06 00:00:00
8da1dafa8af2a466377128c20248f17a,8115d0cc7c08310f8892c84fd64da3d8,delivered,2018-01-03 08:59:24,2018-01-03 09:09:22,2018-01-03 22:38:58,2018-01-09 13:53:27,2018-01-26 00:00:00
14ac73e061a88e655cc2d6b984f3c81d,8ff463c5677e1f1ccedabe1c90d3d53e,delivered,2018-01-26 21:18:51,2018-01-26 21:32:07,2018-01-31 17:05:33,2018-03-05 23:33:23,2018-03-02 00:00:00
5dccc65b256263ec10925fa3a3d7ef48,3099cf51ea3765844ae0167a2d6698ad,delivered,2018-01-08 20:18:13,2018-01-10 10:32:30,2018-01-10 18:20:04,2018-01-11 13:34:03,2018-01-24 00:00:00
574fdfb0b81b1cbb8e00b1630abf24cc,79085ed5ba49870c89251a91ecaa5d5a,delivered,2018-02-20 00:17:47,2018-02-20 01:27:06,2018-02-20 21:37:50,2018-02-26 15:27:13,2018-03-15 00:00:00
55898410e4c5e6aff68607cf55c05847,100a381a981220d884746d5585c4979c,delivered,2018-01-04 10:16:03,2018-01-04 10:28:36,2018-01-05 19:06:21,2018-01-08 22:56:36,2018-01-22 00:00:00
1a45b4961c8eecf15a433bb91990618d,d3ed2c4491a68c9acf08dd0595ae057f,delivered,2018-01-25 22:10:51,2018-01-26 03:16:42,2018-01-26 14:56:54,2018-02-01 22:05:47,2018-02-19 00:00:00
bb34c61f26a3ba58d1643c67b2f8c3d7,86137ad76337bb3d7424765d49dc9579,delivered,2018-01-08 12:23:30,2018-01-08 12:32:34,2018-01-09 19:26:51,2018-01-10 21:58:05,2018-01-24 00:00:00
38428b9d195d4ce34ece330a56375cc6,00e731383e6ee1e27962b8707c82d8cc,delivered,2018-02-05 15:35:26,2018-02-05 15:55:47,2018-02-08 16:08:44,2018-02-15 21:37:41,2018-03-02 00:00:00
748d3b50f6f4b32e9998bb62826d4812,35aabaccc2c7476c4dd5f81192a067d1,delivered,2018-01-18 22:35:25,2018-01-18 22:50:10,2018-01-19 22:28:42,2018-02-01 01:35:59,2018-02-20 00:00:00
47029bb7d64e424ea49c0adb7526d2d9,f23fd4f7a90cb6f5280d8633a08e0be6,delivered,2018-01-26 14:56:14,2018-01-26 15:15:06,2018-01-30 20:44:55,2018-02-02 04:04:46,2018-02-09 00:00:00
fefd2241bdaad0b1f5a3ebbc75fcbc97,ccf7f93ad493feb3d33050ce2240a8ef,delivered,2018-01-08 20:57:04,2018-01-08 21:08:39,2018-01-10 00:24:14,2018-01-12 22:19:18,2018-01-24 00:00:00
7f058780efeab68414ecad1c0c43d0c0,4adeaee8338a42ef0c002aece4261177,delivered,2018-01-16 17:56:59,2018-01-17 17:50:45,2018-01-23 01:45:00,2018-02-02 16:32:39,2018-02-15 00:00:00
4ed7c2d75d3cc4d2c1c0d941388640d7,acbc7198e5d22a8c00ac90aceefe3172,delivered,2018-01-21 17:11:36,2018-01-22 13:54:58,2018-01-29 20:48:08,2018-02-02 17:32:34,2018-02-20 00:00:00
4dc81e62709adee10f0cb4008483fe02,d7abe27b864fe214590fc4d400c74e61,delivered,2018-01-11 18:37:03,2018-01-11 18:47:47,2018-01-16 18:38:03,2018-01-29 21:39:19,2018-02-06 00:00:00
1309fc445b40a153a53e94b46d2accb1,7ff79b567b62a506babf7a70718e0609,delivered,2018-02-23 13:39:24,2018-02-23 13:50:38,2018-03-01 23:17:11,2018-04-02 22:32:25,2018-03-19 00:00:00
2049616726f9272f1d1456285ad13cf5,1be1e18ee366e895f5db41178d3b6a4b,delivered,2018-02-09 11:38:37,2018-02-09 16:10:36,2018-02-14 15:12:14,2018-03-22 20:12:57,2018-03-13 00:00:00
5bfad1932352fcd447ddb67c215b5552,a31e1fd9832dd7669cf71d1f8a6170b6,delivered,2018-02-15 15:56:28,2018-02-15 16:10:37,2018-02-21 20:09:16,2018-03-05 20:37:13,2018-03-08 00:00:00
d04f155dd04722bb1691263ccbe5eec0,1393f95a641d045e1ebc7a6db27258f7,delivered,2018-02-26 18:38:33,2018-02-26 18:55:27,2018-02-27 17:42:29,2018-03-21 18:41:55,2018-03-21 00:00:00
8755ff039d17ea91d56589e906fefc9b,e0dbd977cd107f73ab95d0891194cc47,delivered,2018-01-16 19:18:58,2018-01-16 19:31:20,2018-01-20 00:08:50,2018-01-24 23:17:38,2018-02-07 00:00:00
1e7bb5d072b8543a1c42507c4b5583eb,daac60ed0587e8455cbfa9799d658f27,delivered,2018-01-26 16:47:34,2018-01-26 17:22:24,2018-01-29 23:29:12,2018-01-31 19:59:25,2018-02-09 00:00:00
3653ba2a669b704adc9d572f511941d9,0ad19196f5e5abc8052e1d46a24a6522,delivered,2018-01-21 11:59:58,2018-01-22 14:17:59,2018-01-24 13:48:56,2018-01-29 21:21:11,2018-02-26 00:00:00
6cd9e3df3fefeeed2003ad58ffb79382,e77a8c38dc4133af5160b7909d74883e,delivered,2018-01-31 08:57:43,2018-02-01 08:55:50,2018-02-05 13:23:19,2018-02-06 18:42:54,2018-02-16 00:00:00
c0b7fa0a374f7d9ed01d813a0aa67f71,3c5aa91b09e66fd7095a2bfd7a3181f5,delivered,2018-01-24 23:41:21,2018-01-24 23:55:04,2018-01-25 15:32:51,2018-02-09 12:41:46,2018-03-22 00:00:00
70633832cd39706672d40a47536c2387,af273ec2f1c734a0f60ce845041a7a58,delivered,2018-01-10 09:54:05,2018-01-10 10:31:45,2018-01-15 17:09:02,2018-01-22 15:22:24,2018-02-06 00:00:00
5402a5595f574c530adc86dc28a8050e,460120cb864985d447516e2a69e244c0,delivered,2018-01-04 19:21:49,2018-01-06 02:27:48,2018-01-08 21:39:26,2018-01-30 17:22:38,2018-02-06 00:00:00
23d42019f5dad56f22fc05644f13b3fb,61d9efa8dc12c7bc61c2a3a7ae74fdf6,delivered,2018-02-21 15:23:21,2018-02-22 02:10:38,2018-02-23 22:32:15,2018-03-08 10:24:53,2018-03-19 00:00:00
82532c4ff0d663ca01d2a9fb7d7123bd,9342c29170ee859b4ddb776b49fc0058,delivered,2018-02-17 09:10:38,2018-02-17 09:30:25,2018-02-19 23:08:59,2018-03-09 16:08:28,2018-03-27 00:00:00
dd822b10da74cb1d429d84daaa0d47a3,f90ba41dcf61401814d49cd7323d0dd7,delivered,2018-02-20 22:55:31,2018-02-20 23:10:24,2018-02-22 19:04:31,2018-03-02 21:09:42,2018-03-16 00:00:00
cabba97967d16bac380c32035936467e,2dd070ec536d3e8a9fa57943bfb994cc,delivered,2018-02-16 13:56:07,2018-02-16 14:06:50,2018-02-20 12:04:15,2018-02-27 22:59:23,2018-03-08 00:00:00
746b06a44d14deca5f655b036a47ed0f,bef5c0e0b094f0abf4f9bc96e9e546dd,delivered,2018-02-15 10:28:39,2018-02-15 10:47:51,2018-02-22 20:19:08,2018-02-23 23:28:54,2018-03-02 00:00:00
dc1db1e1520b30e1d279a28b53a2f169,f357d1ab7a43c1fd63ed0d5e91e15cde,delivered,2018-02-21 18:56:47,2018-02-21 19:15:48,2018-02-22 16:44:00,2018-03-01 17:47:06,2018-03-14 00:00:00
db06ef65b157c381358ccccdfa3d1aea,908a70e8720a4968e76fbf0a721c78c1,delivered,2018-01-19 09:19:07,2018-01-19 09:35:53,2018-01-23 19:39:12,2018-01-25 00:28:10,2018-02-06 00:00:00
08cf63d17d15433573bf10ae778045ab,3782b0146ca11125a619eb487dd7b2e9,delivered,2018-02-09 09:53:17,2018-02-09 10:14:36,2018-02-09 20:18:26,2018-02-23 18:08:09,2018-03-09 00:00:00
46a9fa5d713a569777fb30562505588f,d8b3b1bcf1aef3174859a70001a5f3fe,delivered,2018-02-20 19:42:37,2018-02-21 12:05:40,2018-02-21 22:49:10,2018-03-02 19:05:00,2018-03-16 00:00:00
34dc2f9bce0427122de8cd6afdb03c2c,81d57cbc974b1173a56a8eac72e8c9ee,delivered,2018-02-26 16:04:40,2018-02-26 16:32:26,2018-03-12 22:48:34,2018-04-03 13:38:47,2018-03-23 00:00:00
a8af9679f12573cf207aed249bdabd09,9690ae359573ddb7eb6ccb02ba8ec568,delivered,2018-01-06 15:10:44,2018-01-09 07:22:21,2018-01-09 18:43:14,2018-01-10 21:38:14,2018-01-24 00:00:00
e914e961033af34e2fc13b3b0d698a94,76757f2d4942e8382a6970222578f5b2,delivered,2018-02-28 08:59:22,2018-02-28 10:15:35,2018-02-28 21:59:47,2018-03-14 02:26:43,2018-03-22 00:00:00
04a28263e085d399c97ae49e0b477efa,fef2e5e63da9f3e1dd89e8e319468657,delivered,2018-02-02 18:01:10,2018-02-02 18:31:27,2018-02-21 02:38:29,2018-03-11 11:32:24,2018-03-05 00:00:00
28dee43776d6b4f40164b3dfabb8abe8,dec61c3d5b1137c55a379c8a79680e3e,delivered,2018-01-14 17:10:51,2018-01-14 17:28:40,2018-01-18 11:56:55,2018-02-08 01:04:22,2018-02-22 00:00:00
b3e1af57e0cb89557abec0fd31d47c37,e1082da721695c572e703381e22ddb91,delivered,2018-01-10 18:34:03,2018-01-10 18:48:38,2018-01-11 22:47:05,2018-01-24 18:37:12,2018-02-05 00:00:00
4b2f4bcfaf2147dc60b9f86452ac885b,7c1c48b350bc4c1b1e668ecb7000e05b,delivered,2018-01-07 12:47:22,2018-01-07 12:56:50,2018-01-10 21:53:07,2018-01-15 16:03:52,2018-02-06 00:00:00
08613505c6d1fa61ec5908afbb99fe84,0989ad22ee10df514ada88585ebd3101,delivered,2018-02-13 23:29:56,2018-02-13 23:40:28,2018-02-16 00:36:59,2018-02-26 22:14:09,2018-03-13 00:00:00
f8bebca5df46ac3fa480fef8376fb24b,bb4fbeef783542784ff2f38a4f81ddb0,delivered,2018-02-13 11:08:51,2018-02-15 03:56:00,2018-02-19 17:32:47,2018-02-27 21:08:08,2018-03-08 00:00:00
30593e75030fe6f0927c50b59d997305,a99bad98823fb5fd025c8cec24159b52,delivered,2018-02-06 22:19:06,2018-02-06 22:31:34,2018-02-07 17:29:29,2018-02-09 13:48:59,2018-02-22 00:00:00
ae33ac637d8999d976657ff3ab5c106a,c4a84cf3df4df3a4ca3f7d8856169ba8,delivered,2018-02-14 12:38:50,2018-02-14 12:50:27,2018-02-15 16:08:22,2018-02-22 20:28:56,2018-03-08 00:00:00
bbf4d375e40f5e365a316b81b16829b7,e49b50780a322146eecff0b0b3603454,delivered,2018-01-13 10:58:04,2018-01-13 11:30:57,2018-01-15 20:07:44,2018-01-26 16:21:07,2018-02-01 00:00:00
3a1ec4d91212bcb2cb21d37d7f1707ac,0bc333635d01d085aaf8c0c71dc9e4d0,delivered,2018-01-25 18:00:45,2018-01-25 18:20:09,2018-01-29 12:38:41,2018-02-02 18:39:40,2018-02-19 00:00:00
c5cc5507fd7537da058bf67fb12d28af,28fc063939dc4777a226f3444553bae8,delivered,2018-02-26 17:17:08,2018-02-26 18:00:26,2018-03-01 21:36:31,2018-03-26 15:06:52,2018-04-11 00:00:00
b018fec2173b0642a742be5fd3a76683,9dcc9444185f5ada27a85ffa89923137,delivered,2018-02-26 10:59:43,2018-02-26 11:10:38,2018-02-28 18:53:40,2018-03-21 17:42:45,2018-03-23 00:00:00
a3475ffe00b0ffdf1951a56d5a6b8102,40eb5f82c09d34902b3f2425898b93cf,delivered,2018-01-06 17:50:14,2018-01-09 16:30:06,2018-01-10 20:18:24,2018-01-29 15:19:11,2018-02-08 00:00:00
aebdaf13ebfa0d478e200577c665ffb8,d689f03169d9172418de3b1251d2580e,delivered,2018-02-28 17:14:55,2018-02-28 17:31:14,2018-03-01 22:46:39,2018-03-17 12:11:52,2018-03-23 00:00:00
39b67013c666b5dfe0f02a61955c3b08,d9de10a327d2af13622acc9c94995b66,delivered,2018-02-20 13:30:26,2018-02-20 13:51:16,2018-02-21 19:39:13,2018-02-26 19:52:04,2018-03-13 00:00:00
64f30c3979fdd4ceb17f8c398d2806f9,1236cc216e0d5232fc35a2f838f03136,delivered,2018-01-18 12:53:15,2018-01-18 13:12:58,2018-01-25 20:04:36,2018-01-26 18:14:18,2018-02-05 00:00:00
259e299cc556bb5b8d8412cbbc257306,a5b25f37ce6268f32a97f10d565f5f02,delivered,2018-02-28 10:23:04,2018-02-28 10:35:42,2018-03-03 00:16:28,2018-03-12 19:07:04,2018-03-19 00:00:00
4523eafb93144f31a954666165a59423,7a9f335e44390d13140297c96578a80e,delivered,2018-02-20 15:29:03,2018-02-21 12:04:34,2018-02-22 18:45:20,2018-03-05 20:13:00,2018-03-13 00:00:00
0810ae0fa88d7880bf3d2fa5fa172f60,906f75ff5f7787189179654a7db420eb,delivered,2018-01-21 20:43:26,2018-01-22 13:59:24,2018-01-24 17:14:35,2018-02-15 20:32:23,2018-02-19 00:00:00
14efd3877d76587691ac8f854125c31e,5d13de45d9d033d8c9fe887d785f97d2,delivered,2018-02-04 17:13:02,2018-02-04 17:49:12,2018-02-06 02:08:02,2018-02-16 18:56:49,2018-03-05 00:00:00
e9d187b8dc64f35026cf54590f38f6df,944a2a882a05e28038d5469d405badfa,delivered,2018-02-17 15:17:10,2018-02-20 07:46:10,2018-02-22 02:56:49,2018-03-14 20:24:55,2018-03-22 00:00:00
d7ac124b50e54544b4cb85315b5f2793,5fc9fb8a9bfbcb5e8a1b00b2a52b012a,delivered,2018-01-08 13:44:01,2018-01-08 13:52:23,2018-01-15 08:44:49,2018-01-19 00:58:26,2018-02-01 00:00:00
3e47a8cc66024053901d7313a7d2a0b7,60ce73e9775f73dbdbc1ae5fbd9c2d73,delivered,2018-01-29 10:22:51,2018-01-31 14:31:48,2018-02-01 00:27:46,2018-04-13 17:14:24,2018-03-05 00:00:00
f024323e3c3e4f505cd695bc87a9bee9,84c816645752a1ded611ae7ca018ae39,delivered,2018-01-03 11:52:20,2018-01-03 12:07:13,2018-01-05 18:09:47,2018-01-14 19:22:40,2018-01-29 00:00:00
59ad2910ac1515ca2b7aee1754686306,5bc60d44810934427ba9965878717888,delivered,2018-02-01 14:30:14,2018-02-01 14:53:15,2018-02-07 17:47:46,2018-02-14 21:41:46,2018-02-19 00:00:00
7d87d6b3173540d739b15192cc787ae9,736cc29992a1e210cb3342ea2c1282b9,delivered,2018-02-18 18:49:50,2018-02-18 19:50:29,2018-02-19 23:09:56,2018-02-28 17:24:04,2018-03-16 00:00:00
0d78ff8b7d8f2a3590a2e4745240f97b,2bd3ae402537c443ec6aab0feb74cd65,delivered,2018-01-27 12:32:23,2018-01-27 12:53:25,2018-01-30 22:46:42,2018-02-14 21:39:01,2018-02-14 00:00:00
607b372f8dbe0c08c14588e6468addbf,c238091b1481de3a96e6a5c3b331e403,delivered,2018-02-06 14:20:46,2018-02-06 15:56:01,2018-02-09 21:42:37,2018-02-15 19:32:02,2018-02-23 00:00:00
511629b91fcfb73e2e7ee747102a9ffd,9ccdd15c9060a6ea0d5f0abbb7324022,delivered,2018-01-19 11:57:08,2018-01-19 12:16:05,2018-01-19 21:06:51,2018-01-24 12:08:05,2018-02-09 00:00:00
4e83456078c87bcac059b05dafa9ff0a,0ac31c8ee3be833d9d1606a2887b8a67,delivered,2018-01-12 15:32:26,2018-01-12 15:48:31,2018-01-13 15:17:01,2018-01-16 21:13:28,2018-01-29 00:00:00
a8d23a2af796a519d1bfdb39065c9a60,ed47f5f38f4e80122bbf07d20e5dc3ef,delivered,2018-01-16 11:24:07,2018-01-17 03:38:52,2018-01-17 22:51:48,2018-01-22 14:26:56,2018-02-06 00:00:00
2548aa48f7db62d5579e7e20ae85ca03,c2c75371ac7de122517db15e9765379b,delivered,2018-02-21 16:14:42,2018-02-23 02:30:31,2018-02-27 01:48:54,2018-03-08 14:49:44,2018-03-15 00:00:00
9f181d637fd06f6468cec70121b8e160,ecc2a221917a8ba5ae522a0cab14a8a4,delivered,2018-01-11 11:06:41,2018-01-11 11:31:42,2018-01-17 23:24:45,2018-01-24 01:49:03,2018-02-08 00:00:00
368a043a6f85a5f28260b822823c5e89,54625670736c5b35ce1fe87e01d3f662,delivered,2018-01-12 13:44:02,2018-01-15 10:10:53,2018-01-16 21:28:58,2018-01-31 20:41:26,2018-02-07 00:00:00
0b736121c8d0bffe6c9e592d6f91ba5c,e0fcf37333b29f0b97e8af045f8efb52,delivered,2018-02-19 12:42:39,2018-02-19 12:55:50,2018-02-20 17:33:40,2018-02-28 20:38:45,2018-03-09 00:00:00
fae6817170e0509473149b11bdb8e285,eebbe9b118ceca3679d622d2a1d92719,delivered,2018-01-03 18:41:22,2018-01-03 18:52:30,2018-01-05 21:05:42,2018-01-09 20:10:32,2018-01-31 00:00:00
1aee3456393950993d316010ffc4088b,dd4f0fe50c8b7c85ef603903c5e2e383,delivered,2018-01-18 09:26:15,2018-01-18 09:37:27,2018-01-18 19:13:13,2018-02-03 16:35:45,2018-02-16 00:00:00
72c6c412519423a1a046bd52a9db5560,becb0b270487c14db37a07a18278de85,delivered,2018-01-06 10:59:43,2018-01-06 11:07:41,2018-01-08 20:06:28,2018-01-23 19:29:11,2018-02-07 00:00:00
d17028f98cba67bc45687d1ca54cae08,1e23fba784387afc6669c56204668830,delivered,2018-02-01 10:08:06,2018-02-01 10:31:36,2018-02-02 19:27:04,2018-02-14 19:47:45,2018-03-02 00:00:00
8a01d7dddba4415103899d87ef6a5ab7,94fb73174290f8ffbdba81e43e64bb7a,delivered,2018-02-18 16:25:06,2018-02-18 17:27:10,2018-02-21 20:23:32,2018-02-22 20:38:58,2018-03-06 00:00:00
74d0656bd03c432ae4011b6c1dc97c09,11747a292c140f3903ae179efdc9b5cd,delivered,2018-02-08 14:50:47,2018-02-10 02:49:36,2018-02-14 17:05:53,2018-02-21 21:45:25,2018-03-12 00:00:00
310a0d29a24aac9be0dfee5e0fa45204,fe3d5f55398a4f615e48725f02ffc5b1,delivered,2018-01-14 20:36:47,2018-01-14 20:49:15,2018-01-17 12:47:43,2018-03-01 20:38:46,2018-02-08 00:00:00
6b8716747545c11cd3b8592520389749,b8e111b6572fac79a6b4e9dd9534433a,delivered,2018-02-08 13:25:21,2018-02-08 13:35:27,2018-02-09 22:16:32,2018-02-15 12:06:38,2018-02-26 00:00:00
d849519c380fc7427ba88fc312ade389,8d580fea29b9d93a4f404349ff07de56,delivered,2018-02-10 15:34:38,2018-02-10 15:48:25,2018-02-16 17:07:13,2018-03-20 13:38:55,2018-03-22 00:00:00
b2127a179063646c6e1e80f4617156fd,c007979976672f82a106285c9426d7c0,delivered,2018-01-11 17:49:13,2018-01-11 18:20:37,2018-01-17 22:23:28,2018-01-24 01:32:45,2018-02-09 00:00:00
fdcd1438710f47b926796d3778452212,f7a9176c3749939280666964b4df0e35,delivered,2018-02-23 15:19:03,2018-02-23 15:35:25,2018-02-26 22:25:02,2018-03-22 22:18:37,2018-03-23 00:00:00
4c796d310c3e227145d29bb0ae0dd5a5,fb2faacb34e24535e77e3c65bb6b046d,delivered,2018-02-02 11:07:25,2018-02-02 12:10:41,2018-02-05 22:28:59,2018-03-02 19:53:10,2018-02-26 00:00:00
e9e9b31ec2faa5bb868dc5fa0c66b0bd,a48ffc7cf9fca7c48a49af83e7261ebf,delivered,2018-01-17 20:58:28,2018-01-19 02:37:54,2018-01-20 01:09:05,2018-01-31 18:28:56,2018-02-01 00:00:00
4200e64fc68666999e2a696dfb2661a1,7c7856f9a967460c46d270ec2e67dd7c,delivered,2018-02-13 21:51:49,2018-02-16 07:47:05,2018-02-20 18:34:24,2018-02-23 23:48:56,2018-03-06 00:00:00
be13f37493f5cb6297b454950d1208e2,706628b404584bdb88c625294bf65edd,delivered,2018-01-17 19:02:58,2018-01-17 19:10:38,2018-01-19 23:09:32,2018-02-19 23:54:40,2018-02-14 00:00:00
fccb46e17ee388c4213300cd1f54c1a4,0810d71853774db2529c5c82e093d33b,delivered,2018-01-10 10:56:13,2018-01-10 11:31:40,2018-01-11 21:10:45,2018-01-13 16:14:46,2018-01-24 00:00:00
996398cee62ebfe4ee7f2c2a4c969742,ab46ad28db5a117f42332f1e1f087641,delivered,2018-01-17 16:21:57,2018-01-17 16:32:51,2018-01-18 21:18:46,2018-01-26 20:12:11,2018-02-26 00:00:00
36d86e93a8ee82cc4a557ab486743d88,151d22e83155b177a9c09441a522242e,delivered,2018-01-16 11:57:09,2018-01-16 12:26:03,2018-01-17 22:51:46,2018-01-19 18:49:07,2018-01-31 00:00:00
efe9bd98be3cb5cb5c87e7ca27abe613,37751e1671512ad89943d1615b563b1d,delivered,2018-01-21 13:28:36,2018-01-23 03:52:57,2018-01-23 22:57:46,2018-02-24 13:12:53,2018-02-15 00:00:00
bdd19e1d8bec46c29644018d2c781aef,d9c31907f4ea9af9dbc3183716f5a200,delivered,2018-02-17 18:50:44,2018-02-17 19:06:47,2018-02-19 19:39:13,2018-03-05 23:29:00,2018-03-13 00:00:00
9f7fdd2f2c7e4bb38623b722c3782e5d,6552091d7ee5ed28aee6e6e699887462,delivered,2018-01-03 22:16:26,2018-01-03 22:30:15,2018-01-04 15:17:41,2018-01-16 21:51:26,2018-02-07 00:00:00
33401d2d0621ceae77505c91308ceddd,3fcda70d69c185780fb4abd140ba69e3,delivered,2018-01-23 10:26:00,2018-01-23 10:35:18,2018-01-24 08:15:41,2018-01-30 19:39:09,2018-02-19 00:00:00
0e1ac2cf21f589ee45dc574349228a9c,c9d88d6e1149572be3556d7b0024c654,delivered,2018-01-28 16:51:58,2018-01-28 17:20:09,2018-01-30 20:53:15,2018-01-31 18:42:43,2018-02-14 00:00:00
0d88c1807ea23596e9a3222c2aad549d,899cc6edd6f59386ee145f8589db1211,delivered,2018-01-30 17:30:44,2018-01-30 17:57:58,2018-02-01 12:15:19,2018-02-15 12:56:36,2018-02-21 00:00:00
f1db3b4ae1a3252075e1bcb338303e7f,53313245c173ce9077b0d33472014ccc,delivered,2018-01-22 17:05:18,2018-01-23 03:36:55,2018-02-19 17:36:35,2018-02-23 22:58:35,2018-02-14 00:00:00
8469ed2398a6fba32a54609f9ffd20bf,0396f0569d196840d98d0337edb142f8,delivered,2018-02-12 11:10:45,2018-02-12 11:27:55,2018-02-15 17:55:19,2018-02-23 17:22:37,2018-03-09 00:00:00
97190f1266ff922bc8bab1fde79fbec0,5b7312052e4b59e6ca49d9d81216f832,delivered,2018-02-14 17:44:50,2018-02-14 17:55:33,2018-02-15 18:28:54,2018-02-23 18:35:14,2018-03-12 00:00:00
b456b02d6e30be4958f9d83b68ddaa8b,25fc569426903a40f2cb2867dcff43a7,delivered,2018-01-18 16:43:05,2018-01-18 16:57:53,2018-01-23 01:27:07,2018-02-08 18:49:07,2018-02-20 00:00:00
194c72d466120c8e1241d610c72cc5e9,4b363e6fce789d1f4e9b86c41fb88c5b,delivered,2018-02-06 13:25:41,2018-02-08 07:35:56,2018-02-09 00:42:51,2018-02-26 19:39:07,2018-03-14 00:00:00
35aba7f433d46b2f03caae475720adb0,b29f247848bd47bb534c6c2d40f8bb2b,delivered,2018-01-19 00:57:19,2018-01-19 01:15:14,2018-01-19 23:04:39,2018-01-22 12:18:58,2018-02-05 00:00:00
ffa18796659322e26489458de771d309,181478b61d7275cd79afb1ded8ad7f41,delivered,2018-02-17 14:33:30,2018-02-17 14:46:51,2018-02-19 22:07:40,2018-02-23 00:37:13,2018-03-09 00:00:00
51db60a37211444535ec72de7673fa41,358c143b159c4ab9ad749f57537bc382,delivered,2018-02-09 09:05:39,2018-02-09 10:11:46,2018-02-09 19:43:29,2018-02-16 01:55:52,2018-03-09 00:00:00
992cbe3e064cd39f9ccde60a29ffcd3c,6f1f14b51bbc02c293a1429fc4d79826,delivered,2018-01-16 07:02:55,2018-01-16 21:11:44,2018-01-18 19:13:36,2018-02-26 21:22:10,2018-02-09 00:00:00
dfb6a56c471c1a04a0714eed6ce75de1,a2afcd1851ebd758bcc566697c69369d,delivered,2018-01-10 16:41:10,2018-01-10 16:49:37,2018-01-24 10:24:58,2018-02-01 21:31:35,2018-02-09 00:00:00
4723d2b5267461aedbbf2788ef629c31,ada9137aaa12f2327f1f775bd8f160c8,delivered,2018-02-25 14:15:44,2018-02-25 14:28:12,2018-02-26 21:22:08,2018-03-13 16:26:42,2018-03-20 00:00:00
1c9fd2a0749771fdb8c1cad52a3c27a6,e9590b1476593f300b06fa2216af4c35,invoiced,2018-01-21 19:44:46,2018-01-22 19:38:29,,,2018-03-09 00:00:00
b0bad9219303b3fcea179db39243f615,2c4e6626a5b947f38f954b988fbd7522,delivered,2018-01-04 00:33:32,2018-01-06 02:08:02,2018-01-09 00:12:16,2018-01-13 00:59:08,2018-01-31 00:00:00
a0e5e8a92adebf62f063487d7af24fb1,23bad2a966f86ce792967692edb060e9,delivered,2018-02-26 14:31:31,2018-02-27 05:30:55,2018-02-28 19:07:31,2018-03-05 20:13:24,2018-03-12 00:00:00
257b6d1def081b82c8b6a90d527728b9,ee9d0cf48b7f9442b245f9056b354d2f,delivered,2018-02-22 16:06:13,2018-02-22 16:29:30,2018-02-23 18:52:25,2018-02-27 00:32:54,2018-03-08 00:00:00
7897a2eebb3941ae97159cb88f65cb1c,ce30477e5bf86ecc45ad74fd8adda309,delivered,2018-01-21 21:42:20,2018-01-22 14:03:02,2018-01-31 20:54:07,2018-02-14 20:06:31,2018-02-06 00:00:00
01b703d8365608f2b01ed9c076d0b3dc,475eec32deae43c1479b18acc1f7781d,delivered,2018-01-05 17:14:30,2018-01-06 17:08:23,2018-01-08 22:06:28,2018-01-19 00:48:52,2018-02-01 00:00:00
7fae897a23c0c0b24a16aa156a536f91,594f97ee14747a7fe1d623bf200a7587,delivered,2018-01-13 21:22:32,2018-01-16 03:51:13,2018-01-23 20:51:38,2018-01-26 13:42:42,2018-02-02 00:00:00
ab0d2dfd951cc21617cac17585f351ab,13ac63cd7d4fb4f7f3a9d07efc803b54,delivered,2018-02-22 09:27:40,2018-02-22 09:49:25,2018-02-22 19:07:58,2018-02-23 22:29:17,2018-03-08 00:00:00
fb5e4008a881e833a86044a9eefe0c61,2a95ea6560ef2b9abee6e807cc371a5a,delivered,2018-02-07 00:55:58,2018-02-08 07:35:37,2018-02-09 22:12:57,2018-02-24 02:51:58,2018-03-09 00:00:00
658f8d7112d20419aba9c6b7436b1af5,a08d416710ced0087475eb4b4dbbb74d,delivered,2018-02-11 18:40:02,2018-02-11 18:55:27,2018-02-15 00:33:50,2018-02-26 21:24:19,2018-02-26 00:00:00
d43198c2d47efb581c5c8c0e2676a7de,7abae3fa545cee17000026ebfca8eabc,delivered,2018-02-11 13:27:52,2018-02-11 13:40:32,2018-02-21 23:07:46,2018-03-14 21:53:42,2018-03-15 00:00:00
022e34b10acb0f74f51f03b3bf8d996d,63f88c298f90fa0472a1c82af364fb5d,delivered,2018-01-11 16:15:43,2018-01-12 16:09:04,2018-01-15 19:24:58,2018-01-23 20:32:50,2018-02-07 00:00:00
a6d26cc151cf55506e5fa88970b09edf,e5d33c5cc7dde34deefbfa6cfcd55ced,delivered,2018-01-09 18:03:35,2018-01-10 10:32:25,2018-01-10 19:49:06,2018-01-11 15:14:11,2018-01-26 00:00:00
95e978f299dd47721ee357c14f859b66,721f571d9151b56034a0bdaf68f675fd,delivered,2018-02-06 20:51:01,2018-02-07 02:52:34,2018-02-08 23:23:07,2018-02-28 16:39:45,2018-03-12 00:00:00
cba50ee7d72101bacb9accfaaf1d087d,a21458e978c59c41679d6a8559bf4a85,delivered,2018-01-22 10:33:42,2018-01-22 14:16:25,2018-01-23 18:22:47,2018-01-29 21:14:52,2018-02-16 00:00:00
e358b1e356a4242ef1e60c1a8e8068a8,7c5aa65f196613f9635005324fe91048,delivered,2018-02-14 21:52:16,2018-02-15 00:31:34,2018-02-16 03:13:36,2018-03-03 08:59:06,2018-03-13 00:00:00
3d087f98b006ae162b5e3b56e7bfdb4a,993a76ab0714792eb45d4ebdd58e9a1c,delivered,2018-01-05 11:04:11,2018-01-05 11:15:29,2018-01-05 21:33:18,2018-01-23 17:41:57,2018-02-14 00:00:00
9cc3e50532214c8372b66872e49ccff9,2dd23b0ca5636d7975c9e9dfe78033ad,delivered,2018-01-15 12:33:12,2018-01-16 07:09:58,2018-01-17 18:36:44,2018-01-19 20:51:17,2018-01-30 00:00:00
cf751a641521be29ac2213cd1756490b,9838497c3447f481f14b780164c2823a,delivered,2018-02-12 22:18:44,2018-02-16 07:55:30,2018-02-19 23:13:16,2018-03-01 19:33:58,2018-03-16 00:00:00
a5eaaae3cb498d839ed901303844db56,9c1381cbefb413e3b4f4be6fb53f5150,delivered,2018-02-01 13:10:00,2018-02-01 13:35:19,2018-02-02 20:13:30,2018-02-17 09:56:55,2018-03-01 00:00:00
bd3f7e369d30332eaf77317c5424e0aa,ff3aa1123b9a7d52d6043adec012e33f,delivered,2018-02-14 13:39:59,2018-02-14 14:20:23,2018-02-21 20:27:06,2018-03-01 16:17:14,2018-03-08 00:00:00
6966b21d5a0ca10f795dc14508c1b7bf,07d2a5fdbee70f085319ad636a84e6cd,delivered,2018-02-24 11:41:05,2018-02-24 11:55:25,2018-02-27 23:37:01,2018-04-19 22:18:27,2018-03-21 00:00:00
31b1f7b1f6a38b7732272da5484ad1c6,3a0ecfe52b994b2589fb52ced98d8166,delivered,2018-02-11 23:34:26,2018-02-11 23:50:30,2018-02-14 22:28:56,2018-03-09 17:32:22,2018-03-16 00:00:00
881a958cb19a9f7d316cec8af42685b2,98b139cb66bbb2eb92119b5ce3d42fa0,delivered,2018-01-24 17:17:05,2018-01-24 17:33:00,2018-01-26 19:25:47,2018-01-29 23:33:55,2018-02-08 00:00:00
7cc23d880ead6eb7ebecb6292435b6d6,59a0b162e6ab2224f7ab84f8692b3917,delivered,2018-01-26 10:06:35,2018-01-26 10:19:19,2018-01-30 23:08:09,2018-02-09 00:04:49,2018-02-26 00:00:00
b7248875eca77a299fa182dc16258c77,c072a080a76a20bf2710e9e90e239149,delivered,2018-02-02 13:22:52,2018-02-02 14:33:31,2018-02-05 18:13:16,2018-02-09 18:39:01,2018-03-01 00:00:00
eaaf4c10be63cb2ea3e02a7512d4d397,98d99ef13469b99a5d50d0cde8b031eb,delivered,2018-01-17 18:34:55,2018-01-17 18:51:09,2018-01-19 18:18:56,2018-02-01 02:55:50,2018-02-08 00:00:00
03eea4a8ecfbf94e0aa787c2d1b098e9,915934f0ade43f0068135a83beead0da,delivered,2018-01-26 00:19:26,2018-01-26 00:32:12,2018-01-26 21:26:35,2018-02-03 14:24:41,2018-02-19 00:00:00
10482cea058f80e06b62b933eba72928,c535ef31f19453feff718c929e078f8e,delivered,2018-02-28 19:27:37,2018-03-01 15:35:35,2018-03-08 20:41:33,2018-03-20 19:29:46,2018-03-22 00:00:00
6b82527b954e1c022661d8827cd5ff2f,0893dbf96f705f3a68f0212b3d2cdec4,delivered,2018-01-06 10:44:15,2018-01-06 10:51:23,2018-01-08 22:19:36,2018-01-11 15:39:20,2018-02-14 00:00:00
9aa14168a046c59b46f06deddfa3c9a4,c61893d0d6060132b88af016afd5cdb1,delivered,2018-01-20 21:26:12,2018-01-20 21:41:12,2018-01-22 23:21:21,2018-01-23 12:17:06,2018-02-06 00:00:00
a87ef9e0075f9e9636d1b1f3162aff06,86dbfdbce3774efc9cbbec339ad6233d,shipped,2018-02-06 18:55:22,2018-02-07 03:10:06,2018-02-09 16:56:52,,2018-02-22 00:00:00
ef13922ec40b82bbcc3c440334a71c76,ec09a9af852389e9ca7e4565b67119eb,delivered,2018-01-27 22:24:11,2018-01-27 22:35:31,2018-01-30 19:38:54,2018-02-03 16:58:31,2018-02-21 00:00:00
017b84f6bee0e4287eb8a8c9f5df549e,931f171166895ae304d6e982ee54d197,delivered,2018-02-14 00:50:56,2018-02-14 01:07:40,2018-02-15 00:17:00,2018-03-07 00:12:50,2018-03-16 00:00:00
75ca39310ce23200e156063e255c3086,0154fa29866c388925f1cb6a76f41368,delivered,2018-01-15 14:38:50,2018-01-15 14:50:37,2018-01-17 13:16:48,2018-01-26 22:36:35,2018-02-08 00:00:00
8b21fb2df5ea38807dc254552c40cf84,54a579d5072fb7ae3f433519428f6cdc,delivered,2018-01-08 19:38:58,2018-01-10 10:32:42,2018-01-15 15:38:38,2018-01-24 21:12:42,2018-02-05 00:00:00
c6ce7b16a4f682bbf13eb4a9efce0d85,cd013fdda3dd0f600f300e67719d776e,delivered,2018-02-19 09:34:59,2018-02-19 10:10:37,2018-02-27 21:54:02,2018-03-05 22:43:36,2018-03-19 00:00:00
b800afd0307bcea5536222116e3d7a4b,9dc9565c601aab5b9b033fbc51ca5b7f,delivered,2018-01-30 22:36:41,2018-01-30 22:52:49,2018-01-31 19:32:16,2018-02-03 11:12:10,2018-02-15 00:00:00
ba42c755d2fd20af5e6ccc193942e46d,85137f7d55bfc6519ee5235ded63f386,delivered,2018-02-02 12:11:43,2018-02-03 02:55:20,2018-02-06 21:26:51,2018-02-16 23:52:19,2018-03-01 00:00:00
220ecdab5fbfc0828024fa22d8a9acb2,c0fa0bcf52ed2ef5f06efde499b5fed1,delivered,2018-02-04 17:48:55,2018-02-06 04:32:25,2018-02-06 19:19:10,2018-02-08 15:58:33,2018-03-01 00:00:00
82f29ec26f706651b906acc60ba4ab72,53e7d67eeb84c9b9c79929c6de3d1612,delivered,2018-02-09 16:49:44,2018-02-10 16:47:49,2018-02-16 02:51:39,2018-03-03 01:32:37,2018-03-06 00:00:00
dec1d79085ef3e4503d07d746591a446,a0c07443440c1810d9fa7dbb31cf8a96,delivered,2018-02-28 19:25:26,2018-03-01 15:40:24,2018-03-02 21:37:21,2018-03-15 19:23:25,2018-03-22 00:00:00
09badf53476a6bda72b4728e858a3433,9872961494c04c3939cc4fa43bfaeb75,delivered,2018-02-05 13:51:27,2018-02-05 14:10:47,2018-02-06 16:04:24,2018-02-19 19:40:19,2018-03-01 00:00:00
bad46ed77a751d33a1a1b352075c3cdf,225eea8847d66d819b5187fc0b35c8ea,delivered,2018-01-11 13:11:51,2018-01-11 13:28:35,2018-01-11 20:51:54,2018-01-30 14:37:16,2018-02-02 00:00:00
23ef69b3ace250bf5783e918620f3919,1bf39be5be5d9dbf2a3ab9338e5d3f75,delivered,2018-01-10 18:54:07,2018-01-11 02:48:37,2018-01-12 20:49:47,2018-01-26 12:05:03,2018-02-09 00:00:00
30135390209cdfedeb251c27001c63e1,d6f50e407023b87c16dabd4972b26ff9,delivered,2018-01-18 12:48:10,2018-01-19 19:49:46,2018-01-23 21:33:45,2018-02-05 21:49:01,2018-02-16 00:00:00
d85d798c30de34a10899fc8df46b330a,1da38ee263b59ad3ae82cdd4d75715a8,delivered,2018-02-04 21:23:24,2018-02-06 03:51:11,2018-02-07 16:37:07,2018-02-19 12:58:55,2018-03-08 00:00:00
1e963f721d264f7633716e84f2554f07,3c7715574eb863d82a63267e28c264c4,delivered,2018-02-24 18:22:44,2018-02-24 18:30:32,2018-02-26 21:56:40,2018-03-14 20:13:38,2018-03-16 00:00:00
7d899835afebf887c5884a7d4f1399de,6ab3b8f014bd8e778319d7f92bdfc494,delivered,2018-01-27 00:00:07,2018-01-27 00:10:32,2018-01-29 22:17:42,2018-02-07 22:28:34,2018-03-07 00:00:00
efa7253c2d9b573cc24cc19a03162399,bb350bf40145b52d47ee7ebd4fa2e485,delivered,2018-01-17 18:05:22,2018-01-17 18:17:39,2018-01-18 22:43:57,2018-02-05 13:53:06,2018-02-21 00:00:00
ccebcd5c2e0f34354c3a594331678a52,019a09b9518cccb899cde6033ca0af68,delivered,2018-02-12 10:09:45,2018-02-12 10:28:10,2018-02-15 19:49:13,2018-03-02 20:07:47,2018-03-13 00:00:00
8da1b0cac91830c54472e2f91579aeff,634591dd7e8bc907a41a5a0d6e450fe7,delivered,2018-02-15 16:48:18,2018-02-15 17:07:37,2018-02-16 21:11:38,2018-02-27 17:37:43,2018-03-12 00:00:00
0fdf3166230480d0c55e5d70a2da40c2,5d0c9457c263e1d0fa562f42e6d92f79,delivered,2018-01-26 18:43:05,2018-01-26 18:52:06,2018-02-01 20:04:08,2018-02-05 19:34:23,2018-03-05 00:00:00
9888c63722f4013669bbb7fa059d4641,70bd203d5b9fb533a0409fe77ab05bf4,delivered,2018-01-16 20:43:28,2018-01-16 20:50:44,2018-01-17 18:56:28,2018-01-19 21:07:19,2018-02-06 00:00:00
9e99a131a8798c3985381f4f7c96d56e,d9287300a4a22b52cebc3186370089bb,invoiced,2018-01-19 12:52:52,2018-01-19 13:14:42,,,2018-02-16 00:00:00
ee748540786ca7a510e0889be7ef88ca,c781fa3d6c98179000534f31d861c594,delivered,2018-01-10 22:19:01,2018-01-12 02:35:48,2018-01-13 02:49:58,2018-01-15 18:12:11,2018-01-24 00:00:00
e2ee779edcba1ef236bcfe0260dfa5d5,81f10b625ff76949f3d454776b55ce31,delivered,2018-01-29 19:37:34,2018-01-29 19:53:46,2018-01-31 14:23:06,2018-02-15 22:55:07,2018-03-08 00:00:00
4cf58ec9c2d5bfdae2390471f7836fca,d1a7592390f4a2e595a0f77f62e0a5b5,delivered,2018-02-05 14:23:52,2018-02-05 14:48:21,2018-02-06 18:58:54,2018-02-15 21:23:26,2018-03-01 00:00:00
732c61dedcbe590b6b5d8a7609bf25b2,f4f26be1188a8977388672a08eabacbf,delivered,2018-01-08 15:23:31,2018-01-08 15:33:18,2018-01-08 23:33:03,2018-01-10 21:36:54,2018-01-31 00:00:00
e08f922f045b1291625cda1c4187c7a5,112ef437256ead163d4a365b66cfc539,delivered,2018-01-09 14:21:32,2018-01-11 03:09:09,2018-01-11 18:04:28,2018-01-23 23:44:36,2018-02-14 00:00:00
fccf0d3397491d555ae0d9a4689bfc29,b4eb3f1d026daac5c6876d4902bd4773,delivered,2018-01-15 17:45:56,2018-01-15 17:53:27,2018-01-18 14:33:12,2018-02-01 21:12:34,2018-02-07 00:00:00
3584d93ec7610facf103828da12da2f5,0ac36672d28d61ebe5ae59cfa1ea6291,delivered,2018-01-03 14:53:41,2018-01-03 15:07:34,2018-01-04 17:22:35,2018-01-05 12:59:19,2018-01-19 00:00:00
5617a131d53f18d61b0b90a2d279e820,1983ae20619ddc364ff76267d7130d4d,delivered,2018-02-18 17:44:41,2018-02-18 18:46:48,2018-02-21 09:47:11,2018-03-13 00:48:41,2018-03-15 00:00:00
556bb5c8ecb64be5ee1ee039d4376432,98eae6798cbe981fdb74e8dcc74fb38b,delivered,2018-02-28 17:43:05,2018-03-01 16:10:40,2018-03-03 17:16:44,2018-03-16 00:32:49,2018-03-19 00:00:00
807e1137296f0952dc5038aadf9d1f76,a662286fb279d4641c7b8ca455a4f692,delivered,2018-02-06 16:33:24,2018-02-07 02:55:55,2018-02-08 23:43:03,2018-02-28 18:27:42,2018-03-08 00:00:00
edcaded448abfc7302a12be6f10cbdec,ea6e4b9a3c6507d36ac172f95c32b2a4,delivered,2018-02-13 19:59:41,2018-02-13 20:15:25,2018-02-14 20:53:09,2018-02-26 15:43:46,2018-03-07 00:00:00
42d8cfd4e239b47ae745848a8bdd5193,43052296c9ba662bc8628ebf9661a86d,delivered,2018-02-26 10:30:52,2018-02-26 10:50:48,2018-02-26 21:23:24,2018-02-27 12:38:55,2018-03-12 00:00:00
7d2ce95144e1dac8886fa0b3d498baf2,716fd5f79daef847a1b093ec2be493f1,delivered,2018-02-13 20:16:06,2018-02-13 20:25:26,2018-02-15 22:42:50,2018-02-16 22:08:10,2018-02-26 00:00:00
f9ae93cf1664881693318b7684ab45b3,d726d766a679f3818fa5324c8b4bad77,delivered,2018-01-14 20:37:27,2018-01-16 03:51:21,2018-01-18 17:26:50,2018-01-30 19:26:06,2018-02-09 00:00:00
d1c0be9650d4276bd67e6f8cd3af248b,dcde62303950a15fc5b2aea31c11f5a8,delivered,2018-02-04 15:39:37,2018-02-04 15:55:33,2018-02-06 01:33:05,2018-02-15 16:59:21,2018-03-06 00:00:00
cac853d40d32850dba1ccff2c9f17269,95d547a25fb680954f9e73390afbf17f,delivered,2018-02-18 21:58:51,2018-02-20 07:15:50,2018-03-12 19:22:26,2018-04-03 19:28:34,2018-03-14 00:00:00
b16644ef8d90f85510ad8fc9741edd46,3949c25056847b9a7575038115169dbe,delivered,2018-01-21 13:16:00,2018-01-22 13:50:04,2018-01-24 23:22:11,2018-01-26 18:06:38,2018-02-06 00:00:00
f95bc347226e75c87d4c329d25f64970,ac4799a8aa8f7ec9213b489cf941cc2a,delivered,2018-02-05 22:43:46,2018-02-05 22:55:31,2018-02-19 14:06:29,2018-02-20 23:38:11,2018-03-12 00:00:00
cafe15573de0adda53dee071a1aa450f,0530963cc6bdc31ca98ac61d7514efc3,delivered,2018-02-16 15:09:23,2018-02-16 15:26:55,2018-02-21 01:22:05,2018-02-27 02:49:15,2018-03-12 00:00:00
6631686db32c17309079cd521afd5a7d,fa50e1ab4bfb82d7f1fd7f6f78e6c830,delivered,2018-02-01 22:52:28,2018-02-01 23:10:38,2018-02-05 14:38:50,2018-02-16 21:42:09,2018-02-26 00:00:00
a632507614b292ff5f60b5282ba78df1,7b26720e0d801bebb3cccbc054d0ef55,delivered,2018-01-30 16:28:51,2018-01-30 16:55:54,2018-02-03 14:52:52,2018-02-14 16:34:15,2018-03-05 00:00:00
aadb1fe538675aa88c90a42a6ef92dc9,2f59aa176d0ee1395a0a9dc5cf865458,delivered,2018-01-21 16:19:23,2018-01-22 13:53:33,2018-01-23 16:35:25,2018-01-31 17:35:54,2018-02-19 00:00:00
2b86b00276fcf833862d7d1c8dfd1607,0d290f873d4cb504c2bcf80afb73587d,delivered,2018-01-13 20:08:06,2018-01-13 20:15:25,2018-01-15 21:09:42,2018-01-18 16:34:02,2018-02-08 00:00:00
09e04558408bf0fe846b66132dc5d64a,3b66c28f77179c08a558c7c45540b6aa,delivered,2018-02-23 14:47:25,2018-02-23 14:55:40,2018-02-28 23:04:28,2018-03-13 20:05:22,2018-03-21 00:00:00
243e51c6daa403a763ee38c31ebdb883,a92793be3ea218a1c299ef149d5584c2,delivered,2018-01-04 08:58:51,2018-01-04 09:06:24,2018-01-05 12:18:52,2018-01-12 22:27:05,2018-01-30 00:00:00
403990c5fffd698dc79416488b3fb1fa,285e15a5082cbec97b3693a5806bd562,delivered,2018-01-15 14:43:53,2018-01-15 14:53:29,2018-01-17 20:22:06,2018-01-20 11:18:33,2018-01-30 00:00:00
ee3e4667c7774f7a6b61e1990ec78cf4,ad21195ebbb59e7ee06a5f4a769037c2,delivered,2018-01-09 15:31:14,2018-01-09 16:32:35,2018-01-11 22:10:46,2018-01-12 21:56:11,2018-01-26 00:00:00
4ef685e6dcade551ce14cb3783ca664d,0e8e2f7bf1242ec3421144a8c8c5128e,delivered,2018-01-23 21:03:23,2018-01-23 21:20:22,2018-01-24 18:22:57,2018-02-23 01:17:38,2018-02-16 00:00:00
dcaa8a5fd8f675e791daccbbbc9caf11,2b2d00cc7790247c69d95d823c8d9c6e,delivered,2018-02-08 11:26:09,2018-02-08 11:50:38,2018-02-08 21:39:07,2018-02-21 11:08:58,2018-03-19 00:00:00
10c3c7fea20a1ed15c6e55e90b3fb084,674fa8530087a50d62a68830c4221ce0,delivered,2018-02-08 19:22:36,2018-02-08 19:35:32,2018-02-09 23:48:47,2018-03-19 18:54:42,2018-03-02 00:00:00
c84672629542fa3983b0f44124ab25f7,d2f3a09f97d3d7711d2b8b15993dd275,delivered,2018-01-13 19:23:06,2018-01-13 19:33:26,2018-01-18 18:39:55,2018-02-02 01:10:05,2018-02-15 00:00:00
380886e93bc686d76d710cff9c36ebe3,9eaccb0d6f9e15e40ee4e61937c03f60,delivered,2018-02-12 11:37:57,2018-02-12 11:48:16,2018-02-16 01:26:54,2018-02-19 17:13:02,2018-02-26 00:00:00
05302619b1bff6733f64a97851af68cd,e3f62212035039c920a8409127b09a41,delivered,2018-01-21 14:04:33,2018-01-23 03:36:53,2018-01-24 23:12:41,2018-02-07 21:27:04,2018-02-14 00:00:00
41a1702de429a9f03364932da1ff1986,477dbe012cf30f41f78e400b11aa5013,delivered,2018-02-04 18:10:42,2018-02-04 18:29:42,2018-02-08 15:43:06,2018-02-25 20:35:29,2018-03-05 00:00:00
535a9f00a598a142db67ed0a61a9a52b,f0254df400bc42848989555bf70a5b51,delivered,2018-01-14 19:34:06,2018-01-14 19:48:46,2018-01-16 22:28:44,2018-01-18 14:17:46,2018-01-30 00:00:00
3af427dfb9464cd660ac27292bb5d30b,296fcaa5fafeccd48433a91f4019d99b,canceled,2018-01-30 13:28:14,2018-01-30 14:21:31,2018-02-01 01:58:41,,2018-03-01 00:00:00
a86139e0d4d95f37f763ce3060d04982,3936365b0df3a48f46163861eaa23db4,delivered,2018-02-27 21:56:07,2018-02-27 22:48:11,2018-03-01 17:58:41,2018-03-02 19:07:22,2018-03-27 00:00:00
ef782bb4dc72950173bc2fd3dd651433,ae0870b4367021d653e2a81999273274,delivered,2018-01-22 10:42:44,2018-01-23 03:52:29,2018-01-23 21:46:52,2018-01-26 21:42:21,2018-02-06 00:00:00
94be63e1a7ab923288bebfdca7e71e84,18c3eac6cbd75dce23b4c6a230341659,delivered,2018-01-26 12:08:45,2018-01-27 12:14:38,2018-01-29 19:33:54,2018-02-10 01:22:55,2018-02-23 00:00:00
693868f7e2e4ec2b5d0f1f35daee6917,a8dac1629e61a7b49a0cebd4ead70549,delivered,2018-01-31 11:48:09,2018-01-31 14:21:19,2018-01-31 23:42:38,2018-02-16 21:21:59,2018-02-26 00:00:00
f49641d770ece70998b7b5ac891b3cd4,9dcedc76265e3bfef169075507093ea9,delivered,2018-02-12 12:12:34,2018-02-12 12:28:20,2018-02-15 00:27:29,2018-02-19 16:57:09,2018-02-26 00:00:00
4733b3de4bf04376a9d53930899ef18c,e8d32260f2ebace5f1b80c9b213601ff,shipped,2018-01-08 14:16:01,2018-01-08 14:28:11,2018-01-10 20:14:13,,2018-02-14 00:00:00
c453fb0ec44f618a32abcad5c873d06f,1f11568f8aa695fec4b6ae5d9cf2710f,delivered,2018-02-16 11:26:01,2018-02-16 11:35:22,2018-02-16 21:17:59,2018-02-24 11:35:12,2018-03-09 00:00:00
bf1e7cb733b5f8b20f249a57e21532e9,2d763d0f57fa03aec2dff29afef963d7,delivered,2018-01-27 22:01:42,2018-01-27 22:12:59,2018-01-30 18:08:50,2018-02-07 12:14:33,2018-03-01 00:00:00
4e71292813192531d46de4a94b8ba881,9bf26789347373fdee54ca67f973cf29,delivered,2018-02-07 22:46:48,2018-02-08 22:50:29,2018-02-09 17:14:59,2018-02-15 00:28:51,2018-02-26 00:00:00
af93e16ddf586c99d807b5b6a68903ac,e4382ec62fc7e2f00f5728c2a5395c11,delivered,2018-01-04 14:37:29,2018-01-04 14:49:26,2018-01-08 16:45:04,2018-01-12 23:02:54,2018-01-29 00:00:00
2c1ccd5d927cd108ebbdf62741bf5dc7,4b88365b45f660f21ad6d56557871ed5,delivered,2018-01-12 13:18:30,2018-01-12 13:30:22,2018-01-17 00:58:56,2018-01-22 19:29:24,2018-02-14 00:00:00
455f0e2655475e2d69c91c45490550a5,79fe43e014435439f7e9d753a4bb720e,delivered,2018-01-31 22:09:40,2018-01-31 22:29:46,2018-02-02 00:07:14,2018-02-07 18:32:52,2018-02-23 00:00:00
1e9fe7f88eb9a4b4378f7e80d37855a0,d59f49a089c44f53e700fbd0e951bc1c,delivered,2018-01-12 10:05:51,2018-01-13 02:05:38,2018-01-15 20:07:45,2018-01-23 00:28:42,2018-02-14 00:00:00
c70ddc702499e20988c929a93a3f1c57,e43b292cfcb72251dc4d75a8509db504,delivered,2018-01-05 14:56:40,2018-01-05 15:56:24,2018-01-09 18:59:11,2018-01-20 18:48:40,2018-02-16 00:00:00
cba1b88e10f4504583b2b9750ac67e03,ad35def6d6e9fb6f4c678377fbf8843c,delivered,2018-01-15 12:20:42,2018-01-15 12:28:19,2018-01-19 20:14:50,2018-01-20 16:23:10,2018-01-30 00:00:00
357e26bc92e720c2b487e879d07506d7,db56963929040d06bd7bdb35d3f66883,delivered,2018-02-25 15:10:10,2018-02-25 15:27:47,2018-02-27 04:17:00,2018-03-21 21:11:43,2018-03-19 00:00:00
1c939324bacd87c65d030c7974e38338,be18603bce09d123fbcb26af9ec069c5,delivered,2018-02-14 18:10:38,2018-02-14 18:20:48,2018-02-16 00:22:28,2018-02-19 16:45:07,2018-03-07 00:00:00
49255b429bbe9a429b8bc9f7d77a2b99,32a49c42e4bc78e6453e53c6719f6196,delivered,2018-01-22 10:16:24,2018-01-22 14:16:05,2018-01-23 23:47:31,2018-02-01 00:07:14,2018-02-19 00:00:00
fe537e6a4ecefcef1306d5d67ed38c16,5fb6fe8fac6572d421201d0db52a0d9f,delivered,2018-02-17 19:16:50,2018-02-17 19:30:22,2018-02-19 23:12:12,2018-03-09 16:28:24,2018-03-20 00:00:00
8af022ef5bcb85da7e559f43367171bf,5d620255702bc2d194c87b2911951aa7,delivered,2018-01-08 12:11:29,2018-01-08 12:27:42,2018-01-10 11:03:29,2018-01-16 21:11:45,2018-01-31 00:00:00
16d24a8a330d9b6c2f6da0affce94de9,5bf991bebb6a7053340479fe6ab89f40,delivered,2018-01-24 13:36:55,2018-01-26 03:18:33,2018-01-26 22:09:21,2018-01-30 15:42:53,2018-02-20 00:00:00
d5bd26cb62e49fde71c09ef5039cf2f6,5e63d746b7b0811e6e09d7259661ca25,delivered,2018-02-27 20:19:32,2018-02-27 20:30:25,2018-03-08 13:24:50,2018-03-28 17:46:35,2018-04-04 00:00:00
53a2fc4e276fa45a7962cec897d2bc89,96884edb162028aa1d676fdd30629d7b,delivered,2018-01-18 11:37:39,2018-01-18 11:55:10,2018-01-22 22:35:46,2018-01-25 22:25:35,2018-02-08 00:00:00
ef66a4451c6f9f04d3656be7e9034f1c,f85878687f6da02b2111c606896deee5,processing,2018-01-01 20:40:57,2018-01-01 20:50:24,,,2018-02-02 00:00:00
78cf5dc2baadfbac2c47c6ef7c2a2282,bdced1e75dafe66bd70dc84af644bca7,delivered,2018-01-12 16:19:31,2018-01-13 07:48:35,2018-01-17 18:55:35,2018-01-23 16:09:26,2018-02-07 00:00:00
06486b73d8d1705c15e0d13f6adcbf84,7f29240004dd657bbdf131b0ec558634,delivered,2018-01-20 18:32:47,2018-01-22 13:50:53,2018-01-23 21:34:05,2018-01-25 16:03:44,2018-02-06 00:00:00
0347e77ba3ffb1d21339231e1f882b5c,d98cc303c53b826e8a2187c4f04c100e,delivered,2018-02-05 17:50:42,2018-02-05 18:11:27,2018-02-06 23:23:55,2018-02-15 20:12:13,2018-03-09 00:00:00
52e8d4898a4cd3b8234d0db5502b382e,e94397bc81d08a1d2a95ed0882b8bbb8,delivered,2018-01-10 20:35:10,2018-01-10 20:48:17,2018-01-11 14:30:44,2018-01-22 23:38:37,2018-02-14 00:00:00
e77b736410809924bdd6ceea09559cfb,7ecea05fb45e5208fd13ae378cedc623,delivered,2018-01-26 21:07:20,2018-01-30 04:31:25,2018-01-31 13:17:00,2018-02-15 22:09:24,2018-02-22 00:00:00
a96e2225313364ff034785d66ffc89ff,bfff9e1eedf0afc338a1ffb428c0354f,delivered,2018-01-09 12:42:15,2018-01-09 12:50:33,2018-01-10 16:47:20,2018-01-25 13:38:27,2018-02-06 00:00:00
e6cd4f25f98e93b4ee451af4b06c777c,64d0b45a2d375f50cf34382f6949d70d,delivered,2018-01-17 21:29:08,2018-01-17 21:50:21,2018-01-18 16:37:29,2018-01-24 13:12:51,2018-02-15 00:00:00
d4c04d37c42b6f03e9a2072bad331bbc,7d6c81f79e5c42187c42bf6af52ac046,delivered,2018-01-18 11:58:13,2018-01-18 12:17:52,2018-01-18 21:04:12,2018-01-19 18:42:05,2018-02-02 00:00:00
50c057d3ce876e5fa2f5b9bb5e7cbe22,236a783c1ae829341bf56aeec56b5547,delivered,2018-01-17 00:40:37,2018-01-17 00:51:37,2018-01-18 18:14:24,2018-01-30 18:41:11,2018-02-14 00:00:00
4438006ddb5015b3c15d1d5e6c83c80b,caba2eba9fa3f3a3a838cc2a8307edc3,delivered,2018-02-16 11:46:02,2018-02-18 12:26:49,2018-02-21 18:09:08,2018-03-17 18:03:39,2018-03-12 00:00:00
e9127430dbed91fff9f8be5b50f3c808,c4c81ff3e35e9170bc2cd16c291963b5,delivered,2018-01-27 14:03:26,2018-01-27 14:12:53,2018-01-29 23:08:44,2018-02-09 21:16:50,2018-03-07 00:00:00
e32a5647b61199db6ed9118d2de5ee5d,acf5ff42d19e917a14f2da1e8b81cf9e,delivered,2018-02-08 12:57:36,2018-02-08 13:10:31,2018-02-09 17:52:09,2018-02-21 18:59:15,2018-03-06 00:00:00
0db053a048333680c09114ac4f231a79,483bee82533502236b68f79d985e327c,delivered,2018-02-26 19:25:21,2018-02-26 19:35:24,2018-03-01 18:22:22,2018-04-18 20:24:31,2018-03-23 00:00:00
9e6dbf2535201b87c18bdf90bf117204,989c193cfe0018c75470fb0549603d52,delivered,2018-01-02 10:06:33,2018-01-02 10:15:19,2018-01-03 17:28:57,2018-01-09 19:27:58,2018-01-24 00:00:00
c9e99f4780a721d1f0b532ca7f1c00d5,85196fa7d9cc267bb18a09a42a320b84,delivered,2018-01-18 22:42:13,2018-01-18 22:50:24,2018-01-20 01:27:37,2018-02-02 19:36:08,2018-02-09 00:00:00
f7d17bafe7c67afef77b8a96ad5abfd3,c50977225ea8106769613f88e9ca304e,delivered,2018-01-21 22:03:37,2018-01-22 14:01:37,2018-01-23 15:44:51,2018-02-09 19:31:38,2018-02-21 00:00:00
f50831820f59c2d3dabc561246c10d8c,2bfdf8e6b7427dccabf26c8138a6e03a,delivered,2018-01-22 14:07:22,2018-01-22 14:33:07,2018-01-24 19:18:54,2018-01-30 15:57:05,2018-02-14 00:00:00
6cd62576e07ee4e0d114e65358f5d503,adedcf3136a3eef7b9c2a65d778c72c2,delivered,2018-02-14 11:40:41,2018-02-14 11:55:23,2018-02-21 20:58:58,2018-02-22 21:10:00,2018-03-01 00:00:00
9006464e8413a8fed96d20843c6c5ea2,fd168731e205785ef438595d70a43618,delivered,2018-01-08 15:00:56,2018-01-08 15:11:28,2018-01-09 20:16:06,2018-01-15 17:02:24,2018-02-06 00:00:00
1f6ed5c41056590e82cd3764a809e2f2,2d2fddcb051ba1be58126988e10b34fe,delivered,2018-02-19 11:58:43,2018-02-19 12:15:50,2018-02-26 22:48:44,2018-03-06 17:44:22,2018-03-09 00:00:00
b2bd1f09c1b8a4a36940f6f6e49d5dec,8ed14e450a6268ec13f325e7c2eafeed,delivered,2018-02-02 16:15:41,2018-02-02 16:36:26,2018-02-06 01:28:26,2018-02-20 18:09:29,2018-03-07 00:00:00
517edfde8ef25f2a7f7da80e82c77c27,8699d0149c8c7df92b6a8c3c0a272639,delivered,2018-01-05 09:57:09,2018-01-05 10:09:37,2018-01-09 17:51:52,2018-01-23 16:02:56,2018-02-14 00:00:00
14c0c0bebe2cd50fb1dbdee84fbae03a,7ac0cc6086ab6987cb2bf47141b2288a,delivered,2018-01-04 14:05:07,2018-01-04 14:15:30,2018-01-08 20:46:20,2018-01-17 16:42:05,2018-01-29 00:00:00
041273e1165dd64068aa28edb4a0cf5a,2e5091c4326d04e10780f540758d9893,delivered,2018-02-28 16:31:27,2018-02-28 16:51:32,2018-03-05 20:14:47,2018-03-13 00:44:30,2018-03-23 00:00:00
36d434b5513fb789bc34ac7796e53cfe,bffccdc4f614a1ce8fcf750bb0a7ab9d,delivered,2018-01-14 18:48:21,2018-01-14 19:09:21,2018-01-18 23:07:27,2018-01-26 14:46:33,2018-02-14 00:00:00
cce13b8231a7002dd50506e8c80f44ac,2078701371ebba3f7078c65e8baf9136,delivered,2018-01-19 12:56:10,2018-01-19 14:34:12,2018-01-22 20:23:06,2018-01-26 23:42:37,2018-02-09 00:00:00
7b138921061fdd90eace63dea3d27475,f856a9146afc00dcda2ebb35a08520ae,delivered,2018-02-28 02:07:10,2018-03-01 03:20:31,2018-03-02 20:22:17,2018-03-15 16:21:52,2018-03-21 00:00:00
a75aad2fd41164a516a1257b45670f4d,18787b752a0bbc71f492be954553e985,delivered,2018-02-27 19:39:21,2018-02-28 10:15:32,2018-03-02 10:58:53,2018-04-20 19:57:30,2018-03-20 00:00:00
befb196fa280970252933ab714144a24,10a2fbde93ea4041295f9f209c016734,delivered,2018-02-06 14:58:05,2018-02-08 07:49:47,2018-02-09 23:09:22,2018-02-28 01:38:46,2018-03-05 00:00:00
9cf62f240f501435b77f4d448a2b5f39,6b2841f584f046ce582a6a12ca0ae051,delivered,2018-02-04 13:30:00,2018-02-04 13:49:11,2018-02-06 22:26:45,2018-02-07 20:57:38,2018-02-21 00:00:00
5ccd69da99dd59c9e1c847b22db149d1,02f168d7655c9268a8a7aa7dbd515c11,delivered,2018-02-14 14:20:29,2018-02-14 15:00:24,2018-02-15 20:18:35,2018-02-16 20:09:13,2018-02-22 00:00:00
df125b2cdede89b0ff68ccfb07682470,d53c58d46fe507c0621e1e88769903e8,delivered,2018-01-13 07:29:36,2018-01-13 07:38:21,2018-01-16 18:18:46,2018-03-08 09:23:58,2018-02-09 00:00:00
6f95997d009a6c89f18029f779a6de56,d0059e82d12bd59f23e4e09b322e8d57,delivered,2018-02-05 10:16:36,2018-02-05 10:35:36,2018-02-05 20:12:25,2018-03-18 16:19:43,2018-03-06 00:00:00
ef161f48adcaeede5920308df1c280b6,5491f5b2f7ef061ae1fb0b14b0fcb434,delivered,2018-02-26 11:32:03,2018-02-26 11:55:58,2018-02-27 19:45:06,2018-03-12 15:08:44,2018-03-21 00:00:00
33c7e7493d8049f7248e39fd3019ed6f,ef55f60b60d98b319265b2d268c14add,delivered,2018-01-03 22:20:04,2018-01-03 22:30:26,2018-01-04 15:53:02,2018-01-16 23:09:24,2018-01-31 00:00:00
18fda8c87fb70dfe4ab751acd63e39ff,0dfd0d69ff0b50c8dc4d6b7a5619dcef,delivered,2018-02-13 11:57:45,2018-02-15 03:55:50,2018-02-21 20:27:01,2018-02-28 22:04:41,2018-03-12 00:00:00
014e78d1239f19fdcafd760d3e52f923,bd5dee4ca2945a0ecb54846178944df9,delivered,2018-01-26 10:45:35,2018-01-26 11:01:17,2018-01-29 21:33:48,2018-03-08 23:50:42,2018-02-26 00:00:00
5bc2a7b8f0817443a86b69461e742cc9,e24c95c7fcea91f9d8e06c7b2a139301,delivered,2018-01-03 12:40:29,2018-01-03 13:31:57,2018-01-03 22:25:00,2018-01-12 21:59:18,2018-02-01 00:00:00
d6cd6f2a2537414f83cadc49e6e02e3f,03d68326e3785e49748a00805e89e61c,delivered,2018-01-18 00:25:51,2018-01-18 01:30:54,2018-01-22 22:37:02,2018-01-30 15:41:58,2018-02-16 00:00:00
ec83ca33654b7762ca475188a2152211,9b62dcdf7d09676e6155d051c2fa0121,delivered,2018-01-31 18:59:31,2018-01-31 19:11:18,2018-02-01 23:59:36,2018-02-20 17:07:45,2018-02-22 00:00:00
b8702f50a689621ab21ef200b55a5b8d,bf2854da4d893079388d84e0382f8d9c,delivered,2018-01-06 21:54:20,2018-01-06 22:07:28,2018-01-09 23:10:06,2018-01-15 20:16:56,2018-02-06 00:00:00
05739db46faf3be7dfe1b0f0ec37689f,5a39602202cb2bb7fe86f395f7f25252,delivered,2018-02-22 13:18:58,2018-02-22 13:35:21,2018-02-26 09:53:06,2018-03-09 01:22:26,2018-03-19 00:00:00
8a8a994e1490309488dfb4f502f76b0c,ee942848b42d179e07bd0979c23fd853,delivered,2018-02-14 13:05:06,2018-02-14 13:15:38,2018-02-15 20:21:39,2018-03-07 22:13:42,2018-03-08 00:00:00
ed6276997e362e1ac151005a739fd684,b6092aeb3797d96e6cd8d9c586e8493b,delivered,2018-01-16 19:36:19,2018-01-18 02:12:53,2018-01-19 18:22:13,2018-02-26 21:08:25,2018-02-16 00:00:00
4ae524821b5a89c26637f2dbba54c40e,5e84c9adddbf5d43f14223c9da669158,delivered,2018-01-15 19:16:01,2018-01-15 19:30:15,2018-01-16 23:15:06,2018-01-31 15:52:54,2018-02-07 00:00:00
5253f3630960eb737c90b4ea7cf42614,988a863eab010820b4f4bfff09e2a13c,delivered,2018-01-31 14:06:09,2018-02-01 03:15:37,2018-02-07 20:07:06,2018-02-15 23:35:59,2018-02-16 00:00:00
a310dd02fa5c5747f8a6fdc884dc41fa,7c21fd428a1579295cd2ba027ac639f4,delivered,2018-01-15 11:04:05,2018-01-16 03:40:08,2018-01-17 02:45:02,2018-02-08 22:53:15,2018-02-14 00:00:00
65b083a73802b06ce985dcc501f63181,bea786469988f01a94221fbda07470f4,delivered,2018-02-10 18:09:15,2018-02-10 18:25:42,2018-02-14 19:58:29,2018-02-21 13:37:42,2018-03-16 00:00:00
96caea89f911608c4d05f012e3c4efa9,269253c44f10c64d69d01f4308dc66e7,delivered,2018-02-09 17:12:43,2018-02-09 17:30:24,2018-02-19 16:41:47,2018-02-22 20:58:10,2018-03-09 00:00:00
3b7ac17897c36edfdfc207217bae1d5d,16e28bea52f770767fe899a415600da3,processing,2018-01-15 16:46:24,2018-01-15 16:58:25,,,2018-02-08 00:00:00
29ae62fd6471b0273901154265c09fd9,c1bf32b941087fc7379e2897279b3b40,delivered,2018-01-16 13:44:45,2018-01-16 13:56:05,2018-01-17 22:28:40,2018-01-25 21:08:45,2018-02-09 00:00:00
334835dee6d2994b7a4c3a396763520b,a06b4234539b780ad912a4704112dbbe,delivered,2018-01-16 19:10:27,2018-01-16 19:31:16,2018-01-18 19:07:03,2018-01-31 17:19:37,2018-02-19 00:00:00
c0afa67d21507622f9edddcf9b56ee4b,854f8d359fdc27c049eee8af2e9607c6,delivered,2018-02-07 15:19:19,2018-02-07 15:30:46,2018-02-22 20:13:38,2018-03-23 16:26:25,2018-03-19 00:00:00
a13c2dd333f7fc6e2cc260f2e307ae0e,0a887e506b9ca97cf5c00190118d6c54,delivered,2018-02-22 15:43:46,2018-02-22 16:10:09,2018-02-23 22:45:51,2018-03-19 23:04:43,2018-03-26 00:00:00
4244bb7994cdcf8c2a63651b4fba924c,c06e2d2854074308f2778ef16afcf777,shipped,2018-01-07 16:15:47,2018-01-07 16:22:21,2018-01-11 17:14:35,,2018-02-05 00:00:00
75fb82fb938aeaf36ab0b8b670deb1d6,fe545ad78bc59d1a99427c3e5f99ecca,delivered,2018-01-07 01:33:10,2018-01-07 01:47:15,2018-01-09 20:13:44,2018-01-13 00:29:27,2018-02-06 00:00:00
ca710aeaf469a14db2f46bf1bf7f5c54,a98e0b3366f5ae4760cd3764c5b518f9,delivered,2018-02-17 14:21:33,2018-02-20 07:27:31,2018-03-14 21:46:27,2018-04-02 16:38:57,2018-03-14 00:00:00
7d75fea897072c408995ab156c16ff30,c35f792ee62cc45e96fe4764a23a53f8,delivered,2018-01-24 10:17:45,2018-01-24 10:32:40,2018-01-30 01:13:19,2018-02-08 17:33:33,2018-02-22 00:00:00
100ad9dbc9d9b325495758270807e3aa,c6afc87168ed229907f48e0b57f79ff4,delivered,2018-02-16 14:01:10,2018-02-16 14:15:25,2018-02-16 22:58:58,2018-03-14 20:32:49,2018-03-15 00:00:00
127f9a529b28fc93cac5f4084c3e51cd,2a53f3199fcee03f03574df11017c720,delivered,2018-02-25 09:16:50,2018-02-27 04:30:55,2018-02-27 16:10:14,2018-03-05 19:23:32,2018-03-21 00:00:00
f115b668258e0abcf6bf0e4f5aea2eb9,e138796477a31ad9d26398b9f46a45b0,delivered,2018-01-16 13:38:50,2018-01-16 13:50:51,2018-01-23 12:32:12,2018-02-01 18:46:36,2018-02-06 00:00:00
7ee0e2f367d7e05c73dc79fcffd09365,9cfea8f7953ee81514d01958ba8e4abd,delivered,2018-02-21 17:56:58,2018-02-21 18:09:57,2018-02-26 20:32:36,2018-03-03 00:25:07,2018-03-13 00:00:00
c34a43c027fa7de5cb6c02735ada2ffd,3b05fca1080c0c66f1aaa13dfbbc82ea,delivered,2018-02-03 14:20:05,2018-02-03 14:30:27,2018-02-06 00:24:43,2018-02-15 23:07:42,2018-03-01 00:00:00
d887b52c6516beb39e8cd44a5f8b60f7,d9ef95f98d8da3b492bb8c0447910498,delivered,2018-02-03 12:38:58,2018-02-03 12:50:30,2018-02-05 21:26:53,2018-02-22 00:07:55,2018-03-07 00:00:00
69cd806f54b86ec97dfbc6e717691e86,6974faf3955385817f89a280c51c2f46,shipped,2018-01-23 21:05:30,2018-01-24 21:36:19,2018-01-26 14:27:49,,2018-02-07 00:00:00
dabc3532f4548867a4095bb24ad1f66e,42ceed495d827c53515fdd269934ed96,delivered,2018-02-26 09:14:31,2018-02-26 09:35:39,2018-02-27 21:09:40,2018-03-02 15:58:40,2018-03-12 00:00:00
807e0bcda46d81432d5c84ae79bb1032,a1e65f5f12d39fd6d16d0f74cf754dec,delivered,2018-02-10 10:11:21,2018-02-10 10:28:07,2018-02-15 15:49:41,2018-02-20 18:23:18,2018-03-06 00:00:00
2a3e60ce1465b6fd5a3702e28871fd70,ec8f5bca72f4ef30971298e5c1a7a8c4,delivered,2018-02-09 10:53:13,2018-02-10 02:35:45,2018-02-15 23:13:14,2018-02-21 00:39:00,2018-03-12 00:00:00
c0739e18e44f89c88bfbb497c5f11f52,5c217eec6be89d81398a0e1ff06c2673,delivered,2018-02-18 13:29:13,2018-02-18 14:30:23,2018-02-21 03:37:05,2018-03-19 21:37:42,2018-03-19 00:00:00
f1e5e253b034f7de87843fe5dc8693af,36efd32104e8b48038e2f4dee07c3935,delivered,2018-01-11 21:16:23,2018-01-11 21:28:27,2018-01-13 02:51:49,2018-01-23 20:23:20,2018-02-02 00:00:00
0a859572e5956923f4b083363aae7d7b,6afc62083bb702009f39e1b65e3bf2a3,delivered,2018-01-15 15:42:50,2018-01-16 03:50:55,2018-01-17 12:43:07,2018-01-26 14:45:56,2018-02-06 00:00:00
0babf33efe3b411528d29e03b76acc5d,8c6d3fcd7164c66c11e742d3799118bf,delivered,2018-01-30 19:30:05,2018-01-30 19:54:00,2018-01-31 20:22:32,2018-02-19 22:52:07,2018-02-23 00:00:00
4624f54e368960605699b48f08d4ff9c,e056537de5ed9ff8fd487a5ad9570f45,delivered,2018-02-22 15:24:20,2018-02-22 15:35:41,2018-02-27 02:55:25,2018-03-19 18:42:36,2018-03-23 00:00:00
0f678c7e594e9fd0203bb134c9bdf778,636fc788dff5948716dfe026ba361b98,delivered,2018-01-13 20:30:18,2018-01-13 20:39:26,2018-01-16 15:16:14,2018-01-18 22:10:03,2018-02-01 00:00:00
f7687ac7f841e3dfa274c20c2b7b7822,1fee8a461ed430f2a0a4ee0b68c9f1dd,delivered,2018-02-06 09:47:41,2018-02-06 10:11:36,2018-02-08 00:57:59,2018-02-15 20:23:48,2018-03-02 00:00:00
766bcee6e8be3f493822ddaeaa9165b0,eeca9c49930c852bd876095e673d06aa,delivered,2018-02-17 11:56:21,2018-02-17 12:07:14,2018-02-19 23:13:31,2018-03-01 01:45:36,2018-03-19 00:00:00
73420d311b56ca667f78b32cfccea8eb,16d54b87b9a9b62fdbe0efd2521e8eae,delivered,2018-01-18 19:10:52,2018-01-19 02:38:40,2018-01-22 22:49:20,2018-01-24 17:59:44,2018-02-02 00:00:00
123eb6c42fb774382bf82e6a332af592,7e25c3cc2fb867d3fef223c50fddc713,delivered,2018-02-25 15:54:36,2018-02-25 16:08:19,2018-02-27 18:12:29,2018-03-05 19:58:32,2018-04-02 00:00:00
6c721c8ce1b433e68655575af4955976,1ea07fa33f6aa42805c074d31c82f590,delivered,2018-01-11 12:59:51,2018-01-11 13:12:19,2018-01-12 21:03:21,2018-01-24 18:22:17,2018-02-14 00:00:00
837227f97fa1b842e41273e07cf3e350,1670077ca7c7b54aa21bd2943304c1d0,delivered,2018-02-03 12:29:51,2018-02-03 12:50:24,2018-02-05 22:37:33,2018-02-21 17:28:35,2018-03-01 00:00:00
35f741bc89012d1594cfb82d0d9da8b8,8d993c8a171f3f4ec8ff6f96bf841886,delivered,2018-02-25 18:06:16,2018-02-25 19:00:22,2018-02-27 00:05:02,2018-03-29 01:20:50,2018-03-16 00:00:00
23c8038b81572fc7faf9c13e6c82e043,ede0405d4a691c6d3efc44523518a787,delivered,2018-01-18 12:52:45,2018-01-18 13:13:00,2018-01-19 22:28:44,2018-01-24 12:19:06,2018-02-02 00:00:00
acc128e9293460781736208a647dd87c,a1e7727063333b459f6851aeafe375c9,delivered,2018-01-30 01:00:05,2018-02-04 23:31:38,2018-02-02 00:42:59,2018-02-14 16:23:34,2018-03-01 00:00:00
b17efd627b5a3689ab418e47f824cc3f,63da2e8fde0e3a1b064e9641ffdae56a,delivered,2018-01-15 07:50:02,2018-01-16 03:50:01,2018-01-16 22:51:52,2018-01-18 23:34:46,2018-01-30 00:00:00
e46475bd25ec0611f7ce2a2f0e63bc8f,11c794d9a7bfe387c47c3308c8301ebe,delivered,2018-02-13 17:13:27,2018-02-13 17:27:33,2018-02-19 23:37:11,2018-02-27 02:27:08,2018-03-23 00:00:00
cc2462dfe3164edb93bf14003c301c3a,b27682bd2c95905f9733e5af679c3688,delivered,2018-01-27 07:56:43,2018-01-27 08:10:41,2018-01-29 22:54:57,2018-02-07 14:58:08,2018-02-23 00:00:00
fc3443668654977029c4cc2ead0cc0b9,8b12706add8da11e0633415bf6def248,delivered,2018-02-01 09:39:48,2018-02-01 09:55:25,2018-02-02 20:45:04,2018-02-14 20:35:46,2018-03-05 00:00:00
110f6ca5866b291c8689e08bebf7f8f8,96fd06edf4a19ef74e5316052553b842,delivered,2018-02-14 11:43:52,2018-02-14 11:55:28,2018-02-16 18:53:21,2018-03-13 20:44:41,2018-03-07 00:00:00
6e9a1a1213572dd3cde6887df64df77b,f0536d444683d894060a91bbb434fe2b,delivered,2018-02-06 11:53:02,2018-02-06 12:13:02,2018-02-20 13:43:53,2018-03-14 00:08:23,2018-03-22 00:00:00
26227999b191329fe62cd797aede5270,15ef8fd01187d42b5f57af41ef5a1fe5,delivered,2018-02-17 01:24:58,2018-02-17 02:07:56,2018-02-21 21:34:15,2018-02-28 13:14:10,2018-03-14 00:00:00
835b4e81209a4b39fb6142da1591bd88,8d648eff7b575cc94425a0d12e48ebf0,delivered,2018-01-25 09:46:14,2018-01-27 02:42:21,2018-01-30 18:31:49,2018-02-15 16:32:42,2018-03-14 00:00:00
14ac5864dbbe7ea0f936884e43b16fa3,87d23e68b92b0a82ea7d3f297d0dcf71,delivered,2018-02-02 15:53:03,2018-02-03 15:50:27,2018-02-06 01:32:20,2018-02-15 17:42:46,2018-02-26 00:00:00
7c65caaf993acf13ce6a8c0aba410801,ccc8cce5e9a3019affcd01b0371b3818,delivered,2018-01-03 15:19:57,2018-01-05 02:36:29,2018-01-08 20:16:08,2018-02-06 17:27:39,2018-02-01 00:00:00
2d4d53a3344eb5deee068827c495bf51,82c8c10b98b1236e5bc65464c27799c1,delivered,2018-01-29 11:31:57,2018-01-31 13:31:30,2018-02-01 21:46:09,2018-02-05 21:48:25,2018-03-02 00:00:00
82e2dfceae13e4942e8e10d41fe74ec6,3714910fc491aa32f9625b7b06f7b41f,delivered,2018-01-16 21:25:41,2018-01-16 21:32:30,2018-02-27 23:07:50,2018-03-09 22:08:35,2018-03-19 00:00:00
b981e23277787bf0b0f6055ee85a22ac,fe1b16c1d48fd1f7318eeb68ee25bf59,delivered,2018-02-26 19:33:50,2018-02-26 20:09:24,2018-02-28 18:13:28,2018-03-06 21:21:58,2018-03-20 00:00:00
cf702c9690c3b8096cc51907ab108e0b,81864c463601e799c3a8dffa8f9681a8,delivered,2018-01-07 13:14:52,2018-01-07 13:27:08,2018-01-08 23:52:35,2018-01-12 22:48:06,2018-02-05 00:00:00
e889aad082e12cd57386cac961a62d61,de4530c0594a6deb2226a823d7f504de,delivered,2018-01-24 23:12:41,2018-01-24 23:32:51,2018-02-27 21:47:42,2018-03-05 23:53:11,2018-02-19 00:00:00
64a859a6736ad1d34596f44cb069ea05,237f38bf0ed44908a68963f0d8ea2b33,delivered,2018-01-24 19:00:08,2018-01-24 19:17:12,2018-01-30 19:58:52,2018-02-09 19:16:59,2018-02-16 00:00:00
ef1d282a121e2bee046bbab7f9f88331,1a8ee097c14bb88b04f6a66b4e966d21,delivered,2018-02-25 17:16:35,2018-02-25 17:30:29,2018-02-27 22:51:36,2018-03-19 14:03:55,2018-03-21 00:00:00
e83d7904c216c3a03eb6c215d82b7fec,796e122145d49e4242c7f69df20f0aaa,delivered,2018-01-03 00:33:26,2018-01-05 02:34:02,2018-01-08 20:30:23,2018-01-15 18:16:54,2018-02-06 00:00:00
183a7d0aaaf6b16afaa897a44424494b,6976b13183e54d7c9dac5d94edefe662,delivered,2018-02-15 10:37:47,2018-02-15 10:50:32,2018-02-22 03:13:17,2018-03-26 18:32:21,2018-03-19 00:00:00
8374f35f0981af1a2b2ebc5cc5ac9859,8df816d91d225a9a6ab57c030278eb80,delivered,2018-02-12 14:44:15,2018-02-15 04:07:49,2018-02-21 10:29:07,2018-03-01 22:38:36,2018-03-09 00:00:00
bb7817474bcd6bb7ddfeb4180a5a61d3,135a5956797e7322fb86fa4925b1463d,delivered,2018-02-21 21:01:47,2018-02-21 21:10:29,2018-02-24 17:51:54,2018-03-05 10:51:39,2018-03-16 00:00:00
22e80cc2d588160023446a6316057e5c,49ad69da7b868f7489383748cc740cc0,delivered,2018-01-06 13:57:08,2018-01-06 14:07:23,2018-01-08 22:09:10,2018-01-09 17:13:20,2018-01-24 00:00:00
3c3bd116a6376b59b139b7a173986cde,f372e630a281a25b3e011a71d1158bf9,delivered,2018-02-07 13:07:50,2018-02-08 16:59:23,2018-02-09 21:38:55,2018-02-22 16:18:35,2018-03-09 00:00:00
6f111f43dfff02f385ba9cd22c75637c,39ad34e24c3890ee0c10160c95bc817b,delivered,2018-02-04 10:27:37,2018-02-04 10:49:01,2018-02-06 22:48:30,2018-02-19 18:52:17,2018-03-08 00:00:00
de1a0e5b80f69f235671980dc449d278,9c4532dd54ac03bf8a6a3ce7a0680e2f,delivered,2018-01-16 16:10:55,2018-01-16 16:30:04,2018-01-24 22:26:34,2018-02-20 19:27:06,2018-02-21 00:00:00
8c81e36bea73764b1c079c3920f6879f,fc8606c4aaf0a4a24dd76f0c2467cbd6,delivered,2018-02-05 14:28:30,2018-02-07 03:10:21,2018-02-07 20:28:31,2018-03-01 14:23:04,2018-03-12 00:00:00
ab194c51be87821af6822d75c47a7efd,1b291b52b63c7dd9b7f3c66d81ce813a,delivered,2018-01-09 11:47:48,2018-01-09 11:57:26,2018-01-15 17:29:03,2018-01-19 19:12:46,2018-02-01 00:00:00
933cae52f81a96867c679e5251c0a7c5,49d707c4f8c279f291fa063f2d5cba89,delivered,2018-02-25 20:10:26,2018-02-25 20:27:45,2018-03-02 00:22:39,2018-03-03 15:23:11,2018-03-12 00:00:00
159071a1852cacb075d31e4ae77aa7a3,09e01f974b9533109a46281624e39808,delivered,2018-02-22 17:20:43,2018-02-23 17:15:39,2018-02-26 19:04:37,2018-03-01 01:08:25,2018-03-14 00:00:00
f58ebdd1a4d270925b85a62286d42e85,f5cae8d5901d3ca3d816e66cc9c76513,delivered,2018-01-10 23:05:23,2018-01-10 23:13:28,2018-01-12 23:58:08,2018-01-29 18:42:39,2018-02-02 00:00:00
0040a56893444cb56cba7cfe2225e34e,74454d0e51e0eeaaaa9b7b135469c420,delivered,2018-01-22 23:50:35,2018-01-23 00:15:10,2018-01-23 23:46:54,2018-02-14 23:12:52,2018-02-21 00:00:00
8231afdd82b5ad4d2ed3f2445ed555a3,feb5ef44ca0e98bf0515ca7a21ca8c90,delivered,2018-01-23 12:48:24,2018-01-23 13:02:12,2018-01-26 15:08:01,2018-01-31 00:41:39,2018-02-07 00:00:00
ab0d9bfe4d447ca3510b74578d5781c0,5c13e9fea3fbe3846582e0eaf40f0cd4,delivered,2018-02-28 16:19:37,2018-02-28 16:35:33,2018-03-02 05:22:56,2018-03-12 23:51:42,2018-03-19 00:00:00
7e03de7edf3bc774fd1ad0915464e41b,fcf11d7894b5c62f72352fe6ddce74c8,delivered,2018-01-19 13:24:39,2018-01-19 13:36:03,2018-01-23 21:45:17,2018-01-30 23:04:38,2018-02-23 00:00:00
cc02a7fcf32e60f96656ec24080b6d7b,ac911950c597938b6e657d5569510aeb,delivered,2018-01-29 14:13:06,2018-01-29 14:38:27,2018-01-30 22:04:13,2018-02-20 16:09:13,2018-03-02 00:00:00
3fc374328e9777bea4d7b40cfa2d2760,1c7d4bf8876c3a085598d708c616563c,delivered,2018-01-16 22:31:01,2018-01-16 22:51:19,2018-01-18 23:59:03,2018-01-24 20:32:34,2018-02-07 00:00:00
6e9583ad9400699e091e33534fa84aa4,89fe9585e0731c01f8c1db25a8e3d1bd,delivered,2018-01-07 14:53:25,2018-01-07 15:07:16,2018-01-16 21:58:47,2018-02-01 22:09:32,2018-02-02 00:00:00
186fc1aa898961515ca374b0a320f6e8,673b4323290db500f41f08839f6d62eb,delivered,2018-02-12 12:44:32,2018-02-12 12:55:54,2018-02-14 22:43:46,2018-03-19 14:26:55,2018-03-13 00:00:00
fe200ad195ed77d67e1de3300313f170,121d3c0609b8e4783396c134b682711e,delivered,2018-01-18 17:58:30,2018-01-18 18:14:53,2018-01-19 22:42:22,2018-01-26 16:51:52,2018-02-08 00:00:00
21fc1ff2a7ed8b2ec6ff62ac18d7a1b7,08fe63b02e7e846c85b8a49b9fd540d9,delivered,2018-02-15 11:58:49,2018-02-15 12:15:32,2018-02-20 21:27:02,2018-03-05 19:08:17,2018-03-09 00:00:00
27a14f1949c308b236684c6b7732eb03,233f73a4bc9db336b82cb23cf5ff2701,delivered,2018-02-27 18:11:02,2018-02-28 13:15:38,2018-03-06 18:43:31,2018-03-07 20:46:57,2018-03-13 00:00:00
9193ad4fecc33b317e85fa7bc19600b3,16897c2bf0d798fe7d679bb7aeb27ffa,delivered,2018-01-10 11:00:02,2018-01-10 11:31:40,2018-01-22 20:53:09,2018-01-23 18:04:57,2018-01-24 00:00:00
de3205739b43c0284c856d5bd725dc55,bd6292322eb6573fc98ac5931d04f5e3,delivered,2018-01-31 21:39:27,2018-01-31 22:09:43,2018-02-06 17:15:06,2018-02-07 23:22:55,2018-02-16 00:00:00
00ac05fe0fc047c54418098eb64e3aaa,8935036852a292fe1f61a03c7d51831d,delivered,2018-02-18 14:19:55,2018-02-18 14:30:55,2018-02-21 10:12:12,2018-03-02 15:03:16,2018-03-16 00:00:00
61ab43a7e8f1eb80fb124273d186eb10,fd1b3c71bd3a2c488623ddc9943f379d,delivered,2018-01-08 22:25:26,2018-01-08 22:36:20,2018-01-09 12:05:49,2018-01-17 21:09:55,2018-02-07 00:00:00
30e2d11b0cffddca576aea4e0a1f54f7,2a8afd4e0b4e479e397ffd48f618083a,delivered,2018-02-09 17:01:48,2018-02-09 17:15:42,2018-02-14 19:53:11,2018-02-19 20:29:08,2018-02-23 00:00:00
c783d28b6b50273d1c44505fb6276b2b,b8f48f9883fa05a9e6fa06367fce7e87,delivered,2018-02-08 12:37:34,2018-02-09 02:50:19,2018-02-16 22:16:28,2018-03-08 16:22:14,2018-03-07 00:00:00
095e9e0811476409362d72fa70d73a6c,1ec264df7a63b93ee299b3e17c356e3b,delivered,2018-02-08 18:36:24,2018-02-08 18:50:43,2018-02-10 04:16:44,2018-02-19 21:19:20,2018-03-13 00:00:00
8ccfb0246b9f4b1f0c279f530fa35fcc,7a41690fce4112079a5b42f4c6f1714c,delivered,2018-02-28 16:55:28,2018-02-28 17:10:57,2018-03-02 23:33:13,2018-03-14 20:37:35,2018-03-26 00:00:00
444a494f39275142d9c75bd7307cdde1,79144f1b9488d523464997d56bbb6463,delivered,2018-02-08 17:00:48,2018-02-09 13:56:24,2018-02-16 16:35:30,2018-03-07 01:42:08,2018-03-06 00:00:00
e3457b638ebc9288bdb7aeaf57d6847a,59f09ab2a6c3bcfa191cc3f9f9a3d756,delivered,2018-01-22 16:35:39,2018-01-23 03:52:39,2018-01-23 20:53:14,2018-02-22 08:36:48,2018-03-14 00:00:00
cc999e83cbddd8f4961651258b551003,7b49c9e88dd17d69f6604c5bab0f1291,delivered,2018-02-23 12:20:20,2018-02-23 12:35:37,2018-02-26 22:19:11,2018-02-28 14:08:55,2018-03-15 00:00:00
a6170e3ff851a854fb8e7240ca7bf02a,093258b7fada22df2983c50530ae29ce,delivered,2018-02-09 08:30:37,2018-02-10 02:49:26,2018-02-16 16:12:39,2018-02-27 21:15:22,2018-03-08 00:00:00
14984dd96b9f40cfe572b31c79247c76,f6a53e7bfd553a8616b6b113fbce73cd,delivered,2018-02-20 16:34:25,2018-02-20 16:50:46,2018-03-01 23:42:21,2018-03-14 20:11:50,2018-03-20 00:00:00
c5732e63477fd9b1c12f62ad4472fc6c,3dfe77e7e9e11249eab5f54ff0c8e26d,delivered,2018-01-18 01:16:32,2018-01-18 01:30:54,2018-01-19 20:46:50,2018-02-16 17:47:06,2018-03-12 00:00:00
3950ce59ecfeb14516007ec93453b8d6,d0ff95120ef2c65ac39e8c480923de55,delivered,2018-01-11 16:54:13,2018-01-11 17:08:29,2018-01-15 17:58:46,2018-01-16 21:42:36,2018-01-30 00:00:00
0abc76160f3b4b423ec1bcece0ade723,f166734c59f0606a6c1ab33ada902aa4,delivered,2018-01-12 15:10:08,2018-01-12 15:28:34,2018-01-17 18:53:26,2018-01-23 15:04:25,2018-02-06 00:00:00
115e5f8ceec805909d9cc974e1653153,0ed5a576ad6a0847595937434ef7c0d2,delivered,2018-01-11 10:51:16,2018-01-11 11:08:42,2018-01-12 15:11:32,2018-01-23 17:32:01,2018-02-05 00:00:00
2ca8aec06570512711a574eb7b961321,c9f4ba83dac10144e8c752e5b371ad61,delivered,2018-01-08 14:46:29,2018-01-08 14:54:20,2018-01-09 21:57:33,2018-01-17 23:51:23,2018-01-31 00:00:00
7761de3703673bd1c2aca237e52199c4,f838e842c0f8bda43a21d146deb6f087,delivered,2018-01-13 10:35:28,2018-01-13 10:49:26,2018-01-15 21:07:12,2018-01-25 18:42:31,2018-02-09 00:00:00
e1bf6f2fc7393244c6207bfb0894e512,0c1e0458ba5d882b1b85cf1b80528ef3,delivered,2018-01-12 12:22:33,2018-01-12 12:33:31,2018-01-13 00:58:46,2018-01-30 20:58:59,2018-02-20 00:00:00
4be62b3acae38a6d30f707af9d5c4339,d99b0d481ca8a777bd72be9c578f10a3,delivered,2018-01-17 01:49:44,2018-01-17 01:57:24,2018-01-22 14:34:07,2018-01-23 19:09:52,2018-02-01 00:00:00
48afb47de24e677ca982e101f5e1d7fb,5f9b9111b88da78fd820c8aaf90215a0,delivered,2018-02-03 15:19:52,2018-02-03 15:35:30,2018-02-05 19:32:37,2018-02-19 20:48:31,2018-03-02 00:00:00
375460b07c62449c2237d05ff2282139,6e38fceafd263d906a4a198e5c5f98a2,delivered,2018-02-25 20:46:31,2018-02-25 21:08:04,2018-02-27 19:26:28,2018-03-20 01:21:42,2018-03-28 00:00:00
caac03dc57366d1423cbfe4bfcd8d18f,05cf99f3501b95c29357f026d4383c6e,delivered,2018-01-04 23:12:32,2018-01-04 23:28:24,2018-01-11 16:48:37,2018-01-30 18:38:51,2018-01-29 00:00:00
6e81c429254c3355bd09d77c6437bb48,8126a0eb31c9c5129c70320c79e37fef,delivered,2018-01-15 00:21:50,2018-01-15 00:31:20,2018-01-24 19:44:06,2018-02-06 18:19:06,2018-02-20 00:00:00
74fabba2032e7c6ce81eddebe5c4a368,af8b2588c519cdc1671fd5ef6cc0be95,delivered,2018-02-20 08:27:37,2018-02-20 08:56:19,2018-02-20 23:03:42,2018-03-09 01:41:24,2018-03-23 00:00:00
ba4b840815fdd65c4facf5b75fe22d3d,754306ad221b08afd2d3ee0e1e7c2c38,delivered,2018-02-23 11:40:23,2018-02-23 11:55:49,2018-02-26 21:22:19,2018-03-14 19:38:33,2018-03-20 00:00:00
351a4161d1abb1089cd923ba455f46cb,137405e93186f07fb1006c5015695907,delivered,2018-01-18 15:26:35,2018-01-18 15:36:30,2018-01-19 22:42:18,2018-01-25 19:22:40,2018-02-09 00:00:00
9adf7bcff8c641aa286f3dbb963148ab,513b21479e038ae5a8180f1aae532f8f,delivered,2018-02-01 17:15:31,2018-02-01 17:33:05,2018-02-07 22:42:35,2018-02-19 18:58:02,2018-03-02 00:00:00
65a8188ac159451144d490db3a0909c9,db263d191d50a3d0cd4d10864b963d37,delivered,2018-02-27 14:01:42,2018-02-27 14:15:37,2018-03-06 19:58:36,2018-04-11 16:02:54,2018-04-12 00:00:00
e650080e8d5ef14f87c849fa64fdbc85,c7dea15609f6f9f847e5ab841d72d8d4,delivered,2018-02-05 18:08:41,2018-02-05 18:30:06,2018-02-06 21:07:52,2018-02-08 17:08:56,2018-02-21 00:00:00
23eb2da1dca08746d9fafba58255512f,159d6b06f07d8a56005d06dd7d669199,delivered,2018-02-06 20:35:00,2018-02-07 20:33:05,2018-02-08 18:42:44,2018-02-14 23:52:13,2018-03-02 00:00:00
6b67c8a7a8d08df9590f2ee347cb6afd,8941fa318a1a672562dcbad8b27b7ec8,delivered,2018-01-23 11:57:17,2018-01-24 15:57:43,2018-02-02 18:22:21,2018-02-16 18:22:27,2018-02-21 00:00:00
a35a89e3ad801a6af8bdc4ecf67e0611,c3653793974511b2f70c95d60b2ebd75,delivered,2018-02-18 11:25:17,2018-02-18 12:26:50,2018-02-19 20:09:24,2018-02-26 14:53:57,2018-03-12 00:00:00
05d657dbf5a4b2e7a685903cc8bb03f0,809c3dc9eabbbe4e6b03198d239b6e2d,delivered,2018-01-30 09:37:46,2018-02-04 23:31:34,2018-02-02 09:15:37,2018-02-08 19:56:46,2018-02-21 00:00:00
4056ebb28fca7221561bf47ffaf7451f,9db63dc819326e31364028615a6d017c,delivered,2018-02-10 02:19:27,2018-02-10 02:30:27,2018-02-14 19:46:37,2018-02-19 20:19:16,2018-03-06 00:00:00
97135194e893f6fd1c61580f1eb37bda,c5574d7bfd26dc4517a030d20c8a2711,delivered,2018-01-11 21:58:01,2018-01-11 22:10:28,2018-01-26 13:29:21,2018-02-14 11:58:30,2018-03-19 00:00:00
b713808dd06ed1a61d95a024a3e367a1,9d10716e281490d751a1d761003ae948,shipped,2018-02-14 14:34:30,2018-02-15 03:51:23,2018-02-15 16:27:41,,2018-03-08 00:00:00
0d454d3e9e965e807648bfd8a52e4cd9,2a640283022f498a1cec238fbd94b1a1,delivered,2018-01-17 10:56:22,2018-01-17 11:10:22,2018-01-22 16:10:21,2018-01-26 20:27:59,2018-02-15 00:00:00
f84cf1b66945f7dd5a8f3d20d06a875c,2d8e6928e55e8da0c7ef096702a74b48,delivered,2018-02-04 10:06:42,2018-02-04 10:29:55,2018-02-06 22:38:30,2018-02-08 19:17:38,2018-03-05 00:00:00
e0785eb4173f81ac87d13c38100670dd,934e84f2cd66b617d8c4d823375f8639,delivered,2018-01-09 16:26:58,2018-01-09 16:40:10,2018-01-10 18:19:49,2018-01-22 16:59:24,2018-02-09 00:00:00
bb98ebf4863602704a934e547ca8fbee,a9c3ea5497bff2eea60207db6c513717,delivered,2018-02-14 16:28:37,2018-02-14 16:45:36,2018-02-15 19:52:57,2018-02-25 16:47:05,2018-03-08 00:00:00
7e0daf18179403f72436b21a1684a047,296d217e9be3aab5ddf01a7e26102458,delivered,2018-02-27 09:52:42,2018-02-27 10:28:49,2018-03-12 18:38:38,2018-03-19 20:58:46,2018-03-21 00:00:00
1dbf60c23388f06ed82ad629f574b613,f9be33a8e12a5119cc8b39be23780bae,delivered,2018-01-16 16:19:49,2018-01-16 16:32:41,2018-01-18 19:19:10,2018-01-24 23:29:11,2018-02-08 00:00:00
21d032917e4ed1476f16ce92d0d8fdd4,51905fbecec4261539044170d7338c03,delivered,2018-02-14 12:26:23,2018-02-14 12:47:10,2018-02-15 19:16:52,2018-02-21 22:47:02,2018-03-06 00:00:00
e809c167a9cfd31aee1293abe8995065,9472f9fca02c86c72be6429983d0a76a,processing,2018-01-04 18:23:45,2018-01-06 02:08:26,,,2018-02-05 00:00:00
893c67d6d4cfdccd40fb76d7c250d7f0,0913baeffcef69d809064e4e09338fe0,delivered,2018-02-12 09:05:10,2018-02-12 09:36:04,2018-02-14 17:22:01,2018-02-26 13:13:42,2018-03-12 00:00:00
8d8643b7344d206920590efda8cc5cb7,cf3a0b3665ef13b81c8528d13fc15ac5,delivered,2018-02-18 12:40:55,2018-02-18 13:46:38,2018-02-20 01:27:23,2018-03-11 18:16:31,2018-03-13 00:00:00
b2f9e7490c9752bd0a3d8433208a5b50,43b6ba59314156204be0e74d2bdeec84,delivered,2018-02-22 23:51:23,2018-02-23 00:40:24,2018-02-23 23:09:37,2018-03-15 21:42:24,2018-03-15 00:00:00
1266cc122d380586b104c2f5380f1210,041a802c0996465c45e7b9e993097978,delivered,2018-01-15 14:41:14,2018-01-15 14:51:25,2018-01-17 23:36:00,2018-02-01 18:18:29,2018-02-14 00:00:00
9bfee44b6fa92f64b8dcc72d2170686b,29e0e64fe43d5a03a37dc252ba6a1682,delivered,2018-01-09 09:21:28,2018-01-09 09:31:31,2018-01-12 23:25:58,2018-01-18 19:03:14,2018-01-30 00:00:00
36e4ebedf866c08c5948ae0f46dfd134,ad4c0cd75c9984308deeb3ecfe6377cc,delivered,2018-01-21 17:37:57,2018-01-23 03:52:34,2018-01-23 20:13:03,2018-01-31 19:52:24,2018-02-06 00:00:00
58a4c696515fef3e9c865e1a70b950d1,826459bc63377f4313c515d873ccf8eb,delivered,2018-01-31 13:36:25,2018-01-31 13:55:36,2018-02-01 18:14:58,2018-02-16 02:10:04,2018-03-06 00:00:00
6b5c527f8d210097a9cfaddd7bf4ec94,6956947a848550caa689ee8222a11c4c,delivered,2018-01-07 23:11:47,2018-01-07 23:27:31,2018-01-08 19:47:16,2018-01-09 21:39:56,2018-01-24 00:00:00
5e799230fac44bd261f49b46edad3213,fde75f43574df6efbe20b37f9ec8668c,delivered,2018-02-26 14:09:57,2018-02-27 04:31:01,2018-02-28 19:42:59,2018-03-06 22:38:53,2018-03-16 00:00:00
9b2599fdc15b85d99cb3f3be84194fa4,2e74907ac65427f257d134026c674620,delivered,2018-01-23 13:45:20,2018-01-23 13:57:29,2018-01-24 20:37:30,2018-02-06 19:41:34,2018-02-20 00:00:00
cf0c47c42ff868bcd8e038ee2945c1b1,faec088f82ee22f671f583451ad4849b,delivered,2018-01-27 12:41:10,2018-01-27 12:53:31,2018-02-01 16:50:56,2018-02-17 14:08:59,2018-02-20 00:00:00
bc2aaf9052c275755277fc017f9a496e,742897000a2fd0b865e0961386a0147f,delivered,2018-01-09 19:37:12,2018-01-10 10:32:19,2018-01-11 23:25:31,2018-01-17 13:42:38,2018-02-02 00:00:00
fb7bdd2f11b840e2a9897418aba45fa3,172e5e3633eae88b85a15197f7e996d1,delivered,2018-02-10 06:20:01,2018-02-10 07:15:23,2018-02-15 05:45:14,2018-02-19 21:48:55,2018-03-06 00:00:00
dc1684e479fd096236b2ca413bcd4ca6,582a9cc4d66cf90630486c68211fd672,delivered,2018-02-16 18:06:03,2018-02-16 18:46:36,2018-02-20 10:22:33,2018-02-27 21:38:55,2018-03-15 00:00:00
98200dd99e0bfe78c2d1378ad05fe51c,affbf9d0ff0808dc14ffebc55c1b1a94,delivered,2018-02-01 19:30:18,2018-02-01 19:40:41,2018-02-05 18:52:24,2018-02-23 16:30:05,2018-02-26 00:00:00
b5201a0b6f9977a55b5e41b5af2817be,d602a337672652d844343a4d67687be4,delivered,2018-01-21 20:51:59,2018-01-23 03:38:31,2018-01-23 20:42:59,2018-01-24 18:26:15,2018-02-06 00:00:00
89db72753850524e71c11a2531aef8b8,12763b16faa47526b11c99cd24f469b4,delivered,2018-01-30 15:54:34,2018-02-04 23:31:38,2018-01-31 21:24:06,2018-02-15 22:39:46,2018-02-26 00:00:00
2f301c7225bd5f584b038ac7b60ce5db,b2ba3d2c215cb01278bbc2994e546497,delivered,2018-01-31 18:59:13,2018-01-31 19:11:17,2018-02-01 20:44:51,2018-02-15 20:18:43,2018-02-23 00:00:00
4f2fbccefa5c3c7afb05388013cb173b,800757ab822eb1712cc8c613225eae2b,delivered,2018-01-18 19:16:13,2018-01-20 09:07:51,2018-01-24 21:28:51,2018-02-02 00:33:03,2018-02-20 00:00:00
644ca3f19fe705ecb307dbface5a2bae,dd21c73372c68be83309b2d11c994807,delivered,2018-01-08 20:12:53,2018-01-08 20:27:42,2018-01-10 19:47:33,2018-01-22 18:47:02,2018-01-31 00:00:00
eae6a3184617bf13d153139ea39ba3a7,3a3faba3a2e550830228b7ddef538358,delivered,2018-01-29 18:55:41,2018-01-30 20:15:30,2018-02-02 02:10:47,2018-02-15 17:44:01,2018-02-21 00:00:00
1864e41539736858aa1100d27cf3f34c,8fa5f134e902516a13767d7841a201a4,delivered,2018-02-22 19:57:36,2018-02-22 20:15:26,2018-02-26 17:47:55,2018-03-13 00:33:07,2018-03-14 00:00:00
d242e4368b3d82fc41caf793b03d603e,f04ce4eacfe67750cb01bd95399ebbd8,delivered,2018-01-31 22:23:35,2018-01-31 22:35:35,2018-02-01 19:45:47,2018-02-21 13:41:38,2018-02-26 00:00:00
21be7b54dbb2dffade63645014982524,04d795e7e90c83bd1dd185038140abc9,delivered,2018-01-17 23:37:12,2018-01-17 23:50:07,2018-01-18 19:58:33,2018-01-27 09:42:35,2018-02-09 00:00:00
e7ce9b9f4c61af74340791cc36964dd8,7ff4ad86cf14706b8cbb5d62e345048a,delivered,2018-02-21 12:09:08,2018-02-21 12:30:17,2018-02-23 19:33:40,2018-03-09 00:57:22,2018-03-28 00:00:00
75a4ec6f4a98993df22205b1ad4da5c5,0f642db7c00e30f1b9182cf2611391d3,delivered,2018-02-27 21:26:44,2018-02-27 22:07:48,2018-02-28 20:15:05,2018-03-20 17:52:08,2018-03-21 00:00:00
8df707012e98bba020753efdaca3fef4,58d3967487a56405f5588620eb0da3a9,delivered,2018-01-31 12:20:01,2018-01-31 13:50:01,2018-02-01 00:24:47,2018-02-15 00:45:05,2018-03-01 00:00:00
6cd2700e3e9fc015e3bbe4ee264af57b,c69c846746a623c12b98b6162c3dd725,delivered,2018-02-09 17:36:45,2018-02-09 17:50:36,2018-02-14 16:29:06,2018-02-22 19:17:48,2018-03-08 00:00:00
1f6ef8d84ea50c073459dc2a75f446d0,98b5548b027bd06219831627376d7bb6,delivered,2018-01-09 11:09:53,2018-01-10 10:32:17,2018-01-11 00:46:31,2018-01-12 20:11:49,2018-01-26 00:00:00
d4e1ef173ac9e00a6f0c0bd6954183aa,68148e0a96b5c59c757ce5954e88ea70,delivered,2018-02-23 15:00:35,2018-02-24 02:35:49,2018-02-26 19:55:39,2018-02-27 20:04:41,2018-03-09 00:00:00
8ebf7a16041c5ed735384020269ae2b6,d7a06521d29c6b185548e68ea64108b5,delivered,2018-01-31 16:57:55,2018-01-31 20:10:16,2018-02-02 22:58:47,2018-02-14 21:39:17,2018-03-06 00:00:00
005a1dded353107dbabf8ffc83a20365,d7165639dc4a682258711343560a17d3,delivered,2018-02-09 18:00:00,2018-02-09 18:10:50,2018-02-14 23:40:04,2018-03-02 22:41:48,2018-03-07 00:00:00
4149b65aa3b1d53132e515241909e7ec,235cd28e6c7f72bb6e5337a877334598,delivered,2018-01-08 16:38:24,2018-01-10 10:32:40,2018-01-10 18:33:40,2018-02-06 19:32:31,2018-02-09 00:00:00
d8f57f08383291ef5fa6cb91dc1a4e02,061c2eb252b4e73472bb4f9e1169b43a,delivered,2018-02-05 08:33:27,2018-02-06 04:32:45,2018-02-07 14:24:12,2018-02-15 18:04:52,2018-03-06 00:00:00
8b4bddf7147c2e258a07697c3db41203,7994fb833e6c8f40ad229e30fba8ad46,delivered,2018-02-23 14:03:50,2018-02-23 14:15:52,2018-02-27 21:06:00,2018-02-28 12:48:45,2018-03-16 00:00:00
3e3a94885730f7e2aa4da0a98a4180e0,b44d6441a07845ea9e5f870f7609f724,delivered,2018-02-17 14:00:40,2018-02-17 14:15:21,2018-02-19 15:27:05,2018-02-23 21:25:40,2018-03-15 00:00:00
5373c26702420c0f842871e489365e20,3f887e8d3e7ee0732a3e1a1307620712,delivered,2018-01-16 18:34:46,2018-01-16 18:51:09,2018-01-20 00:32:06,2018-02-05 18:37:11,2018-02-06 00:00:00
4507dd7dedf9adef4850d18ba67130ef,e282c4328c065be94cefa5b8a068f21f,delivered,2018-01-30 09:58:22,2018-01-30 10:14:49,2018-01-31 23:47:52,2018-02-23 22:47:27,2018-03-07 00:00:00
14d68c5b215a31950340dc9cb3f73efe,f6f80187601754d61deb547e6d5b5a06,delivered,2018-01-28 11:47:10,2018-01-28 12:00:34,2018-01-29 21:52:38,2018-02-05 19:17:15,2018-02-21 00:00:00
3cd0dec57b1ebe2e566a8c9eeacccc81,f5b15ba94c99ee55726ee3d18db522fe,delivered,2018-01-07 13:01:02,2018-01-07 13:31:51,2018-01-08 19:14:17,2018-01-19 18:33:28,2018-02-01 00:00:00
1573c1514d9e6b02151d3f7a1e9b0b20,223811908c4b45b0238ea546789c3c4b,delivered,2018-02-15 09:48:48,2018-02-15 18:06:59,2018-02-20 15:12:06,2018-02-21 17:39:15,2018-03-02 00:00:00
662cd2dc83f47160dd07e1717bdb2ce1,c11458367a14104e50b36be2d46476ba,delivered,2018-01-16 14:19:53,2018-01-16 14:31:34,2018-01-19 00:56:33,2018-01-24 21:51:31,2018-02-06 00:00:00
4bdde1ba1f6aef6c851f5ba80be3433e,75d3a2981d8edde1ecc2ecac7f82e4bc,delivered,2018-02-16 14:21:36,2018-02-20 07:26:51,2018-02-20 18:05:57,2018-03-08 02:05:32,2018-03-14 00:00:00
67c03c278fad216ed9ab5573e8cc551e,4105eb02085967932bed76c39d8153a0,delivered,2018-02-08 18:30:47,2018-02-08 19:20:25,2018-02-16 16:52:27,2018-04-30 15:46:47,2018-04-02 00:00:00
3dbbfe7e312f28ebaf69dc5033b96438,5003740ba052e3196b63cedda4ee3049,delivered,2018-01-01 15:20:38,2018-01-02 20:08:06,2018-01-04 19:53:39,2018-01-17 14:14:01,2018-01-24 00:00:00
c5aa608be7773dfa4624ed1c239bae4f,b07937265615c5e0deab6c26429590d9,delivered,2018-02-21 06:34:33,2018-02-21 07:25:09,2018-02-27 14:42:28,2018-03-02 17:29:01,2018-03-07 00:00:00
834c0c3f9b8fefb5198351db0198f1c1,acb9852459ed760caf336f578fe4f920,delivered,2018-02-02 18:43:42,2018-02-02 19:41:58,2018-02-06 01:14:55,2018-02-19 17:23:09,2018-03-06 00:00:00
42a9c3a1aa0cb0f7d674566144b47d20,a1036ff7e9a4d96af5aa09ee00495b4b,shipped,2018-02-28 17:29:42,2018-02-28 17:49:45,2018-03-07 20:12:40,,2018-03-19 00:00:00
edb14cad806f8ea19a08ed06c26726a2,ab32f4586da1d6023f155c0a5b43affe,delivered,2018-02-07 07:43:19,2018-02-07 07:55:23,2018-02-07 20:39:02,2018-02-19 17:37:07,2018-03-07 00:00:00
20bfd4b6f0ed6f72f3d3f9a2eca472cd,82430ca6e6cd0983e8886b493cab1210,delivered,2018-01-26 09:42:41,2018-01-26 09:53:05,2018-01-26 18:09:09,2018-02-05 20:36:46,2018-02-22 00:00:00
5e9539c329818fcbcf5579c92a58501d,f4f702d7ea3e215274437e0df02de452,delivered,2018-01-02 18:55:31,2018-01-02 19:09:07,2018-01-03 17:17:39,2018-01-04 18:16:56,2018-01-18 00:00:00
528a225a7a04e41feb56cc1cf5fd5824,12dfe085c295adf158e7867456490963,delivered,2018-01-15 20:47:48,2018-01-15 20:59:33,2018-01-18 18:15:31,2018-01-30 10:17:58,2018-02-26 00:00:00
8efa32589faa9ab3d9fb06ab4f2bceb7,a6e8fce51cea4eaa262c715df087aede,delivered,2018-02-09 01:51:53,2018-02-10 02:36:30,2018-02-14 23:06:50,2018-02-22 18:22:01,2018-03-06 00:00:00
b3bcacdd3b409fff8c57b4cc4f40f4e5,b7126a9d53da7109ad76b05cc8b6e224,delivered,2018-02-08 17:48:19,2018-02-08 18:32:15,2018-02-21 10:07:43,2018-03-16 19:41:51,2018-03-13 00:00:00
8aad4d43d259e1f1a9ca1786df7fddfe,5af688e5163184c0d53d53ad44bbf285,delivered,2018-02-05 12:04:33,2018-02-05 12:29:45,2018-02-06 20:03:55,2018-02-15 22:53:03,2018-03-01 00:00:00
c0d51e9a78ec5b240836342d1ada7d1c,e0ac205752138fe132560b033be7f9d4,delivered,2018-02-23 12:46:42,2018-02-23 13:10:10,2018-02-26 15:42:52,2018-03-10 13:26:50,2018-03-16 00:00:00
e2d3e5a5b56149b36e4df4dedd8648f5,57f4770b4fc8ae0c610fd9821dc38403,delivered,2018-02-12 12:39:57,2018-02-13 13:28:09,2018-02-14 22:38:57,2018-03-05 20:38:39,2018-03-13 00:00:00
5478185613d8f2fb7192968eb77c141e,834f4cd1936a06f71ce38ba1c790d142,delivered,2018-01-18 07:11:17,2018-01-19 07:14:23,2018-01-19 16:28:56,2018-01-23 17:04:19,2018-02-16 00:00:00
d3f9898585d009b6f743c6c53739232d,4ab32cae3ab517dfd9db1103b658575d,delivered,2018-01-14 12:23:16,2018-01-14 12:35:28,2018-01-16 19:09:48,2018-01-26 23:31:59,2018-02-15 00:00:00
fa620a3fb2d707b450b33dfb77ddb3a4,712b1d3c8411a245f933a8a3bca7b585,delivered,2018-02-23 19:11:53,2018-02-23 19:27:49,2018-02-27 20:28:41,2018-03-15 17:22:07,2018-03-22 00:00:00
6784eb6ac53d515d589b68821f86a2c8,3fddf2d86128110da11753b3c78b844e,delivered,2018-02-05 19:27:32,2018-02-05 19:50:05,2018-02-07 00:11:37,2018-02-22 23:06:42,2018-03-07 00:00:00
aa2e4895f7a5c83f8eca905a39bde26d,401bca71c4004b9d06483ee401f7374d,delivered,2018-01-08 13:54:04,2018-01-08 14:02:33,2018-01-22 17:09:27,2018-02-01 21:56:44,2018-02-14 00:00:00
f3534c412bf7774091285cb7c57ca373,bf91cf44af4339383b10549c105681e4,delivered,2018-02-04 17:40:46,2018-02-06 04:32:25,2018-02-06 21:03:36,2018-02-20 16:29:07,2018-03-12 00:00:00
832e2ef8cdf39a442023921a0d81274c,45ab60122e0c12d8366ce8d1bbf567e9,delivered,2018-02-17 08:32:22,2018-02-17 08:46:56,2018-02-19 22:48:55,2018-03-01 00:47:37,2018-03-13 00:00:00
399fecaa30efa4d1624e7314b2eeaead,676155cb45bb9bbf30b28fe11ca375bb,delivered,2018-02-14 17:30:38,2018-02-14 17:47:27,2018-02-19 20:53:17,2018-02-20 21:59:04,2018-03-01 00:00:00
4de5fd2214f866d3b08daaad2a23a43b,56aaadf044875a37e12aa5344823d7fb,delivered,2018-02-05 15:45:21,2018-02-05 15:56:10,2018-02-06 17:38:37,2018-03-07 14:23:11,2018-03-09 00:00:00
61a194ec0be86b956a275ea1fd86023f,1002cb40a48c938a607997948c187056,delivered,2018-02-07 09:19:21,2018-02-07 09:31:37,2018-02-09 19:53:28,2018-02-16 18:45:04,2018-02-23 00:00:00
ed1b9f2005c0898488e8f36dce4078fb,612c9ea0c8cb5f31ffba433833598428,delivered,2018-02-15 20:09:03,2018-02-15 20:26:15,2018-02-17 15:38:56,2018-02-26 21:49:11,2018-03-12 00:00:00
1ec8dd02cd90d4ce9458ede38ab15bff,c9aa2cf350508d7b3abe72c1c9b2d6ab,delivered,2018-02-06 14:27:44,2018-02-06 14:35:27,2018-02-07 23:12:37,2018-02-20 12:26:35,2018-03-13 00:00:00
e6657617ef1f4cc4cc2413cb0a6630ae,473510bdc67d814c1feda19dc137023e,delivered,2018-01-30 16:16:45,2018-02-01 03:13:28,2018-02-01 18:48:33,2018-02-14 19:43:24,2018-02-21 00:00:00
5620e57611d71ee82bf1b40183f57bdf,9b079dd2ab921fbefaa935054ed0e183,delivered,2018-02-14 10:53:15,2018-02-14 12:00:28,2018-02-27 15:33:21,2018-02-28 16:37:27,2018-03-14 00:00:00
8fb8d0916495ed884bf2dc5db9c771ce,b6844d6c3473b97ac44a3ae88e5287e0,delivered,2018-02-23 12:52:13,2018-02-23 13:15:38,2018-03-12 18:26:48,2018-04-09 20:04:58,2018-03-20 00:00:00
3a73fa58ac16869d242abd0320be97cf,caffcf2c7044a16f45d10641efd5b872,delivered,2018-02-25 17:27:50,2018-02-25 17:47:33,2018-02-27 16:02:50,2018-03-13 21:21:37,2018-03-16 00:00:00
859ebef8753883ec6f703f60ebba766c,809b0c6960ad6e65ef30e145f8eeaddd,delivered,2018-01-25 17:33:13,2018-01-25 17:52:10,2018-01-29 10:15:31,2018-02-14 21:32:27,2018-02-19 00:00:00
10084ae353466f1c95f62cbacf6168d5,16da36096df96205bb8d9505199f726d,delivered,2018-02-20 10:33:58,2018-02-22 02:30:55,2018-02-22 17:53:12,2018-03-02 20:48:32,2018-03-14 00:00:00
29e40d80fb76f5da9cf2a104f960790c,40340056dc055b0ae321a36383a232b5,delivered,2018-02-18 08:39:30,2018-02-18 09:46:24,2018-02-19 21:13:10,2018-03-21 23:41:05,2018-03-20 00:00:00
9cfde86ce7726cbb901e3dbb50be48df,b00c1b220a6016b9257a18638d982cf6,delivered,2018-01-15 09:36:09,2018-01-15 09:50:03,2018-01-17 16:04:26,2018-01-20 14:28:33,2018-01-30 00:00:00
6c9f98f87d36998da5fa865e86874816,3d315adacb2430ec7101214187b78f18,delivered,2018-02-07 22:59:03,2018-02-08 00:08:52,2018-02-08 23:38:41,2018-02-17 18:29:07,2018-02-23 00:00:00
7a78a9a8b6fbd55b017d8d8da0e035ff,0ca1fee2b0a940d345f188b63061bae7,delivered,2018-02-16 12:50:17,2018-02-16 13:06:52,2018-02-20 12:38:39,2018-03-24 14:28:39,2018-03-20 00:00:00
a48276e53f3d5d19890051a4f166a71a,958f6b1eb31681bfb505f022e17733e9,delivered,2018-01-21 22:51:21,2018-01-23 03:52:38,2018-01-24 18:16:58,2018-01-30 22:35:07,2018-02-19 00:00:00
0ee315717889c709f2cd864a34eb3ded,969f636e9dd16a2d0b853b4541037698,delivered,2018-01-31 08:40:42,2018-02-02 02:53:34,2018-02-08 22:35:21,2018-02-19 21:34:15,2018-02-22 00:00:00
173cd9df6006351e8e5151ea0f400bd3,1ca3ceea5509315ab830a64aaf0f3a62,delivered,2018-01-02 17:33:07,2018-01-02 17:49:31,2018-01-04 14:55:27,2018-01-09 16:45:17,2018-01-18 00:00:00
6f433e1b5764eb255869aedbee1b9d72,643ae37af3bdfee8f50a9dbba9d2d70a,delivered,2018-01-11 16:23:09,2018-01-11 16:35:27,2018-01-15 15:04:56,2018-01-29 21:06:59,2018-02-14 00:00:00
accac73fb87ed8038257218147829125,bdb9d5db5b15a0ad9863f05918543c48,delivered,2018-02-08 15:38:04,2018-02-08 16:59:25,2018-02-10 04:16:43,2018-02-25 17:29:04,2018-03-07 00:00:00
be24f704e21aba5290a31f80a3a55aa6,d10cb7bec703bf9d92542c6a68b6c8b5,delivered,2018-02-28 08:17:59,2018-02-28 08:30:23,2018-02-28 20:17:52,2018-03-01 21:49:27,2018-03-13 00:00:00
d760ce6e5ac0d32b1934dc91b60ae391,4f4ba6ed6f16878332242fc55adff7c7,delivered,2018-01-09 09:39:09,2018-01-09 09:49:09,2018-01-11 14:07:26,2018-01-18 21:35:18,2018-02-06 00:00:00
ffabaa69e709f1ec58faf2f706c8c8ee,1ab2ae086ad3c25f52354abd033639e1,delivered,2018-02-21 22:21:26,2018-02-21 22:35:27,2018-02-27 17:05:02,2018-03-10 00:11:04,2018-03-22 00:00:00
a31cd1f2ccad0246f0517f09035a1d36,6d4a9a1eac41912724dfe020ea534d6b,delivered,2018-02-04 10:58:23,2018-02-04 11:10:26,2018-02-05 21:04:50,2018-02-14 21:09:19,2018-03-02 00:00:00
ca4d9163f73c29c767a726571e8baf23,20deb76fd96659ae3d434ef56d42760b,delivered,2018-02-18 15:54:05,2018-02-18 16:10:23,2018-02-19 19:28:57,2018-04-10 13:04:14,2018-03-23 00:00:00
7f3572310e595ebd4a32c7124b1d9766,1918658fc7c2182ff0e4f0a6a2f1973d,delivered,2018-02-22 13:12:44,2018-02-22 13:28:22,2018-02-22 23:09:20,2018-03-07 20:41:55,2018-03-15 00:00:00
698428b13a63630f0ced51f2cbd1b947,3800248c953f6bfec3795d74958647d8,delivered,2018-01-23 22:22:28,2018-01-23 22:34:52,2018-01-24 16:03:24,2018-02-02 20:19:32,2018-02-26 00:00:00
3598211db755ee86a39eb09bbb4d4365,87c30aea9a70444630a33baa379017a6,delivered,2018-01-11 14:11:47,2018-01-12 11:29:43,2018-01-12 23:53:46,2018-01-25 18:26:44,2018-03-02 00:00:00
289e6f8bee1d0394dda10569516bfb27,eee34916bd1e46183d946404ab502a09,delivered,2018-01-31 21:22:24,2018-01-31 21:35:32,2018-02-01 18:32:43,2018-02-09 19:17:05,2018-02-23 00:00:00
2a7c1794496ea317e6f88363616ad9e2,216564348ba1ceaffb29b28e9a105ebd,delivered,2018-01-02 17:41:39,2018-01-02 17:50:29,2018-01-05 18:47:38,2018-02-06 16:35:08,2018-02-01 00:00:00
99c8af04316c292e23ca57d8917db2ad,c05d36c6e2c9dcd92507fdc72e5ce44b,delivered,2018-01-12 16:21:42,2018-01-12 16:31:24,2018-01-16 13:06:54,2018-03-15 20:25:26,2018-02-08 00:00:00
068b7fef63e846d22b1080f9c99f2bd4,a60b68f552d029c7bbbd88d9d876112f,delivered,2018-01-08 10:00:42,2018-01-08 10:08:39,2018-01-09 23:15:17,2018-01-25 16:38:56,2018-02-08 00:00:00
c900c2a8fb7c9834925f3110fd7ed231,2f0d1c8de308c2884ad45bec537ddfe0,delivered,2018-01-11 09:25:53,2018-01-13 04:55:06,2018-01-15 10:52:03,2018-01-26 19:41:35,2018-02-08 00:00:00
0cee2d1291e4f4af44e64ffa455e15de,ef2e2db30b8ddcc38f5106667b554b51,delivered,2018-01-01 21:38:26,2018-01-03 04:17:33,2018-01-10 19:42:18,2018-01-11 15:10:54,2018-01-18 00:00:00
1b15974a0141d54e36626dca3fdc731a,be1b70680b9f9694d8c70f41fa3dc92b,delivered,2018-02-22 15:30:41,2018-02-24 03:20:27,2018-03-02 00:18:01,2018-03-05 15:22:27,2018-03-08 00:00:00
10c5eb3ea9a23055a311c44022b574eb,573dc06cd01ce38087680e66d886a1c0,delivered,2018-01-31 09:21:15,2018-02-01 03:12:41,2018-03-14 21:37:26,2018-03-19 21:44:33,2018-02-16 00:00:00
8b0da5e289d763ef6aa842f3927d6421,e2120686ad347caa15e31d9fba78aade,delivered,2018-02-17 22:30:05,2018-02-17 22:46:57,2018-02-19 14:07:28,2018-02-22 18:29:10,2018-03-12 00:00:00
7de7616c54157429d4da1735349c345b,9b6c9edf7a25fc3db18ae72023576d3e,delivered,2018-02-26 15:56:05,2018-02-26 16:15:38,2018-03-08 21:04:33,2018-03-15 22:14:28,2018-03-23 00:00:00
02d50facee2072550ae5a8ef3dc2e10f,739ee0b3c55d7509cbf93ba4275199fb,delivered,2018-01-13 23:58:01,2018-01-14 00:10:43,2018-01-17 19:16:43,2018-01-19 21:36:42,2018-02-02 00:00:00
543191db0a8f28cd664d601260fb1dee,9d5b4e1c9cea65d80c0d229f2f51f8a0,delivered,2018-01-14 12:57:25,2018-01-14 13:09:20,2018-02-09 20:32:17,2018-02-27 16:21:48,2018-03-07 00:00:00
b5c372b6166768fd040afdb4f18a4b4a,320567e24f1b4c7c15f405f9f4923715,delivered,2018-02-14 17:42:43,2018-02-14 17:56:10,2018-02-16 12:35:36,2018-02-26 19:24:05,2018-03-06 00:00:00
6057795be8cc4b91b447f81088a07594,e1d038b51aa770db7864175d006f4d0b,delivered,2018-01-29 19:39:49,2018-01-29 19:53:44,2018-01-31 17:16:39,2018-02-06 22:32:02,2018-02-20 00:00:00
a005841d24a8532b663e347f1237ba30,966ae20cf540b0d81b6d50024b543256,delivered,2018-01-14 14:19:02,2018-01-14 14:29:21,2018-01-16 13:37:15,2018-01-25 21:42:55,2018-02-16 00:00:00
785c89d4e249aa8f0ec838dded807fd1,6855f38cbbe15fbf194c2a7153cb1084,delivered,2018-01-07 13:21:41,2018-01-07 13:29:31,2018-01-10 18:46:27,2018-01-12 20:57:01,2018-01-24 00:00:00
34fa8bc180c03d1b4c70250bca0adace,0c5f7a031b2d75ca9866d5fba3382b9c,delivered,2018-01-27 11:26:07,2018-01-27 11:36:25,2018-01-30 22:41:43,2018-02-05 20:07:14,2018-02-20 00:00:00
60b47c43df5722f9923b79a22c8e671d,f504b57716599db532487c2ec5654b5d,delivered,2018-01-17 06:17:02,2018-01-17 06:27:19,2018-01-25 22:42:59,2018-01-29 23:54:50,2018-02-07 00:00:00
6bf83a37e03322f91bf5dacf277070db,f90630645eb43df278d1ee01e134f986,delivered,2018-01-29 22:39:19,2018-01-29 22:53:40,2018-01-31 19:46:17,2018-02-14 20:33:55,2018-02-20 00:00:00
e996c39018a2d8a9e46fbbbbb10ee3a7,fe3fe44146243711a4f5eabc7e65b6dc,delivered,2018-01-20 18:15:12,2018-01-20 18:31:08,2018-01-22 22:38:42,2018-01-30 19:56:23,2018-02-14 00:00:00
ced791864a1478d28bc041d61f8ce2f4,b81371f334909da18f8ff659478c6ddf,delivered,2018-02-02 18:17:19,2018-02-02 19:03:05,2018-02-05 19:12:57,2018-02-16 17:39:38,2018-03-05 00:00:00
8e1ded141534096603108f1ee5c27735,3956d1e55818b7dc872d5a1de09e4ddc,delivered,2018-01-23 15:04:18,2018-01-23 15:15:32,2018-01-24 23:33:04,2018-01-30 19:35:28,2018-02-07 00:00:00
a1e92d086f682e6d8a328e19e14e0621,f8a1cb0051331f57beaf3523f2c17b63,delivered,2018-01-18 12:24:47,2018-01-18 12:34:28,2018-01-23 22:33:52,2018-01-30 01:22:02,2018-02-08 00:00:00
3d22c7028328c46be79ac9803a61e5c7,d138e885e09fa3ead931ab87e1811706,delivered,2018-01-03 23:07:05,2018-01-04 00:56:51,2018-01-04 22:09:25,2018-01-12 21:45:19,2018-02-06 00:00:00
f30cdd89599d62694b4926d9e38ea3e7,bf4492055d844225c39468984e78f450,delivered,2018-01-15 15:56:53,2018-01-15 16:12:30,2018-01-15 23:09:48,2018-01-17 21:21:09,2018-01-30 00:00:00
7d7905bf75bc3a7657f3e145f0214528,9fb2c8752b05e109fdd870a28be5bea9,delivered,2018-02-12 09:14:03,2018-02-12 10:20:24,2018-02-15 05:42:14,2018-03-03 12:18:47,2018-03-12 00:00:00
ebaa5eb35a303a3a68afc58ede4f5661,c4ca148fe942475fe54810419dc18cbc,delivered,2018-02-20 20:04:54,2018-02-20 20:27:08,2018-02-23 00:45:23,2018-03-10 17:12:20,2018-03-15 00:00:00
1749aa0c3e963525049e36964941cee5,517a6168cf0a6fd2b59beece3b70b9dc,delivered,2018-01-26 20:29:27,2018-01-26 20:37:25,2018-01-30 19:53:47,2018-02-22 21:46:51,2018-02-21 00:00:00
4334cbad2570eb17ab0f2be70bcc22b7,7d350d56bac0a6a9b6c3e5ce37198fba,delivered,2018-02-19 23:48:49,2018-02-21 06:05:30,2018-02-22 17:22:58,2018-02-26 18:35:48,2018-03-05 00:00:00
87daab525d42b65a8fd0083f652cc9d9,3d81e0983219c68388bc93a067ccf4b6,delivered,2018-02-13 19:52:44,2018-02-13 20:07:41,2018-02-16 18:42:54,2018-03-07 22:04:21,2018-03-12 00:00:00
5f4f0369b32151df633e5054d6f4a3fd,ed3e6a4bc34efc2ba21fd9a1fc6048f9,delivered,2018-01-24 11:31:35,2018-01-24 15:16:14,2018-01-25 21:41:36,2018-02-07 01:12:01,2018-02-16 00:00:00
73cb7b68ebaea36d0678e616423e2618,f17efc061891b8702568adecffa94803,delivered,2018-01-27 19:11:25,2018-01-27 19:19:47,2018-01-31 22:46:31,2018-02-07 18:52:29,2018-03-05 00:00:00
61bc37c42c68767e75243b8c2061f5aa,b3beef70f17ed56c0f98f810e411d87b,unavailable,2018-01-11 15:07:19,2018-01-12 14:57:24,,,2018-01-31 00:00:00
80128feb8f15a7ebaa8371aa0a718604,35026c49c3db4516456765fc5df0bcff,delivered,2018-02-14 17:52:02,2018-02-16 07:55:44,2018-02-16 20:59:14,2018-02-26 18:22:25,2018-03-07 00:00:00
61ad7ff8f7855f070f278ff8412622a8,0f5480c5aaee82c59b19b3a9fe5a50a3,delivered,2018-01-07 21:13:42,2018-01-07 21:27:12,2018-01-10 18:36:40,2018-01-15 20:10:13,2018-01-31 00:00:00
7d0efe41a9db8dbb13ba3940f287fe74,3108618c2ada72ac2470f11de0f0e998,delivered,2018-01-29 22:36:22,2018-01-29 22:53:35,2018-01-30 20:22:45,2018-02-22 22:04:27,2018-02-22 00:00:00
0adc694b12e2711cde18a5d31576bef2,9f0c1f084027175956642f25a0c96cba,delivered,2018-01-17 11:02:09,2018-01-17 11:12:20,2018-01-17 18:45:19,2018-02-15 17:14:46,2018-02-14 00:00:00
d75cb3755738c4ae466303358f97bc55,ea21c25f85f7532101bb681731fa8ce3,delivered,2018-01-22 19:46:58,2018-01-24 02:53:17,2018-01-26 10:39:12,2018-02-08 13:13:01,2018-02-20 00:00:00
3767ec504e8593984a2b190eb90743d3,f99c31e9d393f936ade288b47354f465,delivered,2018-01-15 22:33:01,2018-01-16 22:33:25,2018-01-30 21:41:13,2018-02-22 17:44:07,2018-02-19 00:00:00
b785c9a36593879a9109ad7539f2467c,c308e6b8b4727bd2e3b3433bdb344950,delivered,2018-01-06 19:46:05,2018-01-06 19:58:20,2018-01-09 17:32:34,2018-01-23 23:29:09,2018-02-08 00:00:00
1a2dfbf5bcc5c3587728996088ba03f2,71516655cab6b35276d5f09442ea4ed0,delivered,2018-02-15 11:15:47,2018-02-15 11:30:40,2018-02-15 22:18:54,2018-02-16 14:14:59,2018-03-01 00:00:00
29150127e6685892b6eab3eec79f59c7,18955e83d337fd6b2def6b18a428ac77,delivered,2018-01-12 20:48:24,2018-01-12 20:58:32,2018-01-15 17:14:59,2018-01-29 12:41:19,2018-02-06 00:00:00
8b4116b3c788f8fc49c7d5089ad2450d,da8d9d3bd106e29f61b9e916087fb1bf,delivered,2018-01-26 20:56:39,2018-01-26 21:17:11,2018-01-29 11:58:59,2018-01-31 16:35:18,2018-02-09 00:00:00
c3a5f9a1e22066b7cb175e1efa5b28bf,0992bb382c2c55324fa17f925d9a66bf,delivered,2018-01-19 16:33:20,2018-01-23 03:37:36,2018-01-23 22:50:54,2018-01-30 23:26:04,2018-02-14 00:00:00
96872d026aa122a9e93957de1e58d427,77d4d4c016beee36bf140f5789b92c8b,delivered,2018-01-18 11:33:56,2018-01-26 17:03:26,2018-02-02 18:50:34,2018-02-05 18:12:46,2018-02-02 00:00:00
fc6f84b0e39444f7c25d54107317faca,054c3d6634ff610c71c882d6f157bb34,delivered,2018-01-31 15:46:03,2018-01-31 15:55:46,2018-02-02 01:23:48,2018-02-07 21:36:43,2018-02-16 00:00:00
fc85b94eb688b0abb29954cf6354c1bc,30618802562d31117ba648da7cf54645,delivered,2018-01-09 19:19:32,2018-01-12 09:31:21,2018-01-12 22:32:57,2018-01-23 22:09:55,2018-02-05 00:00:00
6df2cfb6624c3e0b13775087f1cda182,7c34bd204a60d620ac5f7e1b5022a122,delivered,2018-01-06 23:30:47,2018-01-06 23:39:29,2018-01-12 13:55:50,2018-01-30 20:38:40,2018-02-07 00:00:00
599c5d36dc0772fe9b1b76672eb5a568,c2ad334d26c9f703005433aa0e72792e,delivered,2018-01-10 13:34:37,2018-01-10 13:48:46,2018-01-15 13:33:27,2018-01-20 17:34:00,2018-02-01 00:00:00
06369aa3e6e8c6d52a7df6a2cd76cb1b,a77f4b21bfcd5d78e8799a788934c8fb,delivered,2018-02-01 17:22:04,2018-02-01 17:33:11,2018-02-02 23:28:36,2018-03-04 21:05:29,2018-03-09 00:00:00
d3dade419052ceb22cbf5aac01b8976d,a5cf875723369b926e83c640fa1e0917,delivered,2018-02-10 16:44:30,2018-02-10 16:55:55,2018-02-14 19:08:49,2018-03-20 22:46:28,2018-03-27 00:00:00
08fa07327488ff39829511ce36ed3e32,06323e75b664e167bba52921c091ab2c,delivered,2018-01-04 14:46:20,2018-01-04 14:57:23,2018-01-08 14:58:01,2018-01-16 22:26:44,2018-02-02 00:00:00
b09b98cd6505e67b66c88ba47a602531,02745d8d4ad97eb190c4939c5df1c3c5,delivered,2018-02-14 17:56:45,2018-02-14 18:47:48,2018-02-16 23:33:20,2018-03-07 17:12:31,2018-03-09 00:00:00
798738fb83403d78d10892ac46cf8065,ca860cef411f1bc07c2e4a2b19fdfd4d,unavailable,2018-01-24 18:44:14,2018-01-24 18:56:24,,,2018-02-08 00:00:00
6e2c325b5837ea4f4f30dfbf27afbb4d,12025777799372620b9f7fa8e4426d1e,delivered,2018-01-17 08:21:49,2018-01-17 08:32:19,2018-01-22 23:52:49,2018-02-05 23:13:14,2018-02-23 00:00:00
06495b5a6aa3e4527e8c1fb34d47ea70,0e178c8fb4e6772ba156b0b795993c2d,delivered,2018-02-21 00:35:53,2018-02-21 05:15:33,2018-02-22 16:35:38,2018-03-13 22:11:22,2018-03-19 00:00:00
6b20cc3647e96150f914350d12208e9d,24942dcaa62f0890aa97a575367249b3,delivered,2018-01-29 13:52:40,2018-01-30 18:49:56,2018-02-02 00:06:09,2018-02-28 19:52:04,2018-02-21 00:00:00
ecac5badffe4c7227c7d6ac1a33fd6d5,988a8fc4119640064ed24abf747f2e75,delivered,2018-02-22 19:41:23,2018-02-22 19:55:25,2018-02-23 20:47:15,2018-03-09 16:54:26,2018-03-16 00:00:00
34ed8b79fd1d5c5550059a18277cf3fe,fa3b5a98a4327c5f32694a30d0fa2fec,delivered,2018-02-03 22:42:30,2018-02-03 22:55:25,2018-02-08 21:50:29,2018-02-22 14:29:05,2018-03-07 00:00:00
0a10c45a73c3213a1499c3989973849b,7d8983250c2d0a3ee2e1deeb1bfd9523,delivered,2018-01-15 23:47:57,2018-01-17 03:35:27,2018-01-20 15:34:50,2018-01-23 19:55:53,2018-01-30 00:00:00
6fd8d29c2aba16768615748086578d34,cc8051d0a68c5d5e3b6d10ac3d29f864,delivered,2018-01-03 22:26:49,2018-01-03 22:38:27,2018-01-09 21:25:58,2018-01-16 20:43:00,2018-02-06 00:00:00
53e47f7fef72225bb63f3618e3301f15,1a3604da5f3df07bf34888beea7ed6f9,delivered,2018-01-20 12:10:35,2018-01-22 13:47:58,2018-01-23 17:28:43,2018-02-20 01:43:17,2018-02-14 00:00:00
0822275bffed889280029c0c32b003e6,8271ceeaf964f129bcc35e89a3d4520c,delivered,2018-02-05 13:12:47,2018-02-05 13:30:45,2018-02-06 21:07:48,2018-04-05 21:32:46,2018-03-01 00:00:00
d2cc32c3614a3446aef94cfc1ade79b3,61e4c5b188a03022c0b1c76309dd5187,delivered,2018-02-19 20:33:09,2018-02-19 21:35:27,2018-02-26 23:48:46,2018-03-24 18:51:08,2018-03-12 00:00:00
37864e339894159b890ecddc8f7cc55c,febd6dd5e254743d7cf204dc53224649,delivered,2018-01-05 13:16:11,2018-01-09 07:17:58,2018-01-12 20:06:12,2018-01-23 20:04:24,2018-02-14 00:00:00
d3476282f08ffd2be3c9a7aeae6086b2,dce7853078903a15951e0eaa64fd7359,delivered,2018-02-19 21:38:38,2018-02-20 21:30:28,2018-02-22 22:13:31,2018-03-09 20:57:45,2018-03-12 00:00:00
db7f48023b3aaa3002217d55bf03ee3c,e34249c18eac0c768a80717775f43700,delivered,2018-01-20 14:54:38,2018-01-20 17:00:30,2018-01-23 19:18:49,2018-01-29 23:08:49,2018-02-15 00:00:00
5ba762b97f85520fb7d3376a66b02287,c98bda79369fc7d1b253dcb8ca461c13,delivered,2018-02-11 18:16:05,2018-02-11 18:30:23,2018-02-14 17:34:27,2018-02-24 15:37:31,2018-03-09 00:00:00
965fd67b96c75d07ac90c1f7ba2728e7,3e8152cd9752470b9bae84e87f3bd3b1,delivered,2018-02-28 18:37:40,2018-02-28 18:50:26,2018-03-01 18:04:59,2018-03-14 21:28:44,2018-03-21 00:00:00
756445ff67f2676d72ae774c8cb5b0f0,5ea703be990cea78e9615d9a636ba28e,delivered,2018-01-17 19:40:55,2018-01-17 19:53:22,2018-01-20 00:23:21,2018-02-01 01:32:23,2018-02-15 00:00:00
da6d11c2027b52e35bf5089247eddd4d,cf787755d3ab6f7dc09e5212f2d1aa29,delivered,2018-01-08 14:14:41,2018-01-09 07:19:05,2018-01-15 15:04:57,2018-01-22 19:15:43,2018-02-05 00:00:00
2736be66db18bfbfdc0c26012e80944b,d97a5aa33003b861353c6e579abd37bd,delivered,2018-01-09 14:03:17,2018-01-09 14:11:43,2018-01-19 21:58:01,2018-01-26 22:18:57,2018-02-06 00:00:00
be2d17e0af05916e706b4d0ea44154ec,16d4ccbf270f873a8fef9a92e135adc5,delivered,2018-02-04 21:16:20,2018-02-04 21:29:27,2018-02-05 17:18:50,2018-02-20 17:13:38,2018-03-02 00:00:00
6551aa5197870cea53e483f92d3a75df,b65df387ccc9a5adb98b8b5773e18748,delivered,2018-01-23 14:53:54,2018-01-25 02:38:36,2018-01-29 17:51:46,2018-02-15 15:20:01,2018-02-20 00:00:00
4118d018e9f9582cb4a36074635913d1,0bb9be671290be8ce833fee7c0955eda,delivered,2018-02-27 20:56:40,2018-02-27 21:28:44,2018-02-28 17:49:04,2018-03-04 12:47:44,2018-03-19 00:00:00
e6bd0a7a4674d02e56b7a0515c991cc9,15bc7cbb1170241d34ff27230c88f023,delivered,2018-02-09 11:58:45,2018-02-10 03:31:21,2018-02-14 16:45:14,2018-02-26 18:18:55,2018-03-13 00:00:00
6d805885f6f2c426c2c589089c9dc332,46a8c0bb60e620c421f5828b3724e633,delivered,2018-01-15 12:50:45,2018-01-16 12:52:06,2018-01-17 16:18:15,2018-01-25 22:06:40,2018-02-07 00:00:00
38035a76fee1437dca92e94b3e057af6,c808210ff5bbf25415730cefb3ca0113,delivered,2018-02-23 09:35:40,2018-02-23 09:50:37,2018-03-01 01:19:31,2018-03-19 14:18:45,2018-03-16 00:00:00
bb61950e7ebdb94de7471ce0d4fce73b,dbe32b3853560060d8d62657f15d77ec,delivered,2018-02-05 10:50:58,2018-02-05 11:13:05,2018-02-05 22:58:53,2018-02-14 16:56:30,2018-03-08 00:00:00
fe2d73eb11a3d7eeea4e897f8ce8eb59,bc8bc13c6748cdaa83178cdf94ba57a9,delivered,2018-02-16 14:01:29,2018-02-16 14:10:28,2018-02-16 23:36:57,2018-02-19 16:52:22,2018-03-05 00:00:00
34a9a98676d240a885b690f92ef1b430,ee5d17d6f2cc680e2a43b6751e6ac93e,delivered,2018-02-04 15:29:34,2018-02-05 11:35:48,2018-02-06 19:26:47,2018-02-19 22:57:07,2018-03-01 00:00:00
f188abfc38ef0d8d57378756a27a12ff,bc088899d0ff99a04ac52d4be2265f92,delivered,2018-02-01 15:57:09,2018-02-01 16:15:21,2018-02-05 23:13:25,2018-02-19 16:44:58,2018-03-05 00:00:00
fa3d745324c8a96e112e217b025689f1,ac1a389528fe61d073b809c5cd02d95a,delivered,2018-02-05 14:38:57,2018-02-06 15:56:02,2018-02-10 14:27:04,2018-02-19 16:04:36,2018-03-13 00:00:00
2e34b63e02ca9057558368f63f08b3c6,a8f1702557985daedcce507ea3061a8d,delivered,2018-01-02 12:31:51,2018-01-02 12:48:54,2018-01-03 17:44:48,2018-01-16 19:52:44,2018-01-29 00:00:00
a33b289433334b5de7fc4a053c290af8,f65326b2ac36be7ebdf22698f41654ae,delivered,2018-02-25 19:28:18,2018-02-25 19:47:48,2018-02-27 01:38:48,2018-04-12 20:21:41,2018-03-23 00:00:00
161df324497b4eb26108b523c74327a5,ea8fe7750632253df84eea3d7f0ee1fd,delivered,2018-02-27 10:03:43,2018-02-27 10:10:28,2018-03-03 15:24:32,2018-04-12 10:42:35,2018-03-28 00:00:00
8420f1ac8b8cfd72a9f2745b55482462,731dc3e981e6c5c390acd0cf03ccc05e,delivered,2018-01-25 08:58:38,2018-01-25 09:13:54,2018-01-27 11:28:31,2018-02-05 23:07:39,2018-03-01 00:00:00
22d5102a394ed953c1d0de4a702a5f9c,6cde1d78f199f11a10ff3b1673a82cb9,delivered,2018-02-17 14:24:34,2018-02-17 14:35:29,2018-02-20 22:18:57,2018-02-23 19:20:08,2018-03-06 00:00:00
65e0e5b714d6228729c256106d12abd4,aaaf0308dd4ee292fd6f57b4e0523cba,delivered,2018-02-08 10:59:26,2018-02-10 02:36:59,2018-02-14 22:36:33,2018-03-07 15:09:19,2018-03-06 00:00:00
a90966534748634cbb133383bf0eee68,509585871d9505d583be980046b14b8a,canceled,2018-02-01 16:49:17,2018-02-01 17:15:39,2018-02-02 19:26:53,,2018-02-19 00:00:00
c96e52fd91fc51921c9ed964b468d9e3,20a043e654e799b1b633644c0f1e17ed,delivered,2018-01-22 18:15:21,2018-01-23 03:37:48,2018-01-24 16:42:57,2018-02-06 23:59:37,2018-02-15 00:00:00
63fe9908d3d71e2355d3abbd56af7af4,99ec403e5635446f0677ac2752b2c0c3,delivered,2018-02-02 15:48:20,2018-02-02 16:09:02,2018-02-05 21:08:56,2018-02-15 21:51:35,2018-03-05 00:00:00
fc0d78109239dcb41dc110f375f1b397,b6cb5664bfdea1f33dc4fe686546d40c,delivered,2018-01-21 20:30:44,2018-01-22 13:58:45,2018-02-08 00:04:51,2018-02-14 21:18:07,2018-02-23 00:00:00
6a8068cb2233e4e303e48efa7628d7ce,a995de3dc6d521edc82924a3e9941821,delivered,2018-02-23 12:49:55,2018-02-24 12:48:03,2018-02-27 23:42:15,2018-04-03 18:26:41,2018-03-19 00:00:00
dea1e695f08ba5ff543ac1f0132f6db3,d564b70e32e3a90a00477b7a1d3f0e40,delivered,2018-02-21 17:59:32,2018-02-21 18:15:24,2018-02-23 22:45:49,2018-02-24 20:54:11,2018-03-07 00:00:00
2dd40e76f5720434aa1540eb92620584,86e6655319952985e01892337ab48767,delivered,2018-02-04 09:47:03,2018-02-04 09:55:25,2018-02-05 22:22:24,2018-02-26 16:43:35,2018-03-01 00:00:00
037e4ea044a589bcfbceb43210ba7024,8915549cc658e933b96113235c64ad9d,delivered,2018-02-16 08:56:37,2018-02-16 09:35:24,2018-02-16 22:37:15,2018-02-22 20:02:58,2018-03-05 00:00:00
4b3b5a1764a6d2a253ea4f815e3a1521,9e8f467e3f46fce1d46d5fde05706628,delivered,2018-01-15 10:28:06,2018-01-15 10:53:58,2018-01-16 14:11:59,2018-01-29 22:36:48,2018-02-08 00:00:00
93667ea4f04019c0c0010be42972ab42,398231295b265721a9760933623bf01c,delivered,2018-01-15 13:24:40,2018-01-15 13:34:38,2018-01-17 15:06:00,2018-01-23 18:23:06,2018-02-09 00:00:00
857dfb7747277538e123a9086b873cc7,ce78147300ad685730e9374522c42a39,delivered,2018-01-24 12:07:49,2018-01-24 12:19:21,2018-01-26 14:06:35,2018-01-30 14:35:51,2018-02-16 00:00:00
76c3c8013bea9128879c13688ea5ff32,734d978ad5e614c839d98c85e8e7e7ae,delivered,2018-02-19 17:44:31,2018-02-19 18:46:53,2018-02-22 20:49:53,2018-03-08 17:59:45,2018-03-05 00:00:00
d82fd3fc3c5ceb51ec5f5db847dbe0a9,b38fe1a2c24f64d3415260f865f25a72,delivered,2018-01-30 13:49:17,2018-01-30 14:15:16,2018-01-31 22:33:11,2018-02-02 23:26:58,2018-02-15 00:00:00
a3f9e137835e6b213ac38b80947c3b90,60cc47aa348aa7237977740f6db71057,delivered,2018-01-07 17:21:29,2018-01-09 07:16:59,2018-01-11 00:48:52,2018-01-21 17:55:36,2018-02-08 00:00:00
b00226019e5bae10bcb0b8ee041e96d4,daeeb8e1536e1934cbdb68a76cc3d788,delivered,2018-01-24 11:01:00,2018-01-25 10:58:26,2018-01-26 17:19:49,2018-02-05 18:15:04,2018-02-21 00:00:00
324e2258a783f37df70a31a89860114e,5e846cb3c229e358021cf10316c72de1,delivered,2018-01-31 18:40:48,2018-01-31 18:51:11,2018-02-01 22:37:47,2018-02-28 19:13:22,2018-03-05 00:00:00
01af7745a283aeb0f0754495c4b51ac7,200b152d4fcc6b4fba34c286b4c83a17,delivered,2018-02-28 13:28:49,2018-03-01 11:14:38,2018-03-02 22:07:22,2018-03-15 18:56:32,2018-03-21 00:00:00
85e82878a7121ee2d2018b2299b7915e,43a020387d119fbe1f461e6473f3dfe5,delivered,2018-02-26 18:58:02,2018-02-27 18:50:32,2018-02-28 18:09:02,2018-05-08 15:40:58,2018-03-16 00:00:00
2326e62a79b6d61d95f414e44724d427,08112656aac7e7f6f51324b2f1d85f02,delivered,2018-01-18 08:02:14,2018-01-20 09:08:44,2018-01-23 15:22:43,2018-01-25 19:11:56,2018-02-08 00:00:00
e56cf4189e005351c2158740a5861875,7dd917a5403363d83494e19c46852249,delivered,2018-01-22 15:14:37,2018-01-23 03:52:52,2018-01-25 00:09:43,2018-02-17 12:22:53,2018-02-22 00:00:00
1e2335cf4dd533488459494190011751,5e24c55ef0779a3c578d272ff7c3d4fb,delivered,2018-02-19 16:42:29,2018-02-21 06:10:16,2018-02-22 16:25:21,2018-03-01 19:05:12,2018-03-21 00:00:00
e54db55a39ec332bc36c1176f6eb4773,7a1456f70a0751c02f6d7e0f3028d96e,delivered,2018-01-29 12:52:36,2018-01-30 05:31:30,2018-02-02 23:48:46,2018-02-28 00:15:21,2018-02-22 00:00:00
4146a8b684caef22542409dd06db0d32,b249a228615f39c7b6fa3bf1f2ecba9a,delivered,2018-01-06 17:43:47,2018-01-06 17:52:19,2018-01-08 16:56:22,2018-01-11 17:43:01,2018-02-09 00:00:00
2eeb6d2e0f687208e04adfa5afb15700,86cd09e980bd8785a301c2203c6b7a17,delivered,2018-02-20 10:22:57,2018-02-21 06:10:23,2018-02-21 21:18:58,2018-03-05 23:50:28,2018-03-15 00:00:00
b513b10ef81dc22d15e850789a8a96b1,fa3c9c28979e812523cac4180cf5bbca,delivered,2018-02-25 19:08:04,2018-02-27 04:31:09,2018-02-27 17:53:22,2018-03-08 00:10:24,2018-03-21 00:00:00
5e29bb4d91686c8d61f87779502db614,8059726e1bee32796e83bf37aa97ee5d,delivered,2018-01-25 08:48:39,2018-01-26 03:15:48,2018-01-26 19:39:06,2018-01-30 20:58:08,2018-02-09 00:00:00
bf16925092e978c7d8f30e217e7ca593,c2c7905a166ac611b0423c61ad03e7ad,delivered,2018-02-27 15:17:38,2018-03-01 02:35:39,2018-03-02 12:12:50,2018-03-07 22:45:54,2018-03-20 00:00:00
ac5ad4cfc85f922013597f80a6c59099,4cdfe57e4d764c5f21beaf377175c19f,delivered,2018-02-27 17:28:04,2018-02-28 10:15:42,2018-02-28 19:32:52,2018-04-11 15:48:43,2018-03-19 00:00:00
ec67500767e46c56db2d046d13e46296,6f33f93011237ac8e47e0652b5da71de,delivered,2018-02-28 09:40:36,2018-02-28 10:40:35,2018-02-28 19:56:46,2018-03-08 18:46:42,2018-03-20 00:00:00
a9da66f1dfe4cca8956f5e74619c2cb9,07dae321287a775e433119f7cc3a774b,delivered,2018-02-24 15:39:34,2018-02-27 05:30:53,2018-02-28 23:35:22,2018-03-06 18:07:56,2018-03-23 00:00:00
a34e82fc511c9fb1866fba1dad2ac753,b117662727b8e15334ba1b8bbba61035,delivered,2018-02-07 17:47:18,2018-02-08 07:50:35,2018-02-09 22:28:47,2018-02-26 17:05:04,2018-03-12 00:00:00
1247e7aa2e791c9f1b0d6193c132dba6,55ccf84914fb92df2f02eb8df1215bfd,delivered,2018-01-09 00:21:34,2018-01-09 01:28:07,2018-01-09 19:04:33,2018-01-16 19:32:25,2018-01-26 00:00:00
d2f5633625bc4755a073b638481e8dcf,ca1b5f5a57a568920c0353b91f906e0d,delivered,2018-02-08 21:03:27,2018-02-08 21:32:23,2018-02-09 22:41:40,2018-02-27 16:56:07,2018-03-05 00:00:00
c6f24de5c976bfafc4a340b805c70fe7,eb0424db69f42111ab7c8e8dcb5307c8,delivered,2018-02-06 09:34:41,2018-02-06 09:50:26,2018-02-09 12:28:37,2018-03-03 11:48:34,2018-03-13 00:00:00
34658a3acc2e95feb3382c78cbc1564c,52c4b154f7f0625286206d9054608dab,delivered,2018-02-17 23:45:31,2018-02-17 23:55:37,2018-02-19 23:07:58,2018-03-02 13:38:27,2018-03-16 00:00:00
864fbd229edcb913bdec4fb30b0c532f,7d9cd38926a665d46f1c912b616b3742,delivered,2018-01-03 10:05:32,2018-01-04 05:15:18,2018-01-08 18:47:18,2018-01-25 00:16:51,2018-02-06 00:00:00
f03606e5e4ae88ce00116fa7fcc84267,5110631c95ad19d06d5633e9f965d253,delivered,2018-02-10 12:44:13,2018-02-10 12:55:51,2018-02-16 17:28:50,2018-02-20 19:44:16,2018-03-05 00:00:00
9afe4ac694cb1ed15bc9b0d9130e8166,3857ccff1f7ab55786a8c851348b133b,delivered,2018-02-08 11:54:26,2018-02-09 10:11:45,2018-02-14 16:10:00,2018-02-27 11:49:37,2018-03-21 00:00:00
8e2cbf2f771a9e3db9a33a324d3a2b0c,c956a929bf20e4511644a58aa4df6f88,delivered,2018-02-15 19:23:46,2018-02-15 20:00:24,2018-02-22 20:53:47,2018-02-23 15:28:16,2018-03-02 00:00:00
68619ce8e1d093c01359eb9d2dd22120,1624a92e97ae6aafabdeeab06b599460,delivered,2018-01-10 19:34:40,2018-01-10 20:08:23,2018-01-30 22:28:38,2018-04-03 19:36:57,2018-02-08 00:00:00
0f7f0f5f679b32fd80e1535ca33a7c30,542225aee88bf09fe21f73ffe2fd9bff,delivered,2018-01-29 01:05:19,2018-01-29 02:10:36,2018-02-02 00:46:34,2018-02-16 00:03:24,2018-03-09 00:00:00
5671fba9b53be3fff9c55a00839abddb,612b73d1a90b7f881cfe04d86d4d2d43,delivered,2018-01-08 15:43:41,2018-01-11 09:08:34,2018-01-11 19:14:49,2018-02-06 18:25:01,2018-02-20 00:00:00
e8b79ed0b3aa49f3a28b6939a3db249f,1bb3950ed1e67c9b3dbd7d7cd32cbff5,delivered,2018-01-19 17:38:35,2018-01-19 17:57:21,2018-01-22 23:18:46,2018-02-02 20:13:16,2018-02-14 00:00:00
46e4d123d255804919f2b94c04130164,3cef296eeb5eabb08cf17d1fee573467,delivered,2018-01-13 15:19:59,2018-01-13 15:29:03,2018-01-15 21:12:54,2018-01-18 15:54:53,2018-02-05 00:00:00
d395475d71e6042e654407cef55e3c47,02a0108a7d89916840cb3edb1585480e,delivered,2018-01-23 15:52:37,2018-01-23 16:17:14,2018-01-24 15:16:48,2018-01-30 20:32:03,2018-02-20 00:00:00
8209537dd24f5c7e5cd13be3928312d5,a821480782a5b10ee7d736b9c60e8db5,delivered,2018-01-26 17:10:17,2018-01-26 17:22:59,2018-01-30 14:06:08,2018-01-31 20:57:03,2018-02-09 00:00:00
37b2da18eede8674ecc05302ebb6e32b,d906dd7f11e40617aba6e03961da0f05,delivered,2018-02-26 18:30:59,2018-02-28 09:56:32,2018-02-28 22:33:42,2018-03-20 16:38:32,2018-03-20 00:00:00
c90fb992daf8f63f00c1f7819f0897ab,2c9a17c67c0122acf9d9ebe026d5c463,delivered,2018-02-19 09:38:41,2018-02-20 07:26:59,2018-02-21 16:13:41,2018-03-06 01:59:02,2018-03-15 00:00:00
6f2ed4a14ddb4db99255cbb30951ab59,0a81199e6e7a385d86f18a1258b0f032,delivered,2018-02-20 20:20:11,2018-02-20 21:10:19,2018-03-12 20:41:42,2018-03-17 14:05:19,2018-03-20 00:00:00
4e81a6ed1cdc31e84c13a74ec121798c,99058b9f04cb6cb1eec9114bbf4767b6,delivered,2018-02-21 23:43:05,2018-02-22 00:20:24,2018-02-23 19:24:51,2018-03-10 00:41:56,2018-03-07 00:00:00
e82d1b300fd1df88a56bf9e4f4b77655,6dfc5d1e608f060d8b5d27b2d2bf0ee1,delivered,2018-02-28 13:15:44,2018-02-28 13:35:29,2018-03-01 22:53:19,2018-03-08 19:32:30,2018-03-21 00:00:00
3aa9a689b3c0ef2d13623d763c96ddbb,02405cd33ab625b311b3aabe5402dcf1,delivered,2018-02-08 10:31:55,2018-02-08 10:50:14,2018-02-08 20:54:51,2018-02-19 19:22:14,2018-03-07 00:00:00
356447440f7c0f7fc6bd04c27ed18216,bddc691790dafcfa373909e3571cf284,delivered,2018-01-26 16:33:49,2018-01-26 17:31:59,2018-01-29 23:09:20,2018-02-07 15:52:49,2018-02-19 00:00:00
f75455b78762d30c7e663172f18dbcbe,6b92dda6e324283dbe4969c443e3bf1a,delivered,2018-02-12 10:12:55,2018-02-12 10:28:08,2018-02-14 22:09:36,2018-02-27 23:07:45,2018-03-06 00:00:00
e7336e1648bf13ca6664c8568363dbb3,e7936bc511477310739929f93589b2f7,delivered,2018-02-17 15:24:03,2018-02-17 15:35:34,2018-02-19 16:30:15,2018-03-05 22:08:18,2018-03-13 00:00:00
d710cc27e881afaa41ec9e8aaa954a89,af35a10dbb0aa8d88e7f0462fce833ae,delivered,2018-02-14 10:57:27,2018-02-15 04:30:49,2018-02-20 18:17:46,2018-03-06 14:49:36,2018-03-15 00:00:00
790d7fdb41e9a2457520208c7a7eb0ca,22d27f7b57908f1e8c9982bcf920bc88,delivered,2018-01-15 10:01:54,2018-01-15 10:30:28,2018-01-16 00:18:06,2018-01-31 19:55:01,2018-02-06 00:00:00
b28eb422b41546e8ec8ab86afc836294,2dfbbbecae42828587b832a3c4d4a893,delivered,2018-02-05 19:24:40,2018-02-05 19:35:28,2018-02-16 00:57:00,2018-02-22 21:18:52,2018-03-01 00:00:00
b7bef020492af2903362c33783ad4e38,3272b3a88f6571ec59d75e7201a34255,delivered,2018-02-07 07:18:42,2018-02-07 07:30:21,2018-02-14 21:38:52,2018-02-21 14:27:19,2018-03-09 00:00:00
28347fb7928bfd78f994fd08e778e7cd,3a5dc54da61c278bb18757c6ce5c64b7,delivered,2018-02-15 17:38:41,2018-02-16 07:47:07,2018-02-21 03:10:08,2018-02-26 21:28:06,2018-03-14 00:00:00
06450a9849cb4a8c2f3bbeba9995b64f,6668dac2eb65c90a4b5662e8d5a38514,delivered,2018-01-19 20:26:21,2018-01-19 20:36:32,2018-01-23 22:08:06,2018-01-26 15:08:01,2018-03-01 00:00:00
1f759fd184ad08e54531343b16330c03,00c23397b535962f65c89900d6a9ab22,delivered,2018-01-01 23:50:59,2018-01-02 00:07:19,2018-01-12 20:23:46,2018-01-15 19:15:10,2018-01-31 00:00:00
466956eafdf33e09b80a44e188ceb5b9,ac5fff54784cd57c4f30e4e90639c8a3,delivered,2018-02-06 13:38:06,2018-02-06 14:15:45,2018-02-09 15:22:28,2018-02-11 16:32:42,2018-03-05 00:00:00
bccf051dcbdb40d7aa00e84a00b169e6,3a1b59ada3b17dd1f3efe3ec95fc9a29,delivered,2018-02-12 21:17:41,2018-02-12 21:30:31,2018-02-14 17:09:06,2018-02-15 16:19:11,2018-02-26 00:00:00
aa600269bffea363cca75ad2d1908903,f89539977cb5c6e5d6ba2e662ed6496e,delivered,2018-01-14 17:46:11,2018-01-16 03:38:42,2018-01-17 02:45:01,2018-01-25 20:58:39,2018-02-19 00:00:00
23f016ada08eb6e9abb24597bd8556a8,b31e07b7f3a2cd0c8172ee7947e7589d,delivered,2018-01-03 21:55:18,2018-01-03 22:07:54,2018-01-08 19:24:48,2018-01-16 13:24:12,2018-02-06 00:00:00
b632c3e0b709b4bee21b37f79caa57c1,6abc04e25f0ff0d1075639c029a32ee8,delivered,2018-02-02 20:00:09,2018-02-06 03:50:39,2018-02-09 23:06:50,2018-02-22 17:47:43,2018-03-05 00:00:00
94e1a02f0937bbffcdff479b763927cf,145937105270f3b4c5fd6168e12a3b01,delivered,2018-01-26 20:32:40,2018-01-26 20:39:32,2018-01-29 21:26:46,2018-01-31 17:39:24,2018-02-21 00:00:00
649a327bed5a2799967cb9c666ff06c1,6401917f6b9f31fb91791bd2ce2783c8,delivered,2018-02-23 15:34:30,2018-02-23 15:54:27,2018-02-28 18:23:29,2018-03-22 18:46:44,2018-03-16 00:00:00
03343a88c4d669e6378c5aedc4147919,d6851a9cf4328debeddd2f63212ff9e2,delivered,2018-01-16 12:06:29,2018-01-16 12:16:58,2018-01-16 22:37:59,2018-01-31 21:46:39,2018-01-31 00:00:00
6597a54aa04a81a38f7e13b5f7fe7aa6,e5f9c9b7c5f9c39879a552985b1ccb9e,delivered,2018-02-14 23:21:11,2018-02-16 08:07:39,2018-02-16 22:23:00,2018-02-19 23:29:12,2018-03-05 00:00:00
5985f136ead106b6ca5c2bf3f76b5874,2a8d9f1d2d99d0e67e6ef28ec7f55589,delivered,2018-02-05 20:36:59,2018-02-05 20:50:27,2018-02-09 16:13:38,2018-02-23 21:51:50,2018-03-05 00:00:00
e4f0b379cb8233db68561f79f774988d,418674f10950b8eef8388d160ac4a53a,delivered,2018-02-19 16:31:25,2018-02-19 18:06:55,2018-02-20 18:58:40,2018-02-22 20:56:49,2018-03-15 00:00:00
b64c877d24e9ca2418150a159d754371,759a37244e0c5d737342df44b0fa0fce,delivered,2018-01-28 10:45:25,2018-01-28 11:20:00,2018-02-06 00:54:47,2018-02-22 13:32:58,2018-02-23 00:00:00
e94d2aa1b4e27a13571357d326e1694d,ed11d279d89c44bca26fd1b29db725b5,delivered,2018-01-24 15:31:27,2018-01-24 15:58:02,2018-01-25 15:25:42,2018-02-07 15:48:56,2018-02-19 00:00:00
39730c5c34015c1ef1cc42708264b56d,9b04f358b1024f10a9489dff2cb26314,delivered,2018-02-22 08:36:38,2018-02-22 08:48:44,2018-03-02 21:46:32,2018-03-19 09:24:47,2018-03-14 00:00:00
410bbe52ea797b594e24bf3d7dadf8d4,2c9ca7492802d8e628247622380f17e5,delivered,2018-02-06 20:56:59,2018-02-06 21:11:13,2018-02-21 18:08:45,2018-02-23 22:17:10,2018-03-26 00:00:00
26e18612ee188c4d99441c0f9ea94b06,48a13a7cccd0cca92275e1e983debaee,delivered,2018-01-09 09:04:07,2018-01-09 09:15:20,2018-01-09 18:28:43,2018-01-11 16:26:19,2018-01-26 00:00:00
972570f8874c3f706d151201aca20e08,b42d691b31fef205f05f2c19897f5bbe,delivered,2018-02-25 14:56:29,2018-02-27 04:31:04,2018-03-02 19:07:43,2018-03-14 22:06:35,2018-03-29 00:00:00
d21d7411b251f35ead1b210dc946ca70,cff157deadf46de66ac1eb7ead76deb0,delivered,2018-01-15 22:54:08,2018-01-15 23:10:45,2018-01-16 18:42:08,2018-01-22 19:27:55,2018-02-16 00:00:00
6489b3baf98eaf50ca1b39f9178a1510,8efdf760a9b9de9f92198e08ea7005fe,delivered,2018-02-23 23:32:22,2018-02-27 04:30:55,2018-02-27 19:52:19,2018-03-09 20:34:38,2018-03-22 00:00:00
691ce30a6856b8f3e9b25557c238c196,8c4d8a373eea6f357c47d8ce57a82b43,delivered,2018-01-12 13:13:40,2018-01-12 13:28:42,2018-01-13 01:19:32,2018-01-31 18:23:01,2018-02-14 00:00:00
138f3f66f9024197655880c8c010fd53,afd5e05e2e5ed07eb8f084deee6d7616,delivered,2018-02-27 09:55:29,2018-02-27 10:31:24,2018-02-28 23:47:30,2018-03-27 23:17:47,2018-04-11 00:00:00
b3b79c755af727f1f4f48351296842c6,24fee86a288d8c480e32c9ebe2520e6c,delivered,2018-02-20 08:42:27,2018-02-20 08:56:14,2018-02-24 18:27:51,2018-02-28 17:16:54,2018-03-15 00:00:00
ed9e33c926c94cc5cc50a68696119dea,a2d19f05cef411aa2938ca9d2a92d156,delivered,2018-01-10 11:32:09,2018-01-12 02:34:29,2018-01-15 17:13:00,2018-01-19 17:49:25,2018-02-02 00:00:00
66d762e0419035dd8b19815070a2b8dd,179e76d91b4cd478d401bf51007fe61a,delivered,2018-02-06 21:59:22,2018-02-06 22:10:34,2018-02-15 14:21:32,2018-02-21 01:32:40,2018-02-23 00:00:00
15f87e8764a5e47beae5ebd7eb815397,011ec289931a2dddb4a0e40191748b3c,delivered,2018-02-28 20:29:52,2018-03-01 02:48:54,2018-03-02 21:56:50,2018-03-05 12:13:34,2018-03-13 00:00:00
4e2a846769fc8af3af8b7826b058fe4f,a3b5428226ad4c042fed1da12cb6e683,delivered,2018-01-03 11:25:41,2018-01-03 11:34:23,2018-01-03 19:59:00,2018-01-11 20:34:05,2018-02-06 00:00:00
28cf6655a339bec298464ed6ac5b4550,3ab22580c82d3db7531aba1fc5fe49c1,delivered,2018-02-25 14:38:34,2018-02-25 14:50:36,2018-02-27 21:37:56,2018-03-20 21:28:51,2018-04-02 00:00:00
dcbeca15561110ba65183082829941c9,a8a62f8d8e457bf2668ea328f0988de7,delivered,2018-01-26 20:00:20,2018-01-26 20:13:27,2018-01-30 14:57:16,2018-02-07 18:29:11,2018-02-21 00:00:00
8e210b98003eece014e3e650fc111c72,ccace14c820966d438707dc902d208f7,delivered,2018-01-14 18:05:37,2018-01-16 03:40:17,2018-01-19 22:26:24,2018-02-14 17:22:51,2018-02-14 00:00:00
a29361cea3ac5ecb55cfc2c64b6c339a,674a4d874e368f09a9760046e9e4a3e0,delivered,2018-02-25 15:39:46,2018-02-25 15:55:27,2018-02-26 19:28:08,2018-02-27 14:12:29,2018-03-12 00:00:00
a8957020fc3e51e6dcc4e8b13a5af428,0293f0ef4b3402822f7e5304469f34ff,delivered,2018-02-21 12:31:46,2018-02-21 12:50:20,2018-02-22 20:45:27,2018-02-23 13:44:25,2018-03-08 00:00:00
505bf01f1db6a65a3696e66ed7d44500,508510144b3fa2c6615639d97f86db55,delivered,2018-02-04 14:43:48,2018-02-06 05:31:47,2018-02-07 19:33:39,2018-03-05 10:39:04,2018-03-12 00:00:00
ca1e3e900a855946e8450397d5336c73,630b17e6d0e50025b0fd34573e6e5647,delivered,2018-02-01 21:16:41,2018-02-01 21:32:16,2018-02-02 15:34:13,2018-02-21 19:23:53,2018-03-09 00:00:00
efd0f1ade75c87d48efc34e01b3c0f4f,0f346a2cc84ebb2d52f0759d0acfd030,delivered,2018-01-19 10:31:35,2018-01-19 10:55:34,2018-01-22 21:35:12,2018-01-27 14:41:19,2018-02-15 00:00:00
6836f681dde1414dbb28f92af526ae2b,94141c62a5e4b28c99d32c74905ec09e,delivered,2018-01-23 17:37:32,2018-01-25 02:58:09,2018-01-25 23:34:22,2018-02-06 19:25:14,2018-02-19 00:00:00
5b5028d53cd0fe5647fe4968399194aa,51720e74ecbc9d52b02495f8cbe546d1,delivered,2018-02-18 12:29:09,2018-02-18 13:30:31,2018-02-20 19:07:23,2018-03-16 21:35:48,2018-03-16 00:00:00
84cad53638357a9971c4485adad123e8,4e3bfd141fb6f7efbad8d2f404d77a9e,delivered,2018-01-27 13:19:32,2018-01-27 13:33:07,2018-02-01 00:05:13,2018-02-03 01:08:55,2018-02-14 00:00:00
0b48910785067fb42fce896aaaf7ce81,4c5aad2fced1c04f3d972de3e17e7e87,delivered,2018-02-28 02:01:39,2018-02-28 02:40:22,2018-03-01 01:19:32,2018-03-06 20:13:00,2018-03-19 00:00:00
1853e9a86c06c73c095d0657db4737fc,a914135257fb9099bb4c51da34edf7b5,delivered,2018-02-18 09:16:05,2018-02-18 09:26:32,2018-02-20 16:27:27,2018-02-23 22:19:15,2018-03-13 00:00:00
31015049cbc3685e5b4d13d8586598a3,932e3af0ee6c27729b0c388a58a67f20,delivered,2018-01-24 19:56:44,2018-01-24 20:11:44,2018-01-30 23:26:28,2018-02-06 20:50:00,2018-02-19 00:00:00
b5b7c54093bad4e0d745214e691224d7,5d9133508692eb6ed9d655448a746169,delivered,2018-01-24 21:06:24,2018-01-24 21:18:24,2018-01-25 11:31:57,2018-04-19 17:34:39,2018-02-22 00:00:00
33711ce52ccf7b8dcb0deaf37f573d32,2378c9eb16e57f8e54b53be8009affd9,delivered,2018-01-11 19:53:38,2018-01-11 20:07:24,2018-01-17 01:33:29,2018-01-24 13:57:05,2018-02-05 00:00:00
a9686c0571545415d88bd292ad5ea792,badcb16575af12e8b9dffb5ff5ac652f,delivered,2018-01-09 18:30:27,2018-01-12 13:48:58,2018-01-13 02:33:26,2018-01-16 01:24:26,2018-01-26 00:00:00
516085f268c8d34500c845dda4d7e64a,4f1212f002575430394a22e55bfa4ce9,delivered,2018-02-22 15:45:39,2018-02-22 16:10:15,2018-02-27 01:46:58,2018-03-07 23:09:47,2018-03-14 00:00:00
c6738800d95e18d66c681a8dac8e2b7f,2ed09823e71fb5ae028dc8c32c3ed539,delivered,2018-02-22 15:18:45,2018-02-22 16:00:29,2018-02-27 21:04:34,2018-02-28 22:16:42,2018-03-08 00:00:00
d1292ab43d93a1211d5e3f6589be78af,98ae784ea02599457d7cba659b4a4f0c,shipped,2018-02-22 18:00:12,2018-02-22 18:15:22,2018-02-26 21:22:16,,2018-03-14 00:00:00
9435ca5afd4668e55d0dbd99c204b42b,110854a59606d579bbac092d70777bc8,delivered,2018-02-27 10:12:37,2018-02-27 10:30:33,2018-03-05 17:36:50,2018-03-08 22:52:43,2018-03-13 00:00:00
4dfe2ddcd2de2e45fd88e8c6bae55901,4682711611a149a9f288e05f7093a526,delivered,2018-01-05 10:07:57,2018-01-05 10:16:26,2018-01-05 19:37:33,2018-01-10 21:49:22,2018-01-23 00:00:00
e251afd3ced38d4de3a5ece05d615ef5,f071974e65cb75a420c1530a8b0b27f4,delivered,2018-01-25 14:59:08,2018-01-25 15:20:12,2018-01-29 19:59:12,2018-02-04 19:35:39,2018-02-09 00:00:00
6ef2a7cbf8c6fb24f0acb656c756a44a,cf51d3ab484330d9c266cd7e83fa37df,delivered,2018-01-02 20:22:59,2018-01-03 10:29:27,2018-01-05 18:49:08,2018-01-11 16:15:45,2018-01-30 00:00:00
d33a9fee5f4bebef9e1b0ffaca5a33ba,92c491a4a6ac1070cb634b6fe4be1bde,delivered,2018-01-16 18:37:23,2018-01-16 18:51:04,2018-01-17 15:38:36,2018-01-23 18:23:07,2018-02-08 00:00:00
1f18ee0a409056c8fb31ec0e16fbeb40,22acdc5a401b5ccb535fb27cfa9cfffe,delivered,2018-02-09 13:47:08,2018-02-09 14:15:34,2018-02-09 22:42:17,2018-02-14 13:52:52,2018-02-23 00:00:00
2f2d19b0f7b592189062b9ba3eaecc16,ff9602a062f03021213c2ffcfd7f7e9d,delivered,2018-02-27 17:09:11,2018-02-27 17:28:25,2018-03-01 01:23:26,2018-03-16 01:06:26,2018-03-26 00:00:00
865e82f5110c9e32b37dc8909994c6da,6d3c3278aac44c028da7a4cade667b41,delivered,2018-02-11 12:01:01,2018-02-14 17:08:16,2018-02-16 21:13:02,2018-02-26 10:29:01,2018-03-07 00:00:00
a7e3fbb3111b4a3c0907fbfad7690ffd,a91aaf744244d91f36c917061c2568b0,delivered,2018-01-12 09:40:31,2018-01-12 09:54:24,2018-01-16 21:25:05,2018-01-22 15:49:29,2018-02-05 00:00:00
27ea1775a86c796168b08511e529d0a3,7a0c5469cba3eb88c664cbb7d680ee56,delivered,2018-02-27 11:11:21,2018-02-27 11:35:42,2018-03-07 23:32:55,2018-03-13 15:11:40,2018-03-13 00:00:00
6a188f1161967f21d6b80a19a283dfec,f89fc036be2dc77bebe3939e2c5e30b0,delivered,2018-01-11 12:59:34,2018-01-11 13:10:34,2018-01-12 23:19:19,2018-01-27 18:05:24,2018-02-22 00:00:00
8c9210b604388d38e4ecc5eea3c06b12,7cbe12f98b9e452381c138a3632330a0,delivered,2018-02-03 08:34:52,2018-02-03 08:49:59,2018-02-06 22:48:29,2018-02-14 17:59:04,2018-02-22 00:00:00
8d3231deb8132bece4a6afd9ed60f5c2,1dca8025c540764cee00698bcaf7b776,delivered,2018-02-15 23:17:02,2018-02-16 14:32:35,2018-02-16 21:53:59,2018-02-22 01:52:02,2018-03-02 00:00:00
8216863fd456be73595ea9fa23901d1a,ee57da466f1eb99e4c99c052c0a3f7c9,delivered,2018-02-27 22:08:50,2018-02-27 22:28:25,2018-03-06 22:46:37,2018-03-07 16:08:39,2018-03-13 00:00:00
eb6fb95e3c0248ad7f1e3b668ac3f8b8,5ea5208d6f127b82bac75a6a3292237d,delivered,2018-02-11 14:42:47,2018-02-11 14:55:30,2018-02-14 21:27:15,2018-03-01 18:48:47,2018-03-09 00:00:00
cdf1adfa9a3cf815978e278a6f1cd705,5f7d5e6954344544f7d565f0520bcf72,delivered,2018-02-01 17:20:27,2018-02-01 17:35:25,2018-02-02 22:18:35,2018-02-09 21:58:49,2018-02-26 00:00:00
719d3e99ac9883643ff9a790a2efe206,a0402041f21126e553b1a0ca676d95c8,delivered,2018-01-25 15:14:35,2018-01-25 15:40:52,2018-01-29 18:29:00,2018-02-06 20:55:00,2018-02-19 00:00:00
cc625d1a7ebf7409c72ccb3798115ca9,4d0d910846be03dfe13c2f94c85554c1,delivered,2018-02-28 21:10:41,2018-02-28 21:29:05,2018-03-01 14:27:41,2018-03-14 20:46:31,2018-03-21 00:00:00
9c6939a937801d0069e9086f8ee2beee,2dc5d7df6257d7d4139a517880b26cfe,delivered,2018-01-11 15:56:56,2018-01-11 16:07:36,2018-01-12 22:49:26,2018-01-22 21:03:29,2018-02-09 00:00:00
fb260abf14e47c95a0b19acb1ab3ed43,5e03611738b719fa467609220c293474,delivered,2018-02-26 02:03:03,2018-02-26 02:10:31,2018-02-27 01:04:45,2018-03-22 00:02:34,2018-03-19 00:00:00
594ede9623d6ce9f955be5b0fd0f0baa,ec79f2106aae0f5720cc62400e567cbf,delivered,2018-01-15 14:21:22,2018-01-15 14:30:00,2018-01-17 02:45:02,2018-01-29 19:59:12,2018-01-31 00:00:00
524328eaaeddfd8aa01dc3897ad69935,18abbf4ddb0d8414b4f9de1d7d865fb3,delivered,2018-02-10 23:58:04,2018-02-11 01:08:23,2018-02-15 18:00:20,2018-02-27 22:09:44,2018-03-19 00:00:00
df27238d6c9c6613d769db297c4f670a,e2f929dd884e4dd08357b8588fa4d0e8,delivered,2018-02-04 17:12:36,2018-02-04 17:49:15,2018-02-06 17:42:11,2018-02-22 21:55:04,2018-03-07 00:00:00
c711e1b54b085d35d928d9749be0497e,ebe9549e207a4ae52883511e4cb51f6f,delivered,2018-01-02 13:48:59,2018-01-02 14:07:54,2018-01-05 00:34:38,2018-01-09 17:15:31,2018-02-06 00:00:00
1e54e64066c85e4c0b929c0dde6bec3b,535a05f4c66c1ebb2b8c6a537a7f2149,delivered,2018-02-01 19:56:10,2018-02-01 20:13:56,2018-02-02 18:09:35,2018-02-14 17:38:34,2018-03-06 00:00:00
04a5e3a44cf4310b56f1a18f38f103e6,bcae9ddbea097677bef7b6857d0afb1a,delivered,2018-01-19 03:33:15,2018-01-20 09:09:15,2018-01-22 19:38:34,2018-02-01 15:55:39,2018-02-09 00:00:00
f5370142612f3aa9c1a437ba6eb45b97,6ef60f4d41c7d80a8bb7b0a986033508,delivered,2018-02-06 21:10:07,2018-02-06 21:29:43,2018-02-07 18:59:00,2018-02-19 14:23:07,2018-03-13 00:00:00
cb6257603930f3618def090a02e57d92,142929d98bac5b572443026400ec0322,delivered,2018-01-25 20:35:36,2018-01-25 20:59:10,2018-01-29 21:34:05,2018-02-04 19:51:18,2018-02-22 00:00:00
8459ae3222c7c867da73360e787fce4e,fe1160e1034d8af38b00708201370cd8,delivered,2018-02-28 13:25:59,2018-03-01 11:14:35,2018-03-03 01:32:02,2018-03-13 21:56:49,2018-04-03 00:00:00
9a58ef14cb28c0d8eb1772e86f0ac133,49dec313b020bccb6110accca0e8a7fa,delivered,2018-01-14 11:54:03,2018-01-14 12:08:44,2018-01-18 12:14:40,2018-01-22 14:53:16,2018-01-30 00:00:00
cfa2faba61860f34b537dc9a7e42f544,1d664a33f118a2b1dab70bf077984316,delivered,2018-01-30 20:38:58,2018-02-04 23:31:41,2018-01-31 18:14:34,2018-02-14 19:24:52,2018-03-07 00:00:00
ebdda80942c80aa56b15e26ebf8211ed,f317de5860d74365af224a7a2c19bb85,delivered,2018-02-11 10:44:21,2018-02-12 09:07:53,2018-02-14 21:13:31,2018-03-15 17:02:47,2018-03-06 00:00:00
4a71e2b3cccb7dba085c8961c746578f,7de868d6c387e60f129e85ddaf6de179,delivered,2018-02-22 15:23:48,2018-02-23 02:15:48,2018-02-27 19:28:38,2018-03-09 03:08:22,2018-03-19 00:00:00
03515a836bb855b03f7df9dee520a8fc,153e6d880db3cac30ecfeb13e0047841,delivered,2018-01-19 13:24:38,2018-01-19 13:36:01,2018-01-19 21:47:56,2018-02-05 14:33:00,2018-03-01 00:00:00
e415a718c8f2f0372ec699fec852fb68,560d78502baf0adaee2b427de025757c,delivered,2018-01-07 14:23:54,2018-01-07 14:33:22,2018-01-10 00:15:03,2018-01-16 16:14:30,2018-02-02 00:00:00
561f47f3e381d23b5ba7853460adf093,798515ecaf12e2e595906816414668b3,delivered,2018-01-23 10:52:50,2018-01-23 11:10:29,2018-01-29 19:19:01,2018-02-08 16:37:54,2018-03-05 00:00:00
cdb1c73916a0078aba40629cf9f26cff,5a7f3db2ad4bcbc2c044cda44f7194e2,delivered,2018-01-23 16:20:50,2018-01-25 02:57:47,2018-01-25 14:58:31,2018-02-02 22:04:03,2018-02-26 00:00:00
0d3e289cfc790ac7f02c3445a077d569,5b4464a3fd4e23e7871335d735b458a7,delivered,2018-02-12 10:18:10,2018-02-12 10:30:41,2018-02-16 02:09:17,2018-03-12 18:47:20,2018-03-19 00:00:00
93b68446f352031c3899ff57f76f0a68,e29679a0f9c46f3c88b77731fb9af798,delivered,2018-02-15 16:15:14,2018-02-15 16:26:48,2018-02-17 18:19:05,2018-03-02 19:53:13,2018-03-15 00:00:00
38d1820172173a03d8163d806d3fd926,62e03ecf5dae004db358778553258677,delivered,2018-02-16 15:36:23,2018-02-16 15:47:24,2018-02-19 16:24:51,2018-02-20 16:59:40,2018-03-05 00:00:00
4e8d225c6e153e6bcc6a160e4b687649,9c3dbbd6d3c8090df6b78ae9b2c0f6ce,delivered,2018-02-03 23:27:28,2018-02-03 23:49:34,2018-02-06 18:48:46,2018-02-08 00:52:11,2018-02-21 00:00:00
dc4e9e7d17fec4c4ded41724619a1b10,a67749ad2ad8984f58af753299d89756,delivered,2018-02-05 15:22:51,2018-02-05 15:35:58,2018-02-06 17:16:37,2018-02-14 20:08:11,2018-03-08 00:00:00
107de3a1a918ea939b7c03c588ad1e49,893e652824e5ecc31426614072578a0a,delivered,2018-01-20 00:27:17,2018-01-20 00:36:13,2018-01-20 17:28:50,2018-02-03 02:35:14,2018-03-05 00:00:00
f94a0462cf50552772e515493550bc4e,6d57ec6cb7ed54490d99bf28d64aca94,delivered,2018-02-19 13:04:45,2018-02-19 13:26:38,2018-02-20 18:39:04,2018-02-21 20:33:26,2018-03-05 00:00:00
5a9c1337a1f6bb21e46fc043cf2c26c5,91699739e7a2ff25feca3e29e042b1f1,delivered,2018-02-20 14:36:42,2018-02-20 14:51:19,2018-02-22 01:16:47,2018-03-01 02:44:47,2018-03-16 00:00:00
14a3a4001dfbf5f1315c3fea8d0600ea,b19902c08cddd929447e2b0532505859,delivered,2018-02-03 12:53:32,2018-02-03 13:11:58,2018-02-19 18:17:13,2018-03-03 14:52:03,2018-03-16 00:00:00
e3e77a472278ddd0f93e5b1391db15bc,320cf06e46b715660ce965771a023702,delivered,2018-01-04 00:48:26,2018-01-05 00:38:17,2018-01-08 18:14:33,2018-01-10 23:10:16,2018-01-30 00:00:00
c8c288995f09b4167f89687f7535c75a,ec7067023c9bf1a4a44aea980e45bb21,delivered,2018-01-28 21:22:11,2018-01-30 05:31:33,2018-02-05 09:45:38,2018-02-14 17:35:43,2018-02-22 00:00:00
61f73b79dabd51f9b838574822c650f9,6778ad70beba8e6b7e8f7fef2a2299de,delivered,2018-01-15 23:27:58,2018-01-15 23:35:29,2018-01-16 21:45:20,2018-02-02 13:12:02,2018-02-19 00:00:00
997cd0cc21c4cc23cf4b07c4f53834db,037f0855b92185d84c858adce4e714dd,delivered,2018-02-11 12:49:34,2018-02-15 03:51:36,2018-02-15 21:09:00,2018-02-23 19:29:48,2018-03-13 00:00:00
62721ddb070ffb1e00edd35d85a2f616,0495c862254261efd27f91c74ce7361b,delivered,2018-01-07 18:31:16,2018-01-07 18:39:21,2018-01-09 00:57:29,2018-01-09 19:53:23,2018-02-05 00:00:00
b8ba908a9b1931ca2008a76e2efbb62d,435372b49a3fe1855aa3c30b1f3ffcf4,delivered,2018-01-22 11:04:08,2018-01-22 14:53:17,2018-01-24 20:36:44,2018-01-30 16:39:55,2018-02-19 00:00:00
53cc826fc95813b674969ef042406273,7f210db3cc1abe29d89c10ab8f75331e,delivered,2018-02-17 17:55:44,2018-02-17 18:10:21,2018-02-20 02:56:55,2018-02-21 21:43:17,2018-03-07 00:00:00
ee950b52f88b7665e4c1beda95b03b78,22230a34b8814bc412e5caca88188f48,delivered,2018-01-19 09:38:37,2018-01-20 09:10:04,2018-01-31 11:42:28,2018-02-19 23:23:04,2018-03-02 00:00:00
041829597c49c92cb66b0e5813936286,1ca9821484ff44d1bdef88a5a51ceb0f,delivered,2018-02-11 15:37:27,2018-02-11 15:50:34,2018-02-14 18:38:58,2018-02-23 23:44:49,2018-03-13 00:00:00
3c3df3dd2afaabb39a53131f9ce98116,e943fd415548e057fd54798f8c6b49fb,unavailable,2018-01-25 14:52:00,2018-01-25 15:09:44,,,2018-02-19 00:00:00
b5f211fa89c1521c13362d1adb004aed,d962bd2ab8e3cbb417a6d31fcfe313a9,delivered,2018-01-03 17:12:03,2018-01-03 17:26:36,2018-01-09 00:18:57,2018-01-23 16:23:40,2018-02-06 00:00:00
0665734cec5349770a82280c326abc2b,71a1623032c89a5ab3feff5fb460a5c8,delivered,2018-01-17 22:07:24,2018-01-17 22:17:31,2018-01-22 19:26:56,2018-01-23 16:32:34,2018-02-01 00:00:00
4c10ce99bdf0d8e1e5d126a6c40b273c,3b89fc56988369e6a4520e14735cdabb,delivered,2018-02-18 22:20:28,2018-02-18 23:27:01,2018-02-19 16:52:27,2018-02-20 18:09:06,2018-03-05 00:00:00
4cc479c410cb824d577fb1a31af7b002,a8ed065dc70e5226d2fb9ec1ada6edf6,delivered,2018-02-20 13:34:41,2018-02-21 06:05:35,2018-02-22 00:22:05,2018-02-26 16:49:07,2018-03-12 00:00:00
119e67c344bd250bb9d6a6f1028fd678,3d2379343a747f1645e5cfdee7ebb595,delivered,2018-02-26 09:14:24,2018-02-27 04:31:04,2018-02-27 21:29:13,2018-03-12 18:21:42,2018-03-23 00:00:00
8d682b67c7d1f4f55ec6440ca340c233,77b4e2a15303756cc2a3b4a5d2dd3460,delivered,2018-02-07 23:55:11,2018-02-08 01:35:37,2018-02-15 20:12:09,2018-03-13 12:03:16,2018-03-19 00:00:00
71e04ce93a0da9e3e05c2f488c26bd91,3a8d5ed2ce3dea98d9fe2744cca85212,delivered,2018-01-25 22:21:42,2018-01-25 22:32:28,2018-01-26 20:12:57,2018-02-06 18:26:35,2018-02-23 00:00:00
e48b8d245a4e83db60a76367fe7ffad2,041d75798215fd7ebffd6cf6b60bfac5,delivered,2018-02-06 09:58:36,2018-02-06 10:11:42,2018-02-09 21:12:59,2018-02-21 15:47:43,2018-03-02 00:00:00
1dcb629bf4ae95dddc7ec77ff8fcdd4a,dd20dff57e18e1c1fbff44235906d1e2,delivered,2018-01-30 11:17:47,2018-02-04 23:31:46,2018-01-31 18:04:50,2018-02-15 18:22:41,2018-02-21 00:00:00
bbdd8d2bff419896027bf4daf92500e4,e30800acbcd9f1bc8b882b69f40cba70,delivered,2018-02-24 02:56:37,2018-02-24 03:08:31,2018-02-27 19:59:07,2018-02-28 20:25:12,2018-03-12 00:00:00
337fc25996a2eefd2a075d5967670799,c447116826ca6ca27aac58b94426417e,delivered,2018-01-25 17:42:22,2018-01-26 03:16:39,2018-01-29 18:53:55,2018-02-08 16:58:59,2018-02-23 00:00:00
dedfb42b20552455d833569e5fd73390,b500d309b1692da5cf9acacdac263087,delivered,2018-02-08 11:13:11,2018-02-08 11:50:33,2018-02-08 22:33:14,2018-02-19 21:58:49,2018-03-12 00:00:00
18498dfc9ebdeca5bcf52d70409adb15,30c2a370ec714c4dd8c14de7fe0e00a2,delivered,2018-01-15 12:47:33,2018-01-17 03:35:24,2018-01-17 22:18:35,2018-01-24 15:37:10,2018-02-07 00:00:00
bda01d1992abcd24a7b25fcf1363e893,69e9a3d06551b6045a19d2e64b746473,delivered,2018-02-02 16:52:50,2018-02-02 17:43:18,2018-02-07 16:42:52,2018-02-28 00:25:11,2018-03-08 00:00:00
8341d1e71471e5648920efec5acd822c,14140fd1c37b9be37a147bf90ecb6060,delivered,2018-02-14 15:25:48,2018-02-14 15:35:38,2018-02-16 02:12:30,2018-02-19 19:03:53,2018-03-01 00:00:00
b94de0a4b60ee9f23315de77e1dde986,3693091a7448d5b06ee8a866d8bde846,delivered,2018-02-07 22:20:33,2018-02-07 23:29:29,2018-02-09 21:12:27,2018-02-22 23:49:03,2018-03-05 00:00:00
c191b759eb232bdd68e1ba7030f58a56,01abb8df2f71f7d6e087c28c6c0a8f39,delivered,2018-01-26 12:45:51,2018-01-30 03:50:25,2018-02-03 15:04:01,2018-02-26 19:26:43,2018-03-02 00:00:00
e739161210dba9b6debb04897d5e7046,41bc36cdf2c5f07894056a60617db329,delivered,2018-01-03 21:07:26,2018-01-03 21:26:56,2018-01-04 21:22:31,2018-02-01 19:55:19,2018-02-06 00:00:00
25b5031c6f1b02a190624b01069627c3,b6b658d58a60c4bedf0c112f80e7bcb6,delivered,2018-01-24 11:34:34,2018-01-24 15:07:29,2018-01-25 23:48:55,2018-02-06 19:05:29,2018-02-26 00:00:00
15c04e22d4240a02f3f968690b8162de,353304a58d33fb139cbd70a09140b7d3,delivered,2018-02-20 23:03:44,2018-02-20 23:15:35,2018-03-06 22:45:31,2018-03-23 15:41:43,2018-03-26 00:00:00
2b80bbe860a78a5c399ce50fd730c376,2d3af39a7671478e882a9e390007f6c0,delivered,2018-01-31 12:39:32,2018-01-31 13:46:59,2018-02-09 00:49:08,2018-03-03 18:39:04,2018-02-23 00:00:00
ac9389991e196542581dc80f6be7e5fe,d5d2b40c4f46a961dd499fcf5541ffb8,delivered,2018-01-01 21:11:00,2018-01-01 21:18:27,2018-01-05 22:11:00,2018-01-13 01:29:12,2018-01-31 00:00:00
bed4f7a218b7a0b93f1bd6dc0fc8e640,b1944cdaee5a141eea4055e6f2d826fb,delivered,2018-01-25 07:39:35,2018-01-25 07:54:29,2018-01-26 13:22:36,2018-01-29 16:09:03,2018-02-09 00:00:00
8cc4092a48fd6223e099b8bede76a2dc,f1daabe885fd24bb2d0632bd7f58657b,delivered,2018-02-22 20:26:17,2018-02-22 20:45:30,2018-02-24 00:41:52,2018-03-13 17:26:50,2018-03-20 00:00:00
e4b437b9b4e691fcbeda579782c84954,601a2aa2741cca3ed4e8cb92d34e3397,delivered,2018-02-06 08:56:48,2018-02-06 09:10:14,2018-02-07 23:33:18,2018-02-21 03:59:07,2018-03-14 00:00:00
ae9e63d9e351f66eb5f9032397bcddfd,63f68ffa0f446541d46ab78adc2c1a20,delivered,2018-01-18 18:30:47,2018-01-18 18:39:28,2018-01-31 11:24:53,2018-03-01 20:22:34,2018-03-21 00:00:00
fe5cf33c8006e3a98776622acb39c9fe,f0d9d8e4ac3a29ef1b3382939e006298,delivered,2018-01-11 11:31:42,2018-01-11 11:38:50,2018-01-15 17:24:47,2018-01-26 17:59:02,2018-02-06 00:00:00
2d5cdc856665603f1580e3586bde89a5,caecab08cac2be52d89f87462765b4f4,delivered,2018-01-30 17:36:43,2018-01-30 17:57:55,2018-02-01 18:13:16,2018-02-05 19:38:56,2018-02-21 00:00:00
c7a148eaa21451580d307090417eae25,6927bd0a23db4343c12b52a5687a4294,delivered,2018-01-25 19:44:53,2018-01-25 19:52:38,2018-01-26 15:52:28,2018-02-01 15:09:36,2018-02-09 00:00:00
5c51a7f4f8a9a7abd2e089844082f748,42356f821a14f6c5ca7af0392a4141cb,delivered,2018-01-17 13:01:08,2018-01-17 13:12:26,2018-01-23 22:19:14,2018-01-25 17:43:35,2018-02-01 00:00:00
b7cf59f6158a9fd83ee0c75e95c65af0,c4b3853cb43c44b695d2b86cb2b0b9b4,delivered,2018-02-17 13:51:32,2018-02-17 14:07:54,2018-02-21 21:34:14,2018-02-27 13:39:11,2018-03-06 00:00:00
a9884879d65dd954426915174ac439ad,39c082628d716c7e5d595b2c28ba81ea,delivered,2018-02-15 21:27:07,2018-02-17 03:36:29,2018-02-19 19:57:45,2018-03-02 01:16:35,2018-03-14 00:00:00
cde6f96935cb1fb7f0dd8e2ebf195573,41fd684bd263940345910be53941e8f0,delivered,2018-02-25 10:07:26,2018-02-25 10:15:31,2018-02-26 18:53:13,2018-02-28 18:47:12,2018-03-12 00:00:00
d509aa49d39dc58a013b6e4a7d258648,ab50b4488453af2a860d8457574b1f21,delivered,2018-01-18 10:55:46,2018-01-18 11:11:15,2018-01-19 22:28:41,2018-02-05 23:04:02,2018-02-19 00:00:00
b2634f19a1007fd4a54a9fed9291230c,725482e68df8d999924c84f62c9ee40e,delivered,2018-02-04 20:40:56,2018-02-04 20:56:05,2018-02-08 00:44:49,2018-02-09 22:05:02,2018-02-21 00:00:00
22354baf9cca9cdfa42fa81c286e9b00,d9e8d14cf3761f7215e9768c78fdb2fb,delivered,2018-01-17 13:23:11,2018-01-17 13:34:32,2018-01-17 22:13:08,2018-02-02 02:13:28,2018-02-16 00:00:00
21988f4f4d0971038b9c9d35f3be1ccf,7e1174a42900bb7555695ccb75c7aa59,invoiced,2018-02-15 16:51:40,2018-02-15 17:07:36,,,2018-03-02 00:00:00
22ff296bec6517df99f56d2098171b8e,b1609cebd978d6787d11dbc1ef31f8ec,delivered,2018-02-13 23:36:02,2018-02-13 23:45:32,2018-02-19 18:21:57,2018-02-20 19:11:55,2018-03-02 00:00:00
4185607d55c555fc65b5af2bb98062ff,84481caf6ed900fd90c1c4414b4838e9,delivered,2018-01-15 14:34:11,2018-01-15 14:50:12,2018-01-17 23:34:55,2018-02-02 20:51:58,2018-02-14 00:00:00
efa54a340757446b16f891404fb529c2,d197a95f50264651f6bfda48051ff614,delivered,2018-02-06 12:49:33,2018-02-06 13:08:27,2018-02-07 22:33:48,2018-02-14 19:09:13,2018-03-12 00:00:00
f1207703399dcd13cbc13b7011137053,14a023567349f7ae51d411ae95adbf09,delivered,2018-02-16 14:07:10,2018-02-16 14:27:06,2018-02-19 18:48:35,2018-02-20 19:53:27,2018-03-02 00:00:00
8e07c114644753d4ec048f065197db8e,75ca43872d52b1b5edefa39295d893ee,delivered,2018-01-15 17:40:06,2018-01-15 17:50:57,2018-01-17 20:22:07,2018-01-23 23:22:59,2018-02-08 00:00:00
c0663e7701a516c68fa3009dd4f93ac0,afa35cd648263a2b82ca9fc2473d21b6,delivered,2018-01-04 21:21:17,2018-01-04 21:31:24,2018-01-05 20:28:44,2018-01-13 00:21:58,2018-01-31 00:00:00
8f3ad98d076e277ed1beb7bd84e05450,66edddd2f66c4db5b7958299be8733f0,delivered,2018-01-17 15:54:49,2018-01-17 16:11:19,2018-01-19 00:22:40,2018-01-26 22:36:36,2018-02-14 00:00:00
905295157bd28424f6c3139dcde920aa,097ce021afdda40c7055a54a30c2f6bd,delivered,2018-02-24 15:00:27,2018-02-24 15:10:24,2018-02-28 21:38:50,2018-03-29 16:37:22,2018-03-22 00:00:00
3c0a046b559b573fb30e2c6b041fd544,fb2340bd42a7561ca54dfd22978d7e2c,delivered,2018-01-19 14:06:36,2018-01-19 14:16:59,2018-01-22 21:28:55,2018-02-02 20:14:34,2018-02-15 00:00:00
330534a2e7ad98d0c76ee20bfa001c50,48f6ec1b60fe0b28221627cd97555714,delivered,2018-01-11 00:40:16,2018-01-12 00:33:29,2018-01-19 00:28:39,2018-01-30 23:52:34,2018-02-16 00:00:00
5d502df088caeaef73c83de571ef31d7,3ed3b8e6500fffcf751b8861174195f3,delivered,2018-02-19 23:20:19,2018-02-20 00:26:53,2018-02-21 16:22:26,2018-03-10 16:36:36,2018-03-16 00:00:00
7de7f006c92939fa56c701362b611030,8f13be0d19e31d3bc6ca0ca0ad839672,delivered,2018-02-11 23:05:12,2018-02-11 23:28:21,2018-02-15 18:17:47,2018-02-19 12:34:09,2018-03-01 00:00:00
c15e9447787185951cc99a3f69a8f7dc,f0a2b63c12a6ebe723002dd5d08b5ec3,delivered,2018-02-07 14:28:04,2018-02-07 14:49:33,2018-02-08 22:35:22,2018-03-05 20:24:53,2018-03-07 00:00:00
45577a64b622828ac871fc4ed9366548,1066f617a4306bb8ed3589fd5cd8f8a5,delivered,2018-02-06 17:04:31,2018-02-07 02:52:34,2018-02-07 22:19:41,2018-02-20 19:33:19,2018-03-02 00:00:00
9e7cfc823ef88f92ca66fd57db258c51,2dc4db7a0495f02e107ca167a7a62c4f,delivered,2018-02-07 06:51:08,2018-02-07 07:09:33,2018-02-08 14:08:00,2018-02-10 11:12:28,2018-03-13 00:00:00
ea418b9e7145f9d09282bcd0f281b2c5,0ebb41b53df7726b1f2b00a27a169ae1,delivered,2018-01-13 21:04:16,2018-01-13 21:15:28,2018-01-18 19:12:50,2018-01-27 01:52:33,2018-02-15 00:00:00
1115a717309037cd119797dbdc7e57d7,81ff308d29074038f8d342f9c4462ab5,delivered,2018-02-06 23:19:48,2018-02-06 23:30:31,2018-02-14 20:04:58,2018-02-15 19:04:25,2018-02-22 00:00:00
cbe59472268ccc3ada89c57c85b2c41d,7f87c533e44207528706ee80fe6fa0d5,delivered,2018-01-11 03:11:16,2018-01-11 08:48:43,2018-01-21 17:18:54,2018-02-03 02:56:29,2018-02-19 00:00:00
9deb96b0101b346adab6ec2418c56e7c,9f63cda61ba29ae3189ee28f4056e4a8,delivered,2018-01-22 13:48:41,2018-01-22 15:53:28,2018-01-23 22:25:57,2018-02-16 15:06:49,2018-02-21 00:00:00
6f75ffc4f296c878f6d66178f5684825,51ad396d34dab6f8139ca3f03dc2b0a3,delivered,2018-01-31 09:30:15,2018-01-31 13:47:50,2018-02-01 16:34:42,2018-02-09 17:56:52,2018-03-02 00:00:00
e5df40271cc99ceb080a6681f786bf7a,aa33715540792a5eaadd962b59dc2b7b,delivered,2018-01-08 20:53:40,2018-01-08 21:08:30,2018-01-10 18:43:39,2018-01-30 20:29:03,2018-01-24 00:00:00
7f05df42e3ae8f2e28d17d9be08995fb,8a0dace88e77177a26f71af2fd395f89,delivered,2018-02-26 09:52:56,2018-02-26 10:11:13,2018-02-27 20:55:12,2018-03-15 22:11:37,2018-03-16 00:00:00
0339c36ce09427390de0dfe649d7e073,0bb22defe0dd478a90cff2c735610686,delivered,2018-01-22 19:00:47,2018-01-22 19:14:24,2018-01-26 18:14:17,2018-01-27 20:46:45,2018-02-06 00:00:00
0b82a32f3caec8e9157049e294486ade,f3a7ebd01294cc0c18f30693542694e0,delivered,2018-02-19 15:33:55,2018-02-19 16:35:26,2018-02-22 17:17:04,2018-03-05 20:34:32,2018-03-19 00:00:00
25a36e7aae91280c6b8a389ba7585046,760861b21afc1463450f76c47baef5b1,delivered,2018-01-05 01:11:37,2018-01-05 01:27:56,2018-01-05 19:38:41,2018-01-10 22:24:47,2018-01-30 00:00:00
1c03ba88bad43efaf8139c1e966ef211,65d8aeb39bb0e6d72380d2c2d9fe48dc,delivered,2018-01-20 12:06:44,2018-01-20 12:15:14,2018-01-22 14:24:53,2018-02-09 19:58:57,2018-02-15 00:00:00
46221a9cc394119ee2251ed0351173d9,4658dfc795b76b5bd5472d0528eb3d19,delivered,2018-02-01 11:52:17,2018-02-01 12:15:38,2018-02-05 13:18:54,2018-02-15 21:33:40,2018-02-23 00:00:00
484f924a6135837d4195a42442905b8d,a01d75e34d60b742278e85774f0fd80e,delivered,2018-01-02 14:04:54,2018-01-02 14:13:24,2018-01-03 18:24:54,2018-01-04 20:32:20,2018-01-18 00:00:00
7779c2699c1fc1ff433f326418671ce5,71dafe7cc5b908c3d783d6d0e78e5c4e,delivered,2018-02-10 11:03:47,2018-02-10 11:27:53,2018-02-15 19:51:21,2018-02-26 17:19:07,2018-03-07 00:00:00
2972bf7609b0a30508f2a31d49bc6f84,923d0e3c2ccf0e2a6b23bbad552934dc,delivered,2018-01-12 12:12:02,2018-01-12 12:19:32,2018-01-16 18:16:58,2018-01-19 02:19:17,2018-03-08 00:00:00
64e5cb1dfa641be49d6baa62b8f41b9c,c65f8c2ae45d86473a324911183b9267,delivered,2018-01-22 15:56:22,2018-01-22 16:18:19,2018-01-23 20:43:19,2018-01-30 22:48:40,2018-02-20 00:00:00
73db7f6cd086270ffe2e67b8379385bf,77ef49f7617864ea2913de00c9545ae4,delivered,2018-01-18 12:49:09,2018-01-18 13:13:04,2018-01-19 16:54:26,2018-02-07 21:22:15,2018-02-16 00:00:00
2fa86775694fc9f2f7f5132b8109544f,3219b5c17ecc64d91344f6ded92a6e0f,delivered,2018-02-09 14:11:16,2018-02-09 14:29:18,2018-02-10 13:36:33,2018-02-22 03:06:20,2018-03-05 00:00:00
3ac2529f6e36838d812d40688453abff,e27fb9b0ee41169cccf9f0c4b9b7cd6e,canceled,2018-02-21 01:04:12,2018-02-21 05:50:13,,,2018-03-12 00:00:00
bbc3a95177ff0c8a012e117f4dcb06c8,91d98668d81671694d440add6ff4db2e,delivered,2018-01-22 15:14:12,2018-01-24 02:35:02,2018-01-26 18:46:36,2018-01-31 20:17:03,2018-02-07 00:00:00
fa6d0c0ef7a7849ab7847303d458df3c,1ec1771954d299bf9a497cec57932c3d,canceled,2018-02-05 14:32:21,2018-02-05 14:48:31,,,2018-03-14 00:00:00
cb52e15d9560e5dadaf5732671a919d1,15427398de8b7e909a0f36da6d3d1780,delivered,2018-01-12 14:46:48,2018-01-12 14:54:26,2018-01-16 21:03:13,2018-01-22 22:34:17,2018-02-15 00:00:00
5960d0cd975b6c256e9609ebea940f4c,579a53f6e3f53de1d035ce5c0b0840a2,delivered,2018-02-19 13:28:13,2018-02-19 13:46:46,2018-02-21 21:23:19,2018-03-01 23:46:50,2018-03-05 00:00:00
bf247f0c5b4e3a8993f0e0e1f0d4ff87,31a50cd525a1d809fbc5b380d8ba037d,delivered,2018-01-18 13:08:18,2018-01-19 02:38:02,2018-01-31 23:49:08,2018-02-05 16:08:53,2018-02-02 00:00:00
3aaa9a0f68e9743aef38c75a7cb6d998,1150ff8f8df8c315396b11358d33666f,delivered,2018-02-24 18:43:43,2018-02-27 04:31:17,2018-03-02 03:09:26,2018-03-23 21:28:31,2018-03-22 00:00:00
6cc24bf6c628c261d2f9f0f7eef52a93,2ea3c1a8474fbd79dc4862f7ccf26ced,delivered,2018-02-22 21:58:26,2018-02-22 22:10:34,2018-03-01 18:46:59,2018-03-27 16:32:36,2018-03-27 00:00:00
7e39c7f737bbf597868c912bb9d2bb48,9db4f2dd60aad0f12db7f68b36a653b5,delivered,2018-01-11 13:28:05,2018-01-11 13:38:24,2018-01-13 02:10:58,2018-01-15 17:53:13,2018-01-30 00:00:00
523c6b536c4f27d8fbd3b1ca5975bc6e,873052c581bb137118206c234627284e,delivered,2018-02-10 22:56:11,2018-02-15 04:11:02,2018-02-17 00:09:31,2018-02-22 21:49:54,2018-03-07 00:00:00
afce0ce9c7f274fe0f46591b25e9d438,ec126b0b2593214b75ec14893b15d9e5,delivered,2018-02-08 17:41:15,2018-02-10 10:18:48,2018-02-10 01:17:51,2018-03-02 20:46:46,2018-03-09 00:00:00
2095778434755b568ba4c3c2325096fe,6b80e7baf526578fe089f9e374acaee3,delivered,2018-01-03 17:47:40,2018-01-03 17:59:39,2018-01-05 18:49:15,2018-01-08 16:57:43,2018-01-19 00:00:00
9bc4b2deaca0c4b762c45b03a70c030b,446a7b388b7e3c35ae59105a61876c33,delivered,2018-02-05 12:22:55,2018-02-05 12:30:25,2018-02-07 22:58:42,2018-02-19 19:42:19,2018-03-02 00:00:00
265b8c2415ffccf3e31e5622aa91d95d,1d4b7bb9405b39a11d5aef6985dd7a41,delivered,2018-02-14 20:14:12,2018-02-16 08:07:19,2018-02-20 18:17:05,2018-03-05 11:59:04,2018-03-09 00:00:00
7071ba6aa1a3b7450cbdbd948d556bd2,1deead2cef2fb634cd0bf12bed851c1d,delivered,2018-01-11 13:34:17,2018-01-11 13:47:27,2018-01-11 20:25:18,2018-01-31 14:42:58,2018-03-05 00:00:00
b405945d4c5330b5ba8f892602e7d9e8,ca779f9ca67a4d4240dea192d6cdd454,delivered,2018-01-31 10:09:09,2018-02-01 03:13:21,2018-02-07 21:07:13,2018-02-23 21:17:41,2018-03-06 00:00:00
c8eff3c56ced8765918fd445d9c3cbd0,534e49c952f6dc9b644bbe55ffcac0d9,delivered,2018-01-25 08:55:45,2018-01-25 09:13:55,2018-01-30 00:58:58,2018-02-16 19:19:34,2018-02-26 00:00:00
5687858ec96eba8c66c04d8a08ff4e42,878dfb736721aa20ea2d1a0c96e470d1,delivered,2018-02-25 11:24:39,2018-02-27 04:31:10,2018-03-01 14:19:06,2018-05-03 00:48:41,2018-03-21 00:00:00
7a3dbfe3daed55f0b5f34c4f9e73940a,d58d9b632ba93e5f55f80feef49b0d94,delivered,2018-01-07 22:08:45,2018-01-07 22:15:30,2018-01-09 14:37:13,2018-01-19 03:16:54,2018-02-01 00:00:00
ee4558aeeba185bcd979ed46022947ff,314ec9cbe156ddd9cdaa1a9bf021e00e,delivered,2018-02-27 10:13:20,2018-02-27 10:30:31,2018-02-28 22:53:07,2018-03-08 20:18:26,2018-03-26 00:00:00
4f6d5b0656f4701bba88a3351199cb14,cf0ba861eff63f6c405f6baf9f06fe76,delivered,2018-02-09 13:46:15,2018-02-10 10:08:20,2018-02-15 20:21:39,2018-02-27 00:06:57,2018-03-15 00:00:00
2655c643248fa1a5ef168d2f6fc64fe7,9ece767cb4769a7f387567c6f1f06d35,delivered,2018-01-05 19:24:31,2018-01-08 15:28:03,2018-01-09 15:09:01,2018-02-02 12:42:58,2018-04-03 00:00:00
d2f55c412b906bd31c6a464fcd59ee26,80cbadc786014b90f9ca6ca5eb2017b5,delivered,2018-01-08 13:16:19,2018-01-08 13:31:55,2018-01-09 22:48:47,2018-01-22 17:48:53,2018-02-01 00:00:00
8db4732513ea9f79910c0de430ec946d,60eb5592a7ccf23d366c5897278f5d6f,delivered,2018-02-26 18:36:40,2018-02-26 18:50:52,2018-02-28 16:24:52,2018-04-11 16:05:45,2018-03-23 00:00:00
063f6b61015cb748333bd76ef0deac47,3375961a3c02d5650dadc9294ea54bbd,delivered,2018-01-04 14:12:09,2018-01-04 14:19:22,2018-01-10 00:22:39,2018-01-11 23:03:54,2018-01-31 00:00:00
c6f3dad60242a9cb7ce0486b495862bd,22b2e89dd3f0b85480859b6a4d908229,delivered,2018-02-22 09:15:07,2018-02-22 09:29:30,2018-02-23 10:47:18,2018-03-21 20:18:54,2018-03-19 00:00:00
8a110d52eb3b463368987e55a3762fa2,183c36801d485972dce2562441fbaf1d,delivered,2018-02-15 11:04:27,2018-02-15 11:30:29,2018-02-16 19:22:43,2018-02-20 21:52:34,2018-03-12 00:00:00
95a1df36f1ae09c33e97d8e7ffd71273,99923b03e0bcc01975a71c7ae9a79942,delivered,2018-01-14 16:38:22,2018-01-14 16:48:34,2018-01-31 16:13:02,2018-02-10 02:29:53,2018-02-15 00:00:00
065881aa6f8059a970c8fd9947f717e4,1db1d512baa3377e9356150fb80eef98,delivered,2018-01-17 19:32:02,2018-01-17 19:49:51,2018-01-19 23:39:07,2018-01-29 18:28:41,2018-02-08 00:00:00
58883d4d88a7a9be12c7343ecf8dcea5,bd7bf31df8713e97cef95685aa9963f7,delivered,2018-01-17 10:22:35,2018-01-17 11:30:40,2018-01-24 19:22:41,2018-02-09 23:12:58,2018-03-08 00:00:00
94c6026e6a2dcfeb6847cef50df19736,4419ffd0c94c3507645f8a8e87e42fff,delivered,2018-01-09 13:54:01,2018-01-09 14:09:34,2018-01-11 21:48:48,2018-01-19 21:03:53,2018-02-01 00:00:00
7ac766e40565c0fcc2a226dfc3f6d89b,26231b2ef9060281897325d10a249038,delivered,2018-02-26 15:16:34,2018-02-26 15:35:33,2018-02-27 19:46:32,2018-03-09 18:56:38,2018-03-27 00:00:00
a3edebd7492a607266af222e43e6cbc2,8f9141079392b07ccd5c74727132d89b,delivered,2018-01-31 17:01:42,2018-02-01 02:52:08,2018-02-02 11:52:35,2018-02-20 10:52:43,2018-02-23 00:00:00
4efa87f7d96100584de0e4138c30637c,0ed78515f267db4682a1f96fdfb87d1b,delivered,2018-02-01 13:09:07,2018-02-01 13:35:16,2018-02-01 23:43:35,2018-02-14 15:58:05,2018-03-06 00:00:00
33a91551077ade760a76338641b03255,e10d5d910b97af922b8281d0eb415fe6,delivered,2018-01-24 19:11:37,2018-01-24 19:31:51,2018-01-29 21:39:07,2018-01-31 17:38:56,2018-02-08 00:00:00
a7e9c89f44760729cadc85cb2d282e1a,b9051f8570a716f98777d8b82d883a28,delivered,2018-02-03 20:38:00,2018-02-03 20:50:26,2018-02-06 03:32:17,2018-03-02 19:33:05,2018-03-13 00:00:00
9cf68a98289ead1bb2175c2323255969,5929c48788d2352bd67271a7025b4bc4,delivered,2018-02-13 20:03:39,2018-02-13 21:07:24,2018-02-15 16:23:19,2018-02-28 22:41:53,2018-03-08 00:00:00
aa60b99fd9b56eaff400d62b362e3bd3,35af52466ac48fec697b0038146c8469,delivered,2018-01-03 12:54:52,2018-01-03 13:06:58,2018-01-08 19:44:00,2018-01-13 02:09:43,2018-01-29 00:00:00
7ad12b91a27a5b94bdd5a1f444d29783,f8f17b5c6c08d31d25a3bdee0cf4eb23,delivered,2018-02-23 14:58:08,2018-02-27 04:31:20,2018-02-28 22:53:06,2018-03-03 01:12:18,2018-03-09 00:00:00
c9763e5c394f0237606e30f914889ee4,e9291fbc96a7353b36705f512ffd6b14,delivered,2018-02-11 14:49:01,2018-02-11 15:08:10,2018-02-14 20:18:53,2018-03-02 01:38:35,2018-03-07 00:00:00
a4bea4b3e01b8dd36eaf6a9e27698404,47b6f31206c7f21a45ec5a79f68a81a9,delivered,2018-02-07 15:25:10,2018-02-07 15:52:19,2018-02-10 01:33:12,2018-02-20 18:49:04,2018-03-08 00:00:00
bac84a37ff8746de71d3ba5a6aadecdd,4966d0c89c40e0123f63d0be0ff4553f,delivered,2018-01-25 10:09:48,2018-01-26 03:18:32,2018-02-05 12:32:43,2018-02-15 19:33:05,2018-03-01 00:00:00
a2360f80888ccaa4da649c8d63001de6,a5f4ce5c4e85ffdeec9c44b6da6288c1,delivered,2018-02-14 12:19:15,2018-02-14 12:30:30,2018-02-19 23:57:47,2018-02-21 18:54:39,2018-03-01 00:00:00
27117619ffada8253dc8cf4d4719ba6c,2dbb8beaee5122cd247ae28b0caa47c1,delivered,2018-02-12 15:43:33,2018-02-15 04:07:14,2018-02-19 23:13:15,2018-03-06 21:23:59,2018-03-19 00:00:00
2773c71324d727606cc71501a1de8afc,78384f09294e296e2210f1958e5569ac,delivered,2018-02-09 13:47:14,2018-02-09 14:15:31,2018-02-19 21:12:17,2018-03-13 21:26:24,2018-03-05 00:00:00
cec3548a1677f74061b3802ecdb9e593,b02cce9a40436c973193673abe64658f,delivered,2018-01-07 03:46:18,2018-01-07 03:58:18,2018-01-10 15:56:11,2018-02-06 21:22:45,2018-02-07 00:00:00
9db5b1ba7f04533533e400a1f2589d66,ba33a4cae101690de645fad078ba96f3,delivered,2018-02-02 00:34:34,2018-02-02 00:52:12,2018-02-02 22:29:09,2018-02-14 23:15:21,2018-03-07 00:00:00
6f806fde47aba06190ac3c525cd901ed,c6e04ca05bff626899b98ac1e68a03d1,delivered,2018-01-08 18:41:51,2018-01-08 18:51:31,2018-01-09 19:27:31,2018-01-15 21:59:06,2018-02-02 00:00:00
17072870cced0e2db845c2cc0bb385e7,eeac13acd9226d9a1868dd7968248978,shipped,2018-02-02 14:51:38,2018-02-02 15:18:01,2018-02-03 15:28:39,,2018-03-07 00:00:00
b2183f3202315420b832c60b08cf7fd6,e570717173d102e11fb97d1731e80067,delivered,2018-02-19 19:05:00,2018-02-20 16:31:16,2018-02-21 19:34:09,2018-03-05 20:25:27,2018-03-09 00:00:00
a1941edfbb473a7e0a9f1e7abbb773fd,700660b5eabe7b1914f0bde53b1f7d2d,delivered,2018-02-27 10:56:54,2018-02-27 11:09:54,2018-02-27 21:21:47,2018-03-26 20:59:16,2018-03-20 00:00:00
43671c3e31b4bf4bf44ff94a4b6e6db5,b9eda58724d0b0c95a21c14bc9a817ee,delivered,2018-02-20 20:51:22,2018-02-20 21:27:43,2018-02-21 21:22:14,2018-03-06 17:27:00,2018-03-13 00:00:00
48a6a2ea9e635b0f27e8211023213a25,6d22de51ac143b9d3c0f64d53788ea12,delivered,2018-02-05 20:43:03,2018-02-05 20:50:29,2018-02-07 21:21:47,2018-02-27 22:25:03,2018-03-13 00:00:00
929fa720a53f0036ad3b444f08d59bc2,f0abcd422de451fd6eb08090d4809f8b,delivered,2018-01-14 22:45:12,2018-01-16 03:51:02,2018-01-18 18:35:22,2018-01-26 17:29:02,2018-02-05 00:00:00
7611315a76580a81e6f86cd62f4ad994,012b69962ffef2be728865fe6a90359c,delivered,2018-02-05 10:10:23,2018-02-05 10:32:04,2018-02-08 23:19:07,2018-03-06 20:18:50,2018-03-13 00:00:00
382f41b6bf5fb267fa9edeb99c171918,599ca149954743a9c925dfa8d343e51b,delivered,2018-02-01 08:06:41,2018-02-01 08:50:42,2018-02-01 22:25:09,2018-02-06 12:45:42,2018-03-01 00:00:00
833ca9217bfe9bb17bcf56f645362ac6,ba3f266faa29d2de0d04726651aeaa5e,delivered,2018-01-23 16:14:56,2018-01-24 02:36:32,2018-02-06 17:13:12,2018-02-26 14:29:30,2018-03-08 00:00:00
4117e5bb44ebdb1d0c0ebf0482dfc13c,a6fafb6b2de46d568069f8a18e42f37b,delivered,2018-02-05 20:40:37,2018-02-07 03:10:14,2018-02-07 21:35:52,2018-02-22 21:48:49,2018-03-06 00:00:00
a9fd47117c3f6b4e72456d5331e2bfb1,779609a1ecaee6f5ea1b6e50359c0aa1,delivered,2018-02-01 15:10:56,2018-02-01 15:34:49,2018-02-05 21:43:24,2018-02-14 22:36:34,2018-02-23 00:00:00
1915364b68b7df0c42012aadca4bed47,3a8383a4e4a8cf4251ae0b1c1a696694,delivered,2018-02-15 21:07:30,2018-02-15 21:15:30,2018-02-16 21:22:29,2018-03-28 20:44:32,2018-04-04 00:00:00
719b6b76d11e7e6f6e8113bbd4565b84,7041f895a2fb5dd4142139e99ce3ff9e,delivered,2018-02-27 14:48:46,2018-03-01 03:22:49,2018-03-01 22:13:45,2018-03-09 18:46:45,2018-03-20 00:00:00
836d0fa7922a98ebfd757fe914130592,7b5c8f4c68f979af2de83a7eb3331f8b,delivered,2018-01-10 02:05:46,2018-01-10 10:32:02,2018-01-23 00:51:23,2018-01-30 02:06:33,2018-02-05 00:00:00
6e66eeb2dcd054d228cbfdbe27ac10ba,bbd0d7058c24fb7d36bf6885d5b15866,delivered,2018-01-08 14:02:48,2018-01-08 14:11:28,2018-01-16 20:51:29,2018-01-22 14:37:09,2018-02-07 00:00:00
ea6c1bccedd9137975bff2495dfd90ae,ad0ef39a2494d469bcb348a4273ca27f,processing,2018-01-17 17:09:02,2018-01-17 17:16:27,,,2018-02-19 00:00:00
0e4fb9a4cd0c097933625d17613d1191,553454dbd62af3359355d126150993b4,delivered,2018-01-11 20:04:59,2018-01-11 20:16:19,2018-01-12 20:21:59,2018-01-18 01:22:19,2018-02-05 00:00:00
b77521536083d321e2947f3258b0a5c2,eda5e7707113194c9fd748da39c4e825,delivered,2018-01-30 10:34:56,2018-01-30 11:11:00,2018-01-31 21:24:53,2018-02-09 00:32:25,2018-02-21 00:00:00
b55e6c8ae6ed71f6db940868b4f1d44c,98b83460f3e1520c356ddf887d1c87f3,delivered,2018-01-09 18:17:31,2018-01-10 10:32:22,2018-01-15 16:23:25,2018-02-22 22:43:00,2018-02-16 00:00:00
449f3475482b3e2a83e3d08eaa99d77c,b9729467688cd631768cd55a71ee1a09,delivered,2018-02-28 19:27:20,2018-02-28 20:20:51,2018-03-02 00:22:06,2018-03-11 11:25:19,2018-03-23 00:00:00
4da3bd761ca73d692ae0f5c252495546,65ee4aa816cda8ad41e05c75e1cb691e,delivered,2018-02-01 12:31:21,2018-02-01 12:54:33,2018-02-02 00:39:31,2018-02-02 16:12:53,2018-02-19 00:00:00
d69bbac5aea344d3802887ca05fbf283,66437cffe176b78dac1e98ec39e1a7ae,delivered,2018-02-12 02:37:11,2018-02-12 02:48:51,2018-02-14 19:52:35,2018-02-19 20:23:29,2018-03-06 00:00:00
11fd51275a43d1590816139eaca0bf94,6fec7996bbc8eeb913f3b92a79fd33f8,delivered,2018-02-15 11:47:40,2018-02-16 07:47:01,2018-02-16 18:17:39,2018-03-05 18:33:28,2018-03-19 00:00:00
c2e3096cfe14dd179f75dc83746fe2a8,99182106be47066737d15f60d6fd95ee,delivered,2018-02-27 09:35:35,2018-02-27 09:48:21,2018-02-28 19:26:11,2018-03-02 22:33:33,2018-03-19 00:00:00
79552be7b4863907fb19aa3c8bba9692,ff04d958186bab54872637cc6f097898,delivered,2018-01-11 19:49:39,2018-01-11 19:58:21,2018-01-15 16:48:05,2018-01-16 12:06:41,2018-01-30 00:00:00
fa612a1874826daa30fed5e3073b9d0d,b51db50e74624ee11ec905f6c8cb92c2,delivered,2018-02-23 07:23:09,2018-02-23 07:35:30,2018-02-27 15:13:08,2018-03-01 16:22:31,2018-03-15 00:00:00
c60c1ff560443153d7f50771e5fe9b92,a2dec8f3303859110de7fa39ea593b45,delivered,2018-02-22 17:53:15,2018-02-24 02:50:34,2018-03-02 00:59:00,2018-05-11 16:45:21,2018-03-15 00:00:00
8e79eeb59f5108d06a807743a3482bfb,fbfebde26d0e73345094b962c8209a1e,delivered,2018-01-17 13:44:31,2018-01-17 13:52:27,2018-01-23 11:28:57,2018-02-09 20:57:58,2018-02-15 00:00:00
5e1c7d900683c3752dcb5908d72eed78,3032b22c601697f4792cc92d2f434cc2,delivered,2018-01-22 21:07:55,2018-01-22 21:19:30,2018-01-23 20:45:06,2018-01-29 23:54:53,2018-02-07 00:00:00
bfe378d529206e45ce2ae4095aba264b,13d4313f89fc94278086f77adb232fc7,delivered,2018-01-30 17:49:48,2018-01-31 13:32:08,2018-02-02 19:53:06,2018-02-27 21:18:33,2018-02-22 00:00:00
ae430928e30cb683e5b0bd55a74bcc69,80462a2ebef4fa9fa5630530d25d19de,delivered,2018-01-06 00:56:17,2018-01-06 01:07:54,2018-01-09 20:18:29,2018-01-13 01:47:49,2018-01-31 00:00:00
b65bc3c893e55d8850fdd459723e5f88,3187d1ef9489d150ef02ed28a56b6e18,delivered,2018-01-17 16:32:43,2018-01-17 16:49:45,2018-01-18 16:53:10,2018-01-25 18:51:31,2018-02-09 00:00:00
59afba5b7b763745429be3e96dbda975,ab610365471b25b2b6d3f055bb3d69ba,delivered,2018-02-03 20:41:36,2018-02-06 04:33:11,2018-02-06 15:05:05,2018-02-23 18:06:38,2018-03-06 00:00:00
962b2008b2f1e396e0d30b76caa96832,706cb4fa45140c2466f192e6d449f656,delivered,2018-02-26 16:49:57,2018-02-27 05:30:55,2018-02-28 16:42:45,2018-03-02 19:54:52,2018-03-12 00:00:00
32cd8c1de0b106ac12c8bac666e9e1fc,59369b62f15106cab010e178b8b2703a,delivered,2018-02-27 16:15:40,2018-02-27 16:35:35,2018-03-02 17:32:34,2018-04-12 23:07:53,2018-03-23 00:00:00
2d1bec8cfa830e47e6267b4e3c329dbd,4ffd321d13d0deb41947ce6d939c8e10,delivered,2018-02-28 02:46:13,2018-03-01 06:48:38,2018-03-01 22:08:11,2018-03-20 19:38:48,2018-03-19 00:00:00
70fe4927726f292b4cd91c495430d539,5608d7955091f9b8660dd79e3e418b84,delivered,2018-02-20 20:12:50,2018-02-21 20:09:34,2018-02-22 20:26:38,2018-03-10 11:52:02,2018-03-16 00:00:00
de8fd9a0d076acaf013673eb8a4c9b0b,f6b267fb461c26e4ae3ea501f4297503,delivered,2018-01-13 15:00:03,2018-01-13 15:12:21,2018-01-16 00:18:06,2018-01-22 16:09:15,2018-02-05 00:00:00
6ff4ca5d20f7d9fef17e2904de45f102,0dd703ebe4e10f6bf62ce5db98e97fa2,delivered,2018-02-26 09:57:25,2018-02-26 10:16:01,2018-02-27 14:49:20,2018-03-02 17:43:28,2018-03-12 00:00:00
551320e40e766057c633ff653094bf5f,38f43bd87473e4c3c9a068a8465b27cf,delivered,2018-02-06 14:49:32,2018-02-08 07:49:58,2018-02-19 19:12:52,2018-03-06 17:16:09,2018-03-22 00:00:00
a1a26fd368e8d98c468ecd201ea55af8,95462f6d1cb366ce19620fa03dfe0cc4,delivered,2018-02-22 10:11:39,2018-02-23 02:15:29,2018-02-24 00:00:00,2018-03-07 18:55:11,2018-03-20 00:00:00
3e912a57fb719316f2b090c4eaa1d78b,6cfc98c9a135e3149c652f6aa008ed10,delivered,2018-02-13 19:11:28,2018-02-13 19:47:04,2018-02-15 23:23:01,2018-02-22 19:31:26,2018-03-07 00:00:00
d7f6ace2a350940d10999a89ceb44d72,afa6d3e244287962e2d75435734c5e49,delivered,2018-01-08 12:02:19,2018-01-08 12:14:33,2018-01-11 13:19:38,2018-01-22 21:54:57,2018-02-02 00:00:00
5ac7d4ec249ae27ce03841786cc6bc66,6962ba9bda5d3ba92e38bd638bbed523,delivered,2018-01-27 13:52:16,2018-01-27 14:12:55,2018-01-31 19:48:56,2018-02-19 21:34:43,2018-03-01 00:00:00
77f1ce3b8d86fff49b9c811f00f4dc13,7df771c7ffd3c5162105a5255e625d8a,delivered,2018-02-22 12:33:43,2018-02-22 12:48:40,2018-02-23 17:27:16,2018-05-30 23:50:44,2018-03-21 00:00:00
9f42ba3ab7f23f1ce0a717cfc841a9ab,3c8f71003ac0c80c105ed834fed4f738,delivered,2018-01-10 14:55:25,2018-01-10 15:12:39,2018-01-11 18:28:34,2018-01-19 17:59:04,2018-02-05 00:00:00
0ebf39cd91e6c7f650db30a438805518,961acbe75033495a32244daf91936d25,delivered,2018-02-07 17:16:33,2018-02-07 17:35:36,2018-02-09 01:34:09,2018-03-14 00:33:35,2018-03-05 00:00:00
cbe1399d12a3b12bfe8fe73a29173053,c0dc668fe911c870b8687d0238042906,delivered,2018-02-09 15:04:42,2018-02-10 02:49:50,2018-02-16 18:51:46,2018-02-26 22:44:52,2018-03-09 00:00:00
661620f1b2ab6bd136e9566f2188c215,4538c8f9c63d958a52a1e982c821a98f,delivered,2018-02-07 12:48:44,2018-02-08 07:49:34,2018-02-09 11:49:04,2018-02-14 19:12:57,2018-02-23 00:00:00
6a346db02422265a67627acca3eff776,8f921238b5674ed3dd83ca3119383bef,delivered,2018-01-17 21:49:30,2018-01-17 21:59:30,2018-01-19 20:28:00,2018-01-25 01:08:38,2018-02-07 00:00:00
db450aca52c200c9c1c1d9cf4dff0338,bcd2820a37f09b7f79e08aa37a72374d,delivered,2018-01-29 08:32:41,2018-01-29 09:21:25,2018-01-30 11:48:55,2018-02-08 19:52:26,2018-03-12 00:00:00
ab034e0a0ec3d434382d39792afd90a2,fd19babfab0462f47c7f06d599258b11,delivered,2018-01-16 07:32:18,2018-01-16 07:49:54,2018-01-16 19:51:16,2018-01-25 20:03:46,2018-02-09 00:00:00
ad4098a257676ea4d394fb3bbbf36ca3,878b45ad0fa20acbb5198b2e979fb442,delivered,2018-02-26 09:55:52,2018-02-26 10:15:33,2018-02-26 20:15:41,2018-04-19 03:03:32,2018-03-23 00:00:00
cdf2839409d0f62e2b2e61b62b72dc16,852947b57caab58c544343592f5e06d2,delivered,2018-02-14 10:26:22,2018-02-15 04:07:36,2018-02-15 22:08:06,2018-02-26 15:27:06,2018-03-08 00:00:00
256d17dcfae69f2c09f3ab3daf76b0ef,9ee9778d9731b64524a787829a61a2aa,delivered,2018-02-09 10:38:32,2018-02-10 02:49:21,2018-02-16 20:23:22,2018-02-24 12:15:02,2018-03-06 00:00:00
9354409c9ecd338d805ab1908f24614f,7db8b504556b394dbe3e602a9b842112,delivered,2018-01-23 14:06:03,2018-01-23 14:16:52,2018-01-25 15:13:21,2018-02-06 17:54:51,2018-02-20 00:00:00
292fa4655c8e30747b2b465a8f4d14f7,70a4565a0e2423f8bd3ba63125c901d1,delivered,2018-02-27 13:31:20,2018-02-27 13:48:42,2018-03-01 20:56:38,2018-03-02 21:24:42,2018-03-13 00:00:00
1b32d4a12472b702c651faa43a947179,86fd6bab566915fde5765e14d2ff2b4e,delivered,2018-02-18 13:05:25,2018-02-18 13:15:26,2018-02-19 23:12:12,2018-02-21 16:38:56,2018-03-15 00:00:00
c435a12c69420ebee5a5e0f5cfded1e0,d8f36d0b4ad0276f450d447c5e9d5fdd,delivered,2018-01-25 13:11:59,2018-01-25 13:38:45,2018-01-29 23:07:54,2018-02-16 19:26:40,2018-03-02 00:00:00
0749426d1c48fe5943cbdf1316ace0aa,ce16772052d1eedeecdecd1deb3b0ec1,delivered,2018-01-13 13:22:10,2018-01-13 13:33:29,2018-01-15 19:45:04,2018-02-22 02:28:49,2018-02-07 00:00:00
b951958a518d9186c1b3196e445ccb08,dd15d636cbf48f2cbf86149ebf9556c0,delivered,2018-01-26 10:03:01,2018-01-26 10:19:15,2018-01-29 21:58:30,2018-02-14 11:38:54,2018-02-21 00:00:00
f8fd25f70b750575ff9e8a348ee15692,9b38c5e19f3e7f498ab36c0b095f39a6,delivered,2018-01-13 18:52:46,2018-01-13 19:10:04,2018-01-17 15:35:01,2018-01-22 22:13:39,2018-02-08 00:00:00
f2ab8dadc7b9d7c7385ce34e48a2526e,f5e4b92cac2678c4948e15a55f0ce820,delivered,2018-01-29 13:24:32,2018-01-29 13:35:26,2018-01-31 00:23:07,2018-02-05 23:43:14,2018-02-20 00:00:00
68be1c52f0c662cedbe21ca137ca77fe,3770b28ef0626cf945d6f4129077c7ae,delivered,2018-01-25 09:22:50,2018-01-25 09:36:27,2018-02-01 20:04:06,2018-02-16 18:32:32,2018-03-12 00:00:00
cb799c1b342aad161c953b9680c67105,e4b985e823ded8605f64cf1e28d013f3,delivered,2018-02-11 20:09:55,2018-02-11 20:28:12,2018-02-14 23:29:05,2018-03-01 19:52:54,2018-03-08 00:00:00
ff0ce2a8ea25fbe31464674b30ecc983,af894f28732b32cb74164ce87e54718b,delivered,2018-02-25 22:43:34,2018-02-25 22:55:26,2018-02-27 03:27:19,2018-03-09 19:36:31,2018-03-16 00:00:00
90f554c89892c8a1cb25b9c27ebacfbc,077b8386d9cb1fa9cab7a5b561c4bf90,delivered,2018-02-07 14:57:06,2018-02-07 15:11:16,2018-02-14 22:08:13,2018-02-27 17:48:32,2018-03-05 00:00:00
435566621a2ea03fcaf53b11437ce5bc,a1f714a85550bca2a27cd19ba9bc1541,delivered,2018-02-12 16:19:53,2018-02-12 16:30:26,2018-02-16 18:35:25,2018-03-02 01:05:00,2018-03-12 00:00:00
ebbe13361b5642fa1a02ae9fa3d7fb3d,b9bdb8462ebf51bdcbf78b442cf43ed7,delivered,2018-01-29 00:44:47,2018-01-29 01:58:49,2018-01-30 18:55:04,2018-02-02 17:52:19,2018-02-14 00:00:00
24f07a52ca6b749c618b46ddb2e94b8a,2fead6d196da5adf133e4ddb08f51c8c,canceled,2018-01-30 09:39:05,2018-01-30 09:56:17,2018-01-31 23:39:52,,2018-02-21 00:00:00
b289f5ff8eeb0ac36ba7d2b507767d44,64054fd2cd8632880c7ed98487b58b6b,delivered,2018-02-04 16:10:12,2018-02-06 04:32:41,2018-02-06 21:04:13,2018-02-23 22:04:59,2018-03-06 00:00:00
ce7be36d78630d654873b810b8d354f4,3351733a48384a9f9d530c58316e6aa7,delivered,2018-01-02 22:05:05,2018-01-02 22:13:21,2018-01-05 19:37:44,2018-01-09 19:07:17,2018-01-18 00:00:00
c3cf7465747be7d711f6fd7f08a7ec65,28aa752efb79504ee5814c07f649b617,delivered,2018-01-18 12:55:44,2018-01-18 13:13:09,2018-01-19 22:04:13,2018-01-31 14:44:49,2018-02-02 00:00:00
132f21680dc8ddaecc8b954cefc515b9,f5ac2b8c0d1a52e1abbac2921da93980,invoiced,2018-01-07 16:19:04,2018-01-07 16:26:19,,,2018-01-24 00:00:00
20adf99f2d48669a45b5ef435b116b09,37adbc0ce0a15109d42f8f3c461fa9fd,delivered,2018-02-18 22:20:56,2018-02-19 23:07:29,2018-02-21 16:07:12,2018-02-27 17:29:16,2018-03-19 00:00:00
2a8c1802fe3f40cb8c4d6c1c8f0834c1,1eb4e9e99a7e90ee262bbb995dc5b983,delivered,2018-02-18 12:59:53,2018-02-18 14:06:40,2018-02-20 16:13:02,2018-03-26 23:03:59,2018-03-13 00:00:00
3bcc866b8a286c46394d2aa9dfd06240,d2ad2ec811f6d50fc1489449de3fd716,delivered,2018-01-31 08:55:06,2018-01-31 13:51:39,2018-02-03 13:51:56,2018-02-08 16:42:03,2018-03-07 00:00:00
ef704761e364e431e0ce0e0d170ebd81,f6ef3f5caf2b9fc0cb87f67c14b98196,delivered,2018-02-10 09:07:01,2018-02-10 09:25:29,2018-02-14 13:13:19,2018-02-28 16:03:43,2018-03-09 00:00:00
4be4efe219340018953ef852236df257,db4bfe6f8f3a7fb9635e8b0f2219a719,delivered,2018-01-10 09:59:25,2018-01-10 10:31:48,2018-01-17 17:22:01,2018-02-14 20:53:20,2018-02-16 00:00:00
973b7f50240979971b3f5f8913d09e23,12e248f83f2e7d0dcf7ab2dd25e3e609,delivered,2018-01-26 19:50:57,2018-01-26 19:59:21,2018-01-31 14:55:14,2018-02-03 00:06:48,2018-02-09 00:00:00
985f418428a2040e904e93491b78c1f1,3448488008d7d108e6293951e93b5d91,delivered,2018-02-20 13:52:36,2018-02-20 14:09:31,2018-02-26 22:43:15,2018-03-07 21:19:44,2018-03-12 00:00:00
cd81ba816ce2aa9e8c681c321ddf0a22,a0f8f8226dd35e827719dfcac90e5193,delivered,2018-01-25 10:47:47,2018-01-25 11:11:53,2018-01-26 19:51:36,2018-02-06 17:42:51,2018-02-20 00:00:00
6d0ee01ab8a73e07883af627b8cbdff5,3e030b5583bf176a11742af18c4f545f,delivered,2018-01-12 09:57:45,2018-01-13 09:50:24,2018-01-20 01:23:04,2018-01-30 19:51:52,2018-02-16 00:00:00
c36b97b242c0409d5f536b647b56256e,0b7d82e753f361401ca599732423ae82,delivered,2018-02-20 18:09:22,2018-02-20 18:25:33,2018-02-21 19:49:04,2018-03-17 10:44:29,2018-03-16 00:00:00
75db98736bc50273482103bbb05f7d2f,49acc665a9c9ae87119f71f788854883,delivered,2018-02-17 21:04:02,2018-02-17 21:15:29,2018-02-20 20:09:16,2018-03-05 14:13:18,2018-03-15 00:00:00
8ebfefcc637fd6935aadd7b73c0c37d2,0e04fba3d8e410ec596562380be2212d,delivered,2018-02-20 08:08:43,2018-02-20 08:32:35,2018-02-21 19:29:11,2018-03-01 20:59:16,2018-03-13 00:00:00
64687fa34e8e3ccaf7856911061aad72,0587a01e8c36bab363b68c12f07d367d,delivered,2018-01-10 15:46:37,2018-01-11 03:09:07,2018-01-11 16:44:58,2018-01-26 16:49:00,2018-02-09 00:00:00
eb515c77499aaed890c1c8e759ec8337,51e9c53f076583fdfc867b55eb64d93b,delivered,2018-02-21 14:20:07,2018-02-21 14:35:38,2018-02-26 21:16:47,2018-03-14 03:22:10,2018-03-29 00:00:00
3ea229e7822f0d2d84b4b59b5f8df0de,e21d78b12f4c1a59673af05aa14bf055,delivered,2018-01-22 20:55:58,2018-01-22 21:14:34,2018-01-25 18:08:02,2018-01-29 18:33:13,2018-02-19 00:00:00
f31535f21d145b2345e2bf7f09d62322,ed532487db04478dfba09d112649fc13,delivered,2018-02-01 07:47:34,2018-02-01 08:10:31,2018-02-02 00:24:34,2018-04-23 15:49:34,2018-03-05 00:00:00
0539642c2ba6dfd6c8ca8dbdb16d85d4,5577986e87a01d8f0d0055fb5229b436,delivered,2018-02-23 15:19:52,2018-02-23 15:35:21,2018-02-26 23:38:00,2018-02-28 15:38:58,2018-03-15 00:00:00
8e6560f082c82cd950eaeb5dabcbeea6,b3a442492d804e0df43ef6c7e410d8df,delivered,2018-02-07 03:14:50,2018-02-07 03:29:56,2018-02-07 23:34:05,2018-02-19 20:16:02,2018-03-08 00:00:00
2683588ebcc532200c4f60c63f07564e,1ba98719bd1a96bacf6e1f03a1a0c58b,delivered,2018-02-14 11:35:41,2018-02-14 11:50:25,2018-02-23 20:39:01,2018-02-25 10:38:41,2018-03-07 00:00:00
2f913d8514e1297d2b7543d5e7a6f90d,f1d4502d91bfed06dd2dc1354a0c5100,delivered,2018-01-18 22:50:40,2018-01-20 09:07:53,2018-01-25 19:42:09,2018-01-28 16:05:04,2018-02-02 00:00:00
817128a33949f3540f2456c11ce3c327,aaa1f05f871d2a7f27e32e58981abb26,delivered,2018-02-08 18:34:57,2018-02-08 19:20:33,2018-02-09 16:52:11,2018-02-17 00:35:11,2018-03-05 00:00:00
81686c0fdb215cc2c2619c210f140e1c,e448b345bc513a1d73240506700af2b4,delivered,2018-02-21 14:28:17,2018-02-21 14:35:37,2018-02-27 13:35:40,2018-02-28 22:58:56,2018-03-07 00:00:00
8e87d18bbab2a0394d37332363c1f804,54a95e5d38fac79041210be655f2a782,delivered,2018-01-31 01:38:52,2018-01-31 13:32:04,2018-02-02 01:49:42,2018-02-17 14:19:05,2018-03-01 00:00:00
cd9b65ef397b95d0e1fa108caad89718,8826954c712aaf1b27d2212dfc9da1be,delivered,2018-02-14 11:08:25,2018-02-14 11:27:49,2018-02-19 18:22:40,2018-03-21 21:21:42,2018-03-08 00:00:00
20fcd5f81a0ec6102a9e4f1bd4c7c403,18c65fe1c2079dacf02a25262bd0db07,delivered,2018-02-06 04:36:20,2018-02-08 07:49:58,2018-02-08 21:07:44,2018-02-23 17:58:45,2018-03-02 00:00:00
16765dc16804d7fd055e9fd68b14da71,c500a1935374c6fa8e99fbea630b85c2,delivered,2018-02-15 11:01:57,2018-02-15 11:30:25,2018-02-22 00:15:15,2018-03-15 00:23:41,2018-03-15 00:00:00
3139cd96bee99e023a4a899b9ffc5de4,173feff09747a0b5cd55c9595810b5ed,delivered,2018-01-17 14:47:40,2018-01-17 14:58:23,2018-01-18 23:04:42,2018-01-26 21:13:39,2018-02-09 00:00:00
592c655cc28e7b2331c58a5db83c2793,cee0d2b95b094eda415a6795f5f57810,delivered,2018-01-16 22:48:01,2018-01-16 23:31:25,2018-01-17 20:27:07,2018-01-19 15:41:55,2018-01-31 00:00:00
0fb1f7c7042e9fa84d8d415c5fdec5c9,92f5a8e2f0279dae4618a7a9dda38875,delivered,2018-02-23 15:11:04,2018-02-23 15:31:32,2018-02-26 22:39:41,2018-03-19 19:58:50,2018-03-15 00:00:00
3b605dc5eb6e1c1bc6d88b500772567d,da77a9b3beae6f34b9bd97fa26285664,delivered,2018-01-14 20:03:58,2018-01-14 20:14:26,2018-01-17 22:12:21,2018-01-25 13:13:46,2018-02-19 00:00:00
07dee0f0916a444098de4beea749c5e5,f4b583877f26ed2e5eb4f1a1d9369695,delivered,2018-02-02 13:58:20,2018-02-05 11:30:03,2018-02-05 22:53:18,2018-02-19 23:04:25,2018-02-26 00:00:00
b0945a79c684fa367896247e7afa4628,6367c0ca26953cf2b4ea34ba53295dc9,delivered,2018-01-30 12:33:22,2018-01-30 12:55:22,2018-01-30 23:21:48,2018-02-08 15:56:55,2018-02-23 00:00:00
698b0a11c6a256230a174051afc56470,ec9919f351c71bf76009ab563d87caa9,delivered,2018-01-26 13:45:17,2018-01-26 13:55:22,2018-01-29 17:51:27,2018-02-03 14:04:34,2018-02-26 00:00:00
6ab619528b4d0524453b2d39e45cbd57,63e23b742f978f372f85ce4b6bf05906,delivered,2018-01-30 18:31:03,2018-01-31 13:32:17,2018-02-02 22:58:49,2018-02-17 11:42:02,2018-03-01 00:00:00
d76b1c20f53889c519b279d714ddc647,a5c4754a855344eca515e2c40693c9b7,delivered,2018-02-26 16:35:49,2018-02-26 16:49:59,2018-02-27 17:54:40,2018-03-26 17:18:38,2018-03-22 00:00:00
dc38e52fa44c2617addf64cf5787780e,ed7a2717fe99c4f89746804d399a4e6e,delivered,2018-01-19 14:44:00,2018-01-19 14:57:25,2018-01-26 17:11:56,2018-02-15 01:18:32,2018-02-20 00:00:00
7ece8c3c916bb0366f54e22a77936af4,fc7cef7a658fab6726b33a3c8bb3894b,delivered,2018-01-19 20:48:28,2018-01-19 20:57:58,2018-01-22 22:53:23,2018-02-06 16:38:43,2018-02-19 00:00:00
4b7d3dfe0941dfb8a4aa50c5a641229b,ac9b153ddf7be1cc6ee7efdbfbaf6c66,delivered,2018-02-22 12:32:51,2018-02-23 12:35:36,2018-02-26 22:34:43,2018-03-03 15:53:06,2018-03-27 00:00:00
d8b293a9c747dbce4a60f6c0bca37dd7,90830dbb673d83c46f791a44b9a0c838,unavailable,2018-02-09 17:57:31,2018-02-09 18:20:28,,,2018-02-23 00:00:00
bc0e690ee61ed479d110f301bd4e6b5a,2f08bb2fb46afb0cb9375f5e8be8ff85,delivered,2018-01-22 22:52:56,2018-01-22 23:12:44,2018-01-24 21:56:27,2018-03-15 21:24:47,2018-02-19 00:00:00
6ec4d2a3950dd8341ae9b8e458e85802,9f2fd58b5e1b4ee026d8bb206a7a8800,delivered,2018-01-21 18:57:44,2018-01-22 13:57:02,2018-01-22 21:48:44,2018-01-29 15:14:57,2018-02-15 00:00:00
51c3d73e0e905225319f9ae8b56837fb,d68bce55175ab0466c8eff922d67c543,delivered,2018-02-17 20:01:55,2018-02-17 20:15:27,2018-02-19 21:41:32,2018-03-21 17:08:42,2018-03-09 00:00:00
6480dffdb7765afb3bbb91cfdd9c569f,c38f349ec38ba57cc2e541b1e481f451,delivered,2018-01-18 20:30:36,2018-01-19 20:29:52,2018-01-22 23:56:30,2018-01-29 18:24:55,2018-02-02 00:00:00
44918cef2a112fc3f8e4a9b676e5ab23,265655cf1f2dfd4fc630004d1fe5f3cb,shipped,2018-02-06 22:08:09,2018-02-06 22:15:42,2018-02-07 22:45:44,,2018-03-12 00:00:00
55acf4fa9e52530422b78ece74bb0314,c22dbe015ce7e51a767e4085d8920052,delivered,2018-01-21 21:53:07,2018-01-22 14:01:31,2018-01-23 21:36:56,2018-01-26 20:21:21,2018-02-06 00:00:00
73a331a84d88cbe29024744ea908b253,ef27ad6a759b60d8a7d93688c171aa20,delivered,2018-01-16 19:53:45,2018-01-16 20:10:27,2018-01-17 19:03:14,2018-01-25 17:13:24,2018-02-06 00:00:00
2da58e0a7dcfa4ce1e00fad9d03ca3b5,dd9e6825c25b74726720391d01006dfc,delivered,2018-02-21 14:02:31,2018-02-21 14:30:36,2018-02-27 22:49:01,2018-03-12 19:26:51,2018-03-14 00:00:00
1eddc90435daee35f9fc046b33b5c8b8,e28c952b06b7864dec144ee81e022296,delivered,2018-01-30 17:55:23,2018-01-30 18:11:01,2018-01-31 21:12:56,2018-02-19 22:34:26,2018-02-23 00:00:00
1f7c1b144b5b6d0a4339bd2e7ce499ac,00380c010de38d578d02117f6d0b88e7,delivered,2018-02-28 11:10:46,2018-03-01 02:48:57,2018-03-01 22:39:18,2018-03-12 17:03:57,2018-03-23 00:00:00
c9005699b095802a8c29533ef432d578,504b1f32fab0729c552a28e3db5e0d4a,delivered,2018-01-29 22:18:06,2018-01-29 22:30:22,2018-02-27 18:19:17,2018-03-09 18:04:45,2018-03-29 00:00:00
acfdfe594c452da60406c0a9a0a3d97d,27c90094367caa279beaf6f6e0eb3332,delivered,2018-02-03 19:40:10,2018-02-04 00:09:45,2018-02-05 22:34:03,2018-02-14 14:17:24,2018-03-08 00:00:00
28e9ee43938891c706c6c9e8ce21d0ec,29f35769d9d89a8ee467e2fb502ecd3f,delivered,2018-01-24 14:28:01,2018-01-24 15:07:29,2018-01-24 23:09:58,2018-01-29 21:34:01,2018-02-16 00:00:00
52f4d206be495fdbcc211af8b9c1d8ba,159c51bd752b13a29b404e47af4252a4,delivered,2018-01-11 16:59:52,2018-01-11 17:08:40,2018-01-17 20:09:55,2018-02-15 22:42:52,2018-02-20 00:00:00
b095c03b6a10243a06c58f3f8d2b668f,c822022a84fecb35f7f4a6b9d77baa40,delivered,2018-01-14 14:20:51,2018-01-14 14:29:22,2018-01-15 23:13:12,2018-02-21 22:03:42,2018-02-19 00:00:00
721f02a8125f571ecbe34cb7073ff732,9cf1b362b8ee73821c5cf441d1fc577c,delivered,2018-02-10 18:21:51,2018-02-10 18:35:20,2018-02-19 15:16:56,2018-02-22 18:56:51,2018-03-09 00:00:00
87b314ae9dc134ce22cac9d7d3be2678,e3673d5b4a29bd3532b284fcf945c4de,delivered,2018-02-04 15:50:52,2018-02-04 16:09:43,2018-02-08 00:28:50,2018-02-09 13:15:07,2018-02-21 00:00:00
12fb5d0cb33d4e9aa4d07b4400346153,41061f2a3a70683b176c48c221612439,delivered,2018-01-17 11:32:19,2018-01-17 11:49:54,2018-01-24 13:27:26,2018-01-29 19:32:22,2018-02-07 00:00:00
3e260a92ff50c19fbc36aa8a1d0970d1,981e0c95984009d4b5f08e1cc422e0c8,delivered,2018-02-15 16:57:37,2018-02-15 17:10:24,2018-02-21 21:23:27,2018-03-07 19:26:40,2018-03-20 00:00:00
4c95b21e5d08a34a3a48839f2d007982,f9a232e21b669e5a1063711f040cd360,delivered,2018-02-23 20:43:58,2018-02-23 20:55:50,2018-02-26 19:06:43,2018-03-17 02:12:17,2018-03-27 00:00:00
2caa92df77593ebdf24a65d26e9001e2,f2824bf9bc3ff1facfe05820f06fa436,delivered,2018-02-14 09:43:06,2018-02-15 04:11:16,2018-02-21 20:54:36,2018-03-05 15:08:44,2018-03-12 00:00:00
1fe7938fdd30309ca9b8628091e0dcc4,4f1e6c4e24277aeb870b2314b86224d9,delivered,2018-01-24 09:18:49,2018-01-24 09:36:06,2018-01-24 21:09:16,2018-01-25 18:49:52,2018-02-08 00:00:00
72bd20539e6d9960af5e49e9c7d70896,2c9796f749bbe5a66e0b9039e83ce6b3,delivered,2018-01-15 14:26:05,2018-01-15 14:33:23,2018-01-19 13:30:39,2018-01-30 16:38:40,2018-02-14 00:00:00
aeb5c78d2d8968b2a53ac5d6a554cdb4,3bdae7f94f5dcf2f6d395ddab50d3596,delivered,2018-01-18 17:50:20,2018-01-18 18:14:46,2018-01-24 23:38:07,2018-01-27 15:31:30,2018-02-02 00:00:00
762a479b42165d528417d5c3220640fc,935ceb581095e6dd41a24c74f2f0ca6c,delivered,2018-01-07 20:49:38,2018-01-09 07:25:55,2018-01-10 18:32:47,2018-01-12 20:34:34,2018-01-24 00:00:00
f7fcd725cd824aa64ca719bb28ba81aa,1f059b871125fea14ec05a2310a238e1,delivered,2018-01-14 17:51:55,2018-01-16 04:31:01,2018-01-16 23:29:07,2018-01-19 21:26:53,2018-02-05 00:00:00
aed5554747b457b11b6357881e378195,15893819842cca09b25e1a364cbc3c45,delivered,2018-02-06 11:51:31,2018-02-06 12:12:55,2018-02-07 20:24:56,2018-02-15 17:34:35,2018-03-05 00:00:00
22a9cd3f27980f3e0316de378a8b0d73,da0764e6cf25d2b4a34be1e89b11aeab,delivered,2018-01-06 21:32:17,2018-01-09 07:31:35,2018-01-09 16:19:27,2018-01-20 02:21:38,2018-02-06 00:00:00
7ceefd4f41f12d8806ac52ee4dc49f95,6cab2c02a8a74b8ca16956d7e5714fa1,delivered,2018-01-05 20:33:32,2018-01-05 20:40:24,2018-01-19 00:35:59,2018-01-29 18:29:25,2018-02-16 00:00:00
85dc824b1242cdb72addcef5b3ef4233,6fbe7cc67b69143e45695d8025f65ca8,delivered,2018-02-16 17:55:03,2018-02-16 18:05:29,2018-02-19 20:25:16,2018-02-28 16:22:27,2018-03-08 00:00:00
449a5c83325ac51d98c821405c503183,744472d5342f14d99da7aac037d88721,delivered,2018-01-22 23:09:08,2018-01-22 23:18:29,2018-01-23 20:51:43,2018-02-03 07:23:05,2018-02-20 00:00:00
154c7a0d28e6f7744163c3ed2d9d686e,457616cfba4b79473ce83af39d168c85,delivered,2018-02-18 14:49:24,2018-02-18 15:50:34,2018-02-19 17:35:51,2018-03-09 21:04:29,2018-03-19 00:00:00
5397db7879f283d4c554b5d8483d414e,d5d71423a0ba760269576208b66e10ba,delivered,2018-01-16 10:20:53,2018-01-16 10:31:36,2018-01-20 00:06:48,2018-01-31 17:18:45,2018-02-15 00:00:00
fbb1a0e5c4ba183f6cac6076920dc097,4e215db752d0c3ac49cdd2868b371587,delivered,2018-02-03 12:16:08,2018-02-03 12:27:16,2018-02-09 20:21:44,2018-02-16 18:29:46,2018-02-22 00:00:00
758b2f6c959f5aec10c8beefbcda84b8,a7ff44e0773e59861e6b784a4de577d1,delivered,2018-02-09 09:36:12,2018-02-09 10:14:12,2018-02-14 19:04:30,2018-02-19 20:05:47,2018-03-05 00:00:00
ae44f114faaadcc8fdbcdda840ffee18,e3a2ecc76f9a48dedb531f45863a92b1,delivered,2018-02-02 18:01:20,2018-02-02 18:15:56,2018-02-05 22:44:52,2018-02-09 15:08:38,2018-03-02 00:00:00
f2a46475bee862205dc161014bfce25d,d1d5dcf45fa56a44cb0fbf2d99ba6418,delivered,2018-01-13 11:30:43,2018-01-16 03:35:35,2018-01-16 20:14:52,2018-01-23 18:13:11,2018-02-07 00:00:00
199c3d5d5456786637603c3975e504f3,526441615839170e46ce165be2760060,delivered,2018-02-25 16:35:44,2018-02-25 16:50:22,2018-02-26 21:22:12,2018-02-28 21:37:21,2018-03-12 00:00:00
073fa4be4665f397a289842b1053229c,a6647fe1eda9d07ff6f8084860cc890f,delivered,2018-01-12 16:19:27,2018-01-12 16:29:42,2018-01-17 18:32:05,2018-01-23 22:17:59,2018-02-09 00:00:00
3fe0550ff13606fe21abb5e1fc426a20,7b75c3c106052a5a4a6f8b95e794f0e8,delivered,2018-02-05 08:28:16,2018-02-05 08:35:25,2018-02-06 14:58:51,2018-02-28 23:07:28,2018-03-07 00:00:00
407c915b14e91ef7bfab0f2f272ccfc9,39a6ee9489fe63680ad9b1fc3b2fb332,delivered,2018-02-28 18:59:42,2018-02-28 19:10:38,2018-03-06 02:46:08,2018-03-13 13:17:00,2018-03-14 00:00:00
83d78ffd61cb34b5f854656ddc143e9b,15c880e1f17fc30eeba82fa03a5446f7,delivered,2018-02-23 09:34:01,2018-02-23 09:49:20,2018-02-28 21:33:32,2018-03-07 19:33:34,2018-03-16 00:00:00
08bdb086a562d4a730e238d0ba09be26,2645421a41e015b1818b76759bf2c49a,delivered,2018-02-08 07:57:06,2018-02-08 08:10:24,2018-02-09 23:33:46,2018-02-26 17:42:06,2018-03-06 00:00:00
7226f4ceb664d56167de4b60aaecc01a,41d70a2081e8c114ff1b6a2e2af57737,delivered,2018-01-07 11:57:58,2018-01-07 12:08:24,2018-01-09 17:53:06,2018-01-12 22:28:44,2018-01-31 00:00:00
f779310b7f128b2b1eebc444c867c5cb,1ad85378f72ecb62694df328c7ebca32,delivered,2018-01-22 10:40:57,2018-01-22 14:16:51,2018-01-24 19:58:50,2018-01-31 13:53:03,2018-02-06 00:00:00
c39d785e16b7798f5c2654780d533ce1,e2247c693e819a841afbb62a59106ba2,delivered,2018-02-24 11:06:11,2018-02-24 11:28:18,2018-03-01 20:59:42,2018-03-19 18:51:38,2018-03-27 00:00:00
44bce00bb8a4926420b68edb36e04fbb,ee79b02b37e930b7428b9b799b75d08c,delivered,2018-02-03 20:56:57,2018-02-03 21:10:40,2018-02-06 17:19:05,2018-02-26 17:43:35,2018-03-07 00:00:00
37e3f45ce799c1dcf6c173ed83e1cf7a,09ee0d14edaef21ad79e2b2f4b348b84,delivered,2018-02-25 13:57:23,2018-02-25 14:40:20,2018-02-28 15:45:13,2018-03-23 20:55:34,2018-03-28 00:00:00
6952ede229b1cee2808b13094179d822,7da01fba9e505fb5caf8b5bf296eb37c,delivered,2018-01-23 13:11:46,2018-01-23 13:37:35,2018-01-24 23:32:44,2018-01-26 18:09:57,2018-02-20 00:00:00
46dd6a6cd45a2a99868c3daccd9cb301,fac97242b677d1afdc9a454cdc2b5fe3,delivered,2018-01-14 09:02:48,2018-01-14 09:11:23,2018-01-16 00:22:07,2018-01-22 13:56:22,2018-02-05 00:00:00
29779056b8e8e8dc45effacaef7b8470,5a77f583f8b2edc307192e24ade6d702,delivered,2018-01-22 15:57:21,2018-01-22 16:18:14,2018-01-24 15:46:47,2018-02-08 14:43:55,2018-02-19 00:00:00
a55bc0ec4a744ea57652f24a183894dd,2abce617f1be14e5f789fc9c2f5c91d1,delivered,2018-02-28 19:25:17,2018-02-28 19:36:03,2018-03-01 20:37:07,2018-03-10 18:03:01,2018-03-20 00:00:00
6fecd5746cec8c5a214bad4a6e67d7e3,bdfc581c6ca7a2509683078b94cb6877,delivered,2018-01-14 00:17:09,2018-01-14 00:29:32,2018-01-18 23:19:08,2018-01-30 14:08:27,2018-02-07 00:00:00
362c615940e6d0069585388110f8bab1,15e25ffe745b83f124ec4d08b0af3667,delivered,2018-02-20 08:10:17,2018-02-20 08:32:34,2018-02-21 12:39:21,2018-03-07 18:51:37,2018-03-16 00:00:00
c118358030a8414b5f5f8429c4f368e0,823e38236a5c348730fe1596ef359451,delivered,2018-02-05 23:01:46,2018-02-05 23:10:47,2018-02-09 20:14:48,2018-02-21 22:42:38,2018-03-02 00:00:00
3a221cd6b7d813e2b6cf57339f37a062,fb4d778f6b01565f209b561c9928747b,delivered,2018-02-05 20:19:14,2018-02-05 20:30:26,2018-02-06 18:55:01,2018-04-26 17:02:20,2018-03-08 00:00:00
a05fc37f43df506f00a32f1507e4d360,7a542429a51807452d689223d25878d2,shipped,2018-02-25 21:46:50,2018-02-27 05:30:54,2018-02-27 22:09:37,,2018-03-22 00:00:00
03ce210a1614bb5a5bd3f4e3296840a1,fe007b524829f7a174ea059a23bd0a32,delivered,2018-01-22 18:06:21,2018-01-22 18:16:51,2018-01-23 18:33:51,2018-01-26 18:49:56,2018-02-14 00:00:00
d4360753aff7fa8fe8a6e83c65179c00,2d057e75b32e4dbdfa0488bd9dbbc845,delivered,2018-01-17 17:37:24,2018-01-17 17:50:47,2018-01-19 21:52:22,2018-01-31 00:05:37,2018-02-14 00:00:00
066fbbe8fc3345df85f0f1dc2ad03bce,10c8d3fa3829e5079d8b67dc6d007098,delivered,2018-01-04 09:44:46,2018-01-04 09:54:31,2018-01-05 01:38:52,2018-01-30 13:52:21,2018-02-02 00:00:00
b0b2dcb55905f3403fcee05a780bc952,f736518cac254d51eb4082860aa0c4a4,delivered,2018-02-27 09:38:50,2018-03-01 02:49:06,2018-03-13 02:18:43,2018-03-14 20:03:06,2018-03-21 00:00:00
cb7911a7f5f016586dcdf66a52c1f096,036386bf476a9425bddf9639364e2907,shipped,2018-01-16 17:11:07,2018-01-16 17:32:45,2018-01-19 18:57:52,,2018-02-06 00:00:00
b25487d8a6e4f29c0775a2a7d3c81610,6f897ed6fca03155c2447055f9b02183,delivered,2018-01-04 10:56:01,2018-01-04 11:09:10,2018-01-04 20:54:40,2018-01-08 19:19:50,2018-02-05 00:00:00
88d9499b5882f39b760f29c92acd6f2f,1e2484fadfefda5f6e9cdbc78b909fc2,delivered,2018-02-08 00:28:22,2018-02-08 01:09:42,2018-02-09 17:33:37,2018-02-19 16:46:00,2018-03-13 00:00:00
7c689ae40b6502d8b9f54441709cbe76,03763b8972b5dc67dd9adbafa0256e16,delivered,2018-01-28 19:34:50,2018-01-28 19:59:13,2018-01-30 19:58:26,2018-02-06 16:13:02,2018-02-26 00:00:00
e4716dbd1591288ba2bb3def7ff36503,7c6c03e06257a7db4411272575ccdf1a,delivered,2018-02-27 12:45:13,2018-02-27 13:09:31,2018-03-02 16:46:56,2018-04-02 16:34:51,2018-03-28 00:00:00
0b252b879dbab76b4730df79aeb1778f,735fea8fd580c255c79ad1572ad02a11,delivered,2018-02-11 21:29:50,2018-02-11 21:48:40,2018-02-15 19:13:20,2018-03-17 16:54:21,2018-03-08 00:00:00
29449197055445f2fc9d9f08777b676d,8d5835c2acf4c6a7e16dc7f1ae375229,delivered,2018-01-20 07:56:02,2018-01-20 09:15:52,2018-01-24 20:55:39,2018-02-06 13:08:55,2018-02-15 00:00:00
98432d028db538f876f9236a038d7c02,81de0f49e5ce04655d8ea24b3239cc80,delivered,2018-01-02 12:39:20,2018-01-02 12:49:00,2018-01-03 21:43:15,2018-01-29 19:13:24,2018-02-14 00:00:00
445d0c0872352cc8c31b797c707f4c47,6e316412bd0f394423556d697fbc6d16,delivered,2018-01-17 13:43:55,2018-01-17 13:52:25,2018-01-19 16:06:44,2018-01-22 20:49:05,2018-02-01 00:00:00
38b74d37b6bb4886a9b460ef8d4ba2d7,aa85716e1df710e8779a526d83d034da,delivered,2018-01-18 09:02:48,2018-01-18 09:12:29,2018-01-19 03:05:30,2018-01-25 19:28:53,2018-02-08 00:00:00
679ab8260055fda03783723687a8fd35,42157fc13fbc7530fc640b8d44b5a299,delivered,2018-02-19 17:05:26,2018-02-19 18:10:27,2018-02-20 19:19:20,2018-03-05 23:52:32,2018-03-21 00:00:00
016a938f2b34aa5ef05027fc83f5b81b,ba7cb70dd18aadd6f7f72c60d08df953,delivered,2018-01-23 21:47:21,2018-01-23 21:59:51,2018-01-24 18:09:25,2018-01-30 14:28:48,2018-02-16 00:00:00
a4053182813e7c27c89a787f74361603,39fc11c8d5b35f317879b697e7d9dcfa,delivered,2018-02-05 12:39:49,2018-02-06 04:32:27,2018-02-06 19:23:05,2018-03-02 18:42:36,2018-03-09 00:00:00
d58887281a80d1e9b471be2d2f0bc774,1946495189477ff31bbf21d70348e4ad,delivered,2018-02-12 21:24:45,2018-02-12 21:47:44,2018-02-14 18:42:26,2018-02-23 17:08:57,2018-03-14 00:00:00
b547e3cf7b2399609a4ed02ad7e87f4d,400bc21969aac1afe794618f567dbc57,delivered,2018-02-25 15:26:17,2018-02-26 15:29:56,2018-02-27 15:34:17,2018-03-16 22:58:51,2018-03-26 00:00:00
efe0a893fd1a63d77d3b5c4065dec733,a3a93a68bc9e3f8707370b7a8e1ae2d1,delivered,2018-01-23 15:47:14,2018-01-25 02:38:26,2018-01-26 14:22:06,2018-01-29 18:51:58,2018-02-07 00:00:00
ffb6e31ed469d2c780df6b9bb2264a30,237ffbbf597b3f69a3946b4de6864da4,delivered,2018-02-03 22:57:58,2018-02-03 23:09:58,2018-02-07 20:04:02,2018-02-14 23:28:35,2018-03-01 00:00:00
ee0305b16d7043689de7f3b4dd342093,ba43287dfe6db92bb0d2619bdffa26ef,delivered,2018-02-02 08:23:42,2018-02-02 08:35:29,2018-02-05 10:37:36,2018-02-06 15:56:58,2018-02-20 00:00:00
06cd82bdf375dc9782609dad1a1d1d0b,add27410b616fcff8fbdc616ec5397ce,delivered,2018-02-21 14:42:21,2018-02-21 14:55:28,2018-02-22 23:15:18,2018-02-26 22:21:44,2018-03-14 00:00:00
48f680279ad00e30a9d82f4faa85b992,d5953c17ff6eb3e890cc06072c6894e2,delivered,2018-02-28 14:50:01,2018-02-28 15:11:34,2018-03-07 02:14:29,2018-03-13 20:14:33,2018-03-20 00:00:00
254ef6ca0da659f3476797affc235f8b,a29750fc57b582d74809fa3bd86d5f5e,delivered,2018-02-03 13:55:32,2018-02-03 14:10:42,2018-02-06 14:33:25,2018-02-24 00:11:57,2018-03-06 00:00:00
7e47c4ea5c29d23c9dee60dbd8474476,c18093a5e2d5339f3b49bf1c7c68ad77,delivered,2018-02-21 11:49:05,2018-02-21 12:10:34,2018-02-22 16:03:47,2018-03-07 21:33:47,2018-03-22 00:00:00
701a4ca3334d676567d4e5016a02cac7,fc65dbc709777157c273bdd7057565d0,delivered,2018-02-07 22:36:19,2018-02-07 22:50:29,2018-02-09 20:12:17,2018-03-02 17:14:45,2018-03-09 00:00:00
3eb107cde8cec14d216034ea9fad2866,05973f8c1b234868c8c1397d05d979e8,delivered,2018-01-14 20:06:35,2018-01-14 20:18:21,2018-01-17 19:19:07,2018-01-29 16:46:59,2018-02-05 00:00:00
e9f308c243d53135de5a481bf3a9cb86,c5278def2d7c1e27ac0a75b3c7ee783d,unavailable,2018-02-10 11:14:30,2018-02-11 11:10:23,,,2018-02-26 00:00:00
ebea8104943b8d26ee8aa3dd8f705241,a239350b8a8912cefcf04b590811cee2,delivered,2018-01-21 00:14:18,2018-01-22 00:54:15,2018-01-24 01:27:39,2018-01-25 20:32:59,2018-02-08 00:00:00
575ca88a26f8e32bb7691d172640bbb6,d73698c8fc11e06d4e414969c84a7d3f,delivered,2018-01-10 12:01:27,2018-01-11 11:52:23,2018-01-12 22:00:11,2018-02-09 00:09:00,2018-02-14 00:00:00
59e5317d09cbdc3fb1a09620de067934,e63682ea45e4d2188c4678eb0d4660b5,delivered,2018-02-02 08:59:00,2018-02-03 02:53:06,2018-02-05 22:19:40,2018-02-20 23:38:52,2018-03-12 00:00:00
161b62294734a5b8c35890b6a607c7d8,2d5b2e10598f23bee8a27fd92f570209,delivered,2018-01-11 13:27:24,2018-01-11 13:39:26,2018-01-15 23:08:35,2018-01-19 16:08:58,2018-02-05 00:00:00
e47a8c70f93fbf49317a66dffd051012,22da43024cf241d4197fd0880123fcd8,delivered,2018-01-18 16:14:01,2018-01-18 17:07:28,2018-01-19 17:48:36,2018-01-24 22:56:46,2018-02-08 00:00:00
c66488780f43562cfae644d046d1864b,21a2204a699b3d942101979dfcde14fd,delivered,2018-01-25 12:57:51,2018-01-26 03:16:45,2018-01-30 23:41:40,2018-02-03 14:38:30,2018-02-09 00:00:00
60f46ff1481bcfaf8a78259b1827c1d9,2065f40097e32c0d6379d392f5fba96f,delivered,2018-02-22 13:40:17,2018-02-22 13:55:26,2018-02-28 19:27:47,2018-03-12 23:16:33,2018-03-21 00:00:00
f4a9a8dac06f384b1b71b01d433a1a5b,69c28b2b49b4b0b3beba4e396cee5551,delivered,2018-02-19 10:13:31,2018-02-19 10:27:42,2018-02-22 18:46:55,2018-03-29 12:58:43,2018-03-16 00:00:00
d37d89dd6d36e423ff7296dc9482c53e,67a28655b804d6a418964f3dd4e214bc,delivered,2018-01-23 18:47:39,2018-01-23 18:58:25,2018-01-31 17:19:04,2018-02-20 17:28:05,2018-02-19 00:00:00
4e93b736e8d687bca088c6ee496437e8,6fd81d719e3abeebb466aabde5dbeb2a,delivered,2018-02-17 12:23:22,2018-02-17 12:35:34,2018-02-19 23:12:11,2018-03-03 11:52:29,2018-03-20 00:00:00
eadacd4909367cdc58880cf410cb7c4c,a765d1107969e6412dc25b6529dbf582,delivered,2018-01-17 23:59:58,2018-01-18 00:51:35,2018-01-19 23:33:21,2018-02-06 23:13:29,2018-02-15 00:00:00
bbbe6dced4d4ad3203023fe16c34e956,3c1635fcaa6b3776246c04523975443f,delivered,2018-01-18 14:09:46,2018-01-19 02:37:29,2018-01-19 22:13:43,2018-01-23 01:42:53,2018-02-02 00:00:00
a9de9da3261a82140a4a82b5fb13494f,76b188ee21a094e29876c446938dc0a6,delivered,2018-02-15 10:59:46,2018-02-15 11:10:26,2018-02-16 00:06:51,2018-02-19 17:54:56,2018-03-05 00:00:00
7889ce550f16a1fe103ffcf2a4a537c2,28d5ddbe17cf2c62357a3e08db9d6c47,delivered,2018-02-22 15:03:09,2018-02-22 15:30:40,2018-02-28 18:48:45,2018-03-08 01:09:19,2018-03-14 00:00:00
c0e51d78b3b0a4b699f7ff3f09826524,114018f425b37ae57838892eb20437aa,delivered,2018-02-22 12:48:04,2018-02-22 13:08:02,2018-02-24 18:06:41,2018-03-02 19:07:17,2018-03-15 00:00:00
ba21298fdb05dad91b7b31f4b3b17364,fe25a8b8eb9ca365ba5b01f39f7d0d00,delivered,2018-02-14 14:20:19,2018-02-16 08:20:24,2018-02-20 23:07:46,2018-02-28 15:42:37,2018-03-19 00:00:00
43439c4b45b39d5a7d27a31d6cebe43c,8bac5a019b1653cad759a1e8b64e580b,delivered,2018-01-06 16:26:49,2018-01-09 07:16:45,2018-01-10 15:24:51,2018-01-26 21:55:07,2018-02-08 00:00:00
cc78407c0a27d3450010482ad091d498,5813c68e0a19eb71c5a0c79d644e1b5a,delivered,2018-01-20 14:48:55,2018-01-20 15:01:33,2018-01-22 17:09:38,2018-01-30 14:36:54,2018-02-22 00:00:00
54c60b5e55b7cfa229a34e7ef63ddb96,6e18192d5c8f68aa7318bf300a0cac8b,delivered,2018-01-10 18:40:29,2018-01-10 18:51:31,2018-01-15 17:07:47,2018-01-29 21:38:46,2018-02-15 00:00:00
5e5fed142a552be6d6f1e04a800446d6,767e7728e2f0597fadd6651fae991b42,delivered,2018-02-10 00:23:51,2018-02-15 04:11:48,2018-02-21 20:27:09,2018-03-16 21:48:37,2018-03-12 00:00:00
0a3181424fe55b41f1f0d53150c6523f,44605cd64e453a25d31eb0dc3fc43246,delivered,2018-01-04 15:41:48,2018-01-04 15:51:24,2018-01-05 11:56:36,2018-01-10 21:17:25,2018-01-29 00:00:00
c760cdc6e5179c774d347aced5107555,c1eb5dc27f311b18d0114fad99dc91dc,delivered,2018-02-26 13:13:08,2018-02-26 13:29:55,2018-02-28 01:04:26,2018-04-03 21:22:03,2018-03-26 00:00:00
7e70cd9bcce25088247e249026c96fa5,ed35271185aa3ecf2e421970e47e473f,delivered,2018-02-03 18:34:16,2018-02-04 00:09:41,2018-02-05 22:27:43,2018-02-17 13:08:13,2018-03-01 00:00:00
6c5139dc6f51884e3aef7c8359d820c5,906d4c33b92be4db50b50c3c43964795,delivered,2018-02-27 13:00:35,2018-02-27 13:15:21,2018-03-01 21:40:31,2018-04-06 00:16:44,2018-03-22 00:00:00
73b1e5c9d05c96ee6d19a6bf2f79e2d0,814fe5f156da3ce3123ead086048e852,delivered,2018-02-12 14:11:29,2018-02-12 14:27:37,2018-02-14 20:22:12,2018-03-05 18:08:51,2018-03-06 00:00:00
868368a37fa61f7147c73d271f0f7d81,c0f69e5b64bd59d051167278a16b1362,delivered,2018-01-11 19:54:27,2018-01-11 20:07:28,2018-01-15 17:59:20,2018-01-27 14:25:09,2018-02-06 00:00:00
6fe0da0adf3efb1bdf8b3423379928b1,52d65bbe0f3fd71c8bf08f3f38e498c5,delivered,2018-02-17 23:18:19,2018-02-18 00:26:41,2018-02-21 19:26:53,2018-02-26 20:29:56,2018-03-14 00:00:00
e5d5cc62d5d1e1a4e31d7e581247de3d,c7f43a392f5fe1f7d34dfa8a57cd4e92,delivered,2018-02-27 22:33:03,2018-02-28 22:30:23,2018-03-02 00:03:42,2018-03-23 18:14:44,2018-03-19 00:00:00
18ed848509774f56cc8c1c0a1903ad7f,8f89d962f49f0d7a6d354a4ef3d099c2,delivered,2018-02-05 13:13:28,2018-02-05 13:30:39,2018-02-06 21:43:26,2018-02-20 01:15:50,2018-03-07 00:00:00
563d79c663703464db20c1c8d6b49b44,db4960afd6e782cffbc6e57b5f8f7624,delivered,2018-02-05 14:26:37,2018-02-05 15:55:35,2018-02-07 20:33:13,2018-03-14 19:21:56,2018-03-06 00:00:00
7621cc2a775c5028fffdf0727940d435,5396d78e1b3653707e4818ffb0bdbbae,delivered,2018-02-01 11:48:02,2018-02-02 19:50:21,2018-02-06 22:46:31,2018-02-17 00:25:39,2018-02-26 00:00:00
1a7f6ae87826fbacf57f362f73549869,45031d4ebf49057a0e8cbc4a771e16da,delivered,2018-02-19 12:39:37,2018-02-19 12:50:33,2018-02-19 22:38:01,2018-02-27 01:25:08,2018-03-12 00:00:00
115778b69ef3f8bece387ae594bcecba,cecc7f9a9384f6df323bef4be5f761a5,delivered,2018-02-17 11:00:31,2018-02-17 11:10:58,2018-02-19 20:49:10,2018-03-02 17:04:27,2018-03-09 00:00:00
81f0dd14eee4b51169dae95b267a199f,e453eba6874ae7976a4eb1eca4afd14a,delivered,2018-02-20 23:26:58,2018-02-20 23:47:26,2018-02-21 20:06:32,2018-03-02 22:23:33,2018-03-12 00:00:00
1c485e0055f428b859596cd4fc454aca,87ed80c76e0cb513456b7429a879e44a,delivered,2018-02-04 15:51:56,2018-02-04 16:09:39,2018-02-06 22:28:58,2018-02-28 21:37:14,2018-03-14 00:00:00
fd40274bdf68e12214590fec7fa3cb2b,18f912a4801eb7e8c09165bb4006bce9,delivered,2018-01-14 16:54:23,2018-01-16 03:35:47,2018-01-16 19:51:14,2018-01-29 21:53:01,2018-02-09 00:00:00
459be7860aaac045ee0b2f5a1fb8489e,a807a66ad2325ee7f76132fefb05ca95,delivered,2018-01-06 11:46:43,2018-01-06 11:57:52,2018-01-13 00:26:45,2018-01-19 15:24:21,2018-02-01 00:00:00
2a35c909f171e94c4f8202dcc146f411,3bcb76a5de2acce5b211750a30bfbbf0,delivered,2018-01-15 01:41:42,2018-01-15 01:49:41,2018-01-15 17:18:07,2018-01-29 22:42:14,2018-02-14 00:00:00
b538efecd9ba6d45acff500110ce1e45,11ae37bb6bd5f1ea30139e17be47a5ca,delivered,2018-01-24 21:03:02,2018-01-24 21:18:20,2018-01-26 17:11:58,2018-02-06 22:56:43,2018-02-20 00:00:00
89de67358b10a57af46bfa348e4f5ec9,e5df8e6b6b461889d592f9c6cf406e87,delivered,2018-02-03 18:28:29,2018-02-06 05:31:50,2018-02-07 22:44:49,2018-02-27 14:12:32,2018-03-06 00:00:00
fd33ba57c9de6097c36bb005351c1168,720d86a24892277b6987d83426aa5d91,delivered,2018-02-27 16:20:42,2018-02-27 16:35:30,2018-03-03 02:17:31,2018-03-16 00:58:39,2018-03-27 00:00:00
deefddf2c3d015db84f7769915719aae,cdb73227ac752016ce1964a9a6a4fa1b,delivered,2018-01-30 08:44:46,2018-01-31 13:31:31,2018-02-02 17:19:15,2018-02-06 00:42:02,2018-02-22 00:00:00
c0c339f8d69784a8cb6b51f9aa9f85d2,ffbd6fd1ff815c8392bb0f6e2fdeef75,delivered,2018-01-05 10:01:43,2018-01-05 10:31:48,2018-01-05 20:03:33,2018-01-19 16:15:15,2018-02-02 00:00:00
104b8d0ca41aec23f0847323c4cb8177,4654d165d5c3a8e7c52566a5ec9f8994,delivered,2018-02-05 19:51:29,2018-02-05 20:10:49,2018-02-06 19:16:56,2018-02-26 17:09:16,2018-03-13 00:00:00
defa53bfb8de9da3857ed69277b54d10,7b35de71a17b54fcc4c346901b06e7f9,delivered,2018-02-05 18:10:36,2018-02-05 18:30:04,2018-02-06 17:08:59,2018-03-03 16:51:39,2018-02-21 00:00:00
b84c178bc4308555f74ed9cdf3a38193,22a1be4f281a33941e88bc790cfb60a6,delivered,2018-01-25 11:03:37,2018-01-25 11:12:33,2018-01-29 19:24:48,2018-02-07 18:36:54,2018-02-22 00:00:00
e117f2d33b09b76b46edadbd2ca908a7,df97921197ef7add5cf3d5059b7f1160,delivered,2018-02-18 19:21:35,2018-02-18 20:27:07,2018-02-20 19:33:33,2018-03-24 16:21:15,2018-03-09 00:00:00
0340d758cc0da066316cbc55fb7f7596,4ccb9f83aedb33faa7a13cc3ba34a56e,delivered,2018-02-20 08:48:01,2018-02-20 12:40:31,2018-02-26 19:10:14,2018-03-16 20:22:00,2018-03-16 00:00:00
418f645ce19284efcb0faacc40f563b2,c3bd08b9de353291de99167ad7a3b7b7,delivered,2018-01-04 07:58:22,2018-01-04 09:03:28,2018-01-05 12:30:09,2018-01-16 17:33:23,2018-02-02 00:00:00
0f02ea56e4c9e7d30adb19a0c3e07b02,010099752e4ca60e61c8a4a669ea9fe5,delivered,2018-02-28 23:42:55,2018-03-02 02:15:27,2018-03-06 21:45:35,2018-03-14 00:58:46,2018-03-19 00:00:00
117e77b39bc8cd4a2dadfe1ea8948d56,59b3e9c1cf55ab08fd621dde64de9144,delivered,2018-02-28 23:01:08,2018-03-01 22:55:35,2018-03-02 22:48:56,2018-03-09 20:06:26,2018-03-21 00:00:00
241a5c06b9d7d5cdc9df0d2157f5be9e,9603268837cee8403f0ab1cd6cb39c7d,delivered,2018-01-10 10:24:07,2018-01-10 10:35:32,2018-01-11 18:49:24,2018-01-15 16:18:53,2018-01-24 00:00:00
45946efb64c679365ecd3938a0771220,a283b1e74d1373d37133117c9f940225,delivered,2018-02-28 14:55:03,2018-02-28 15:12:06,2018-03-05 20:17:11,2018-03-28 23:15:35,2018-03-21 00:00:00
66810815fe0a68f5501d8cbe1472779d,c7ec40da7b433a48b43ed2c2db0101e8,delivered,2018-01-12 23:31:09,2018-01-13 00:31:22,2018-01-15 23:19:11,2018-01-26 23:46:36,2018-02-07 00:00:00
76ddefaaca25b27022eb9c68205583e3,2640d4ae56b6b352fa74a9acfddf0708,delivered,2018-02-26 12:24:02,2018-02-26 12:50:04,2018-02-27 16:17:08,2018-03-02 19:47:39,2018-03-16 00:00:00
d75c3e13ca11e2e4e4a534f5533adba8,5592cab4ee97450814ad8a0a6bcc79d2,delivered,2018-02-01 13:59:49,2018-02-01 14:15:13,2018-02-02 16:27:13,2018-02-15 15:45:05,2018-02-23 00:00:00
d360565f32ca36990e4d6e839e10877d,eb0dde4cb41710623edb1e57ebad58ad,delivered,2018-01-03 09:15:42,2018-01-04 05:14:08,2018-01-06 00:52:55,2018-01-16 17:14:45,2018-01-30 00:00:00
6fac3b0946f1bea16dc2cd1cb032aa92,7db355df99a56ad307464851d9f45e23,delivered,2018-01-17 09:09:28,2018-01-17 09:30:52,2018-01-17 17:49:04,2018-01-31 11:33:14,2018-02-21 00:00:00
cf3b05f002f2f6318d2b1dada8adec0f,7e523686247f53e8128305d50fc95586,delivered,2018-01-03 18:13:50,2018-01-03 18:27:08,2018-01-05 20:07:22,2018-01-30 23:19:34,2018-01-31 00:00:00
67140d21efc3fbf8dbf3cdc8f2aaf005,33c05f040b3bb6708e7693876eedbabb,delivered,2018-01-31 11:57:33,2018-01-31 13:52:06,2018-02-02 23:51:59,2018-02-14 22:28:51,2018-03-08 00:00:00
32dad65c7c23a695894f80922d9299ec,da4668d04be436501614b38d36f72375,delivered,2018-02-28 15:52:24,2018-03-01 02:49:01,2018-03-01 15:27:00,2018-03-13 20:52:35,2018-03-22 00:00:00
2c8ad966b56668262728f44fbe18c4f5,1deefde8db592ffd43422b02906baba6,delivered,2018-01-29 10:42:17,2018-01-29 10:54:34,2018-01-31 22:47:05,2018-02-09 22:51:17,2018-03-02 00:00:00
da876db1c81523a33b4c05cd13a3959e,171780ee1fc2d18be297d242b02dec5c,delivered,2018-02-22 22:49:27,2018-02-22 23:07:41,2018-02-23 22:59:34,2018-03-15 18:49:39,2018-03-21 00:00:00
a71b12ee1bc3ee0058ae29618baacf02,4901e8cb3a6e8b2c044f18c699b00282,delivered,2018-02-13 14:35:43,2018-02-13 15:08:13,2018-02-19 20:13:50,2018-02-23 00:05:22,2018-03-14 00:00:00
9a8df1603191fe8fa15788692de6f4c3,b723c6719289f4eec0e10d6955c475b5,delivered,2018-01-19 13:37:52,2018-01-19 13:53:56,2018-01-23 22:19:05,2018-01-30 17:32:48,2018-02-16 00:00:00
38f1e6ca3a0de904e7597fd07ad95b6f,8a6a93709181815296f18ea59233a3b0,delivered,2018-02-10 19:35:02,2018-02-10 19:50:28,2018-02-14 16:05:13,2018-02-17 21:35:46,2018-02-26 00:00:00
7afae2eaa778fded3e2b0af2256d0f7f,26d867bd2cae0c9840ab2e5d537d70bf,delivered,2018-01-24 11:52:36,2018-01-24 15:16:05,2018-01-29 20:04:31,2018-02-16 14:42:18,2018-02-21 00:00:00
14471044e634ad522425a0ba352ad19f,c318897d9597487310dfdbbcf0d2cdb4,delivered,2018-01-11 15:53:20,2018-01-12 02:37:31,2018-01-12 20:46:39,2018-01-23 21:49:17,2018-02-09 00:00:00
64436f4f8512c1b4391df3458e082b94,52ec5e0b9791f0d941ec15a8b2e7f3aa,delivered,2018-01-06 21:45:19,2018-01-09 07:17:40,2018-01-09 14:29:15,2018-01-22 21:08:58,2018-02-16 00:00:00
dac16a931a09274638e939d74d5a9097,5efe3366bf17528c3b0e5afea2e33809,delivered,2018-01-25 23:10:29,2018-01-25 23:18:28,2018-01-29 20:04:20,2018-02-01 00:56:33,2018-02-09 00:00:00
a3d4051a7f847866e86aa7e6a7427898,2144d50aff3ee4a90c2a037d1de4cb93,delivered,2018-01-23 18:13:41,2018-01-23 18:38:40,2018-01-26 15:22:31,2018-02-06 20:55:02,2018-02-15 00:00:00
51712e0d3d1de647e512d95dccbe5a93,1fe167b007e7b6080ef8116d0f35cb3e,delivered,2018-01-31 22:30:30,2018-01-31 22:49:04,2018-02-02 17:09:08,2018-02-14 19:13:18,2018-02-22 00:00:00
fe451ba1809fbc234c68216803496d39,b809f3ddc7909525d24c851b9582cb47,delivered,2018-01-08 23:26:52,2018-01-08 23:36:21,2018-01-16 01:19:41,2018-02-06 19:39:49,2018-02-14 00:00:00
d51cbac21a49941976292ba004bf4165,59f12035213d81f852b68da15b39aff4,delivered,2018-01-16 11:56:07,2018-01-16 12:16:43,2018-01-17 16:51:59,2018-01-25 22:14:10,2018-02-06 00:00:00
3759e2750eb1111d87517dd11b08814b,ce42c2a8eb29fe09070c07bd46a22704,delivered,2018-01-10 13:40:14,2018-01-10 13:48:34,2018-01-15 19:46:38,2018-01-16 16:07:40,2018-01-31 00:00:00
eb2eaefa4195b7025954852dd88844a1,401f727dfc877a589db90428d30a7a34,delivered,2018-02-06 17:06:54,2018-02-06 17:32:27,2018-02-07 18:35:27,2018-02-15 15:03:45,2018-03-02 00:00:00
d83ed20d296bdd288f45b29843643bc9,095d50f9052522bfd261ae0a5725abab,delivered,2018-02-26 11:12:17,2018-02-26 11:31:18,2018-03-12 21:27:36,2018-03-27 15:48:50,2018-03-21 00:00:00
000e562887b1f2006d75e0be9558292e,2b01d668726fb0b751c55918c0437b7b,delivered,2018-02-22 11:54:42,2018-02-22 12:08:37,2018-02-26 14:18:32,2018-03-12 18:46:34,2018-03-19 00:00:00
554cbf18e8119324dbc359cfdc4c434f,dcf7e8c2e4b16543475bb55a8c6bee05,delivered,2018-02-10 14:40:28,2018-02-10 14:55:29,2018-02-14 20:04:48,2018-02-24 02:11:35,2018-02-26 00:00:00
94fc0c5ebf3d2669b2653019706ce767,5702c879ce77d1784d24fd834beb8f44,delivered,2018-01-07 12:39:20,2018-01-07 12:47:41,2018-01-08 16:30:08,2018-01-15 20:46:42,2018-02-07 00:00:00
424eeeaff348acfc04a2d06b6500cd5b,ea66b3c00214b4c4db52efe534708357,delivered,2018-02-24 23:27:07,2018-02-25 00:35:24,2018-02-28 23:44:28,2018-03-07 21:05:14,2018-03-21 00:00:00
66928c6639754457c6c6ed61e416c773,5dd5fa8e1c712807e4783c7ee49ef115,delivered,2018-02-05 19:47:38,2018-02-06 20:31:22,2018-02-07 17:29:28,2018-02-08 15:43:09,2018-02-21 00:00:00
3d996bbec62b68df7d6b45c2f04ff1d7,4a2b17a3baacbb0006395fff389d4738,delivered,2018-01-17 13:53:25,2018-01-17 14:10:30,2018-01-18 22:46:45,2018-01-26 14:22:03,2018-02-07 00:00:00
57ffea3f7ad916af235cdde3811edb6f,3612f0bb7c0079715d6202d9a84cbcfd,delivered,2018-01-03 14:26:16,2018-01-05 09:57:23,2018-01-05 22:24:52,2018-01-15 16:12:28,2018-01-29 00:00:00
5f56bb9578e8e67b832dec24bf5e0a59,5db494fdc1bee2108a9df63d580d304b,delivered,2018-02-27 20:48:54,2018-02-27 20:56:00,2018-03-02 12:38:34,2018-03-14 17:12:19,2018-03-23 00:00:00
4c6151d7e5a304ab49f1ef2d76d8a30f,5518e8c318dc100b490ab78cfd249c71,delivered,2018-01-15 11:25:31,2018-01-16 03:50:57,2018-01-17 22:28:42,2018-01-26 11:13:22,2018-02-07 00:00:00
41c4b2ff8d7a24e95064ba2b122ec86a,f64b0019808be5fc86ed8d413d33ea3b,delivered,2018-02-12 00:46:37,2018-02-12 01:20:51,2018-02-14 20:33:24,2018-02-22 23:34:00,2018-03-13 00:00:00
ada1a38681627159c9618c5c7f047885,abb4e48f24fff1c4bed414e1a4dd8bf0,delivered,2018-02-08 16:56:03,2018-02-08 17:40:24,2018-02-10 17:12:00,2018-03-07 21:54:52,2018-03-19 00:00:00
8d93dbb3a2a6122ad6f94cf0d35d0616,9cec617fc8c3c3bce39b8133c29efad9,delivered,2018-01-18 19:30:05,2018-01-20 09:09:11,2018-01-23 17:18:48,2018-02-04 19:12:33,2018-02-20 00:00:00
49b95140e13dd1a0bb7e43807433a026,31b52d74e05f45d15820344d0a11268f,delivered,2018-01-01 20:04:12,2018-01-01 20:31:46,2018-01-05 18:55:18,2018-01-23 23:09:26,2018-02-06 00:00:00
cc85b0be56a5a15d2146816d54ee0eff,6f1393f12f1db16beb9ffde24d6018b2,delivered,2018-01-15 20:09:27,2018-01-17 03:38:42,2018-01-17 17:22:31,2018-01-30 22:28:55,2018-02-07 00:00:00
416f576fa91c3f4b9ea65b01c99928af,10806c478c2feed9f7e1638f26ac5de0,delivered,2018-02-05 13:50:59,2018-02-05 14:10:43,2018-02-14 22:36:29,2018-02-19 23:35:18,2018-03-02 00:00:00
c5363cd801aaf46ea50c911244e7a655,8704bb1cb3065ad1c861067a59a523f6,delivered,2018-02-05 13:47:55,2018-02-06 04:32:15,2018-02-07 20:52:55,2018-02-21 01:42:13,2018-03-05 00:00:00
339b54eda2ad9b5d63a171c9aaae1ca1,725e7b5a0197563bb2bcde21bb2366ee,delivered,2018-02-19 19:46:22,2018-02-19 20:47:07,2018-02-22 23:28:19,2018-02-26 15:37:15,2018-03-05 00:00:00
059f6abcb045619604ec4af08b4b5456,945ec7d09d4a36769efbdae2d9be7f8a,delivered,2018-01-29 19:05:16,2018-01-29 19:31:46,2018-02-02 17:29:09,2018-02-17 14:22:47,2018-02-22 00:00:00
d8ef09348b56313fe0bed98e79378ea2,19c258f4f29f4a220bf753969d8e72de,delivered,2018-02-13 23:13:50,2018-02-15 04:11:23,2018-02-20 18:17:06,2018-03-14 18:41:43,2018-03-07 00:00:00
80ff8e4db69c66d000da0845f52408f5,054b63b8606d2faa194328b09033b53c,delivered,2018-02-04 20:53:03,2018-02-04 21:09:55,2018-02-05 18:56:35,2018-03-14 20:48:20,2018-03-06 00:00:00
64d142a53c93d55b6809d20d06dcd951,bfe91080846bf422f0f38f6f2ecdf1c8,delivered,2018-01-25 10:12:25,2018-01-25 10:32:11,2018-01-30 21:08:54,2018-01-31 19:09:36,2018-02-09 00:00:00
e4e95d2b1c7eb000eefef2efea68ef15,a8754f3407fc3cbce6b4ca5ccca4bd44,delivered,2018-02-05 00:50:06,2018-02-05 01:10:45,2018-02-06 22:58:18,2018-03-13 16:27:42,2018-03-06 00:00:00
1125c81efc6a16e16349a678434feac0,53031c006554e1e156ceada9024bba5b,delivered,2018-01-18 14:13:04,2018-01-19 02:37:54,2018-01-22 14:18:44,2018-02-05 18:38:54,2018-02-20 00:00:00
7b53b1cf65f789e7dd9e71e8129c31a5,cbfbc8f298774e3466e80306f6cee1a2,delivered,2018-01-27 12:08:57,2018-01-27 12:18:20,2018-01-30 14:26:09,2018-02-27 19:13:21,2018-02-20 00:00:00
23ed60a4ded86a966ca7f216147a3bec,2924d845c6ead1388824e85bb2fb10ee,delivered,2018-02-01 19:51:04,2018-02-02 11:55:32,2018-02-06 22:29:08,2018-02-20 00:25:32,2018-02-26 00:00:00
3ac745c240dae78ad2e1b9e191e92143,b3f3105461c1fbbfa2643be0e7ef3359,delivered,2018-01-18 15:08:15,2018-01-19 14:59:26,2018-01-23 01:25:07,2018-01-31 14:41:55,2018-02-14 00:00:00
9f5bd892aa4c461b116e5c163f16b40a,92baa75758b3a5fa0c403aa0b44e76c0,delivered,2018-02-20 21:00:39,2018-02-20 21:15:43,2018-02-22 20:37:22,2018-03-16 10:38:40,2018-03-12 00:00:00
5bb2ac7aebe3947d94881867c1bb4056,f7092f992a8e74e9599d32afb7aa2e06,delivered,2018-02-06 10:25:21,2018-02-08 07:35:40,2018-02-14 10:56:56,2018-03-01 17:22:33,2018-03-12 00:00:00
9ba5b74f4d7d84f76cfb1644b6eee3a9,fe5f081eb56748482abe3a5f13f7fc43,delivered,2018-02-26 12:51:04,2018-02-26 13:10:44,2018-02-27 19:48:48,2018-03-22 20:56:46,2018-03-22 00:00:00
28f746eeb91e247397a0eb18834a45a0,306a585046357d7895a655e98bce758b,shipped,2018-01-06 19:56:07,2018-01-06 20:07:19,2018-01-08 17:33:20,,2018-02-07 00:00:00
201110a18965fc0d621ebf10a2a69288,daeac7c683a60e1e0eabc8ba0df9d3a5,delivered,2018-02-14 13:16:13,2018-02-16 07:47:01,2018-02-16 19:28:32,2018-02-22 15:37:52,2018-03-12 00:00:00
c507700e9ada94e7c3c9870a9d74e5cb,8a385c960f811c8dc9dec7b70211c4cc,delivered,2018-01-28 19:49:15,2018-01-28 19:59:19,2018-01-31 22:25:06,2018-02-03 14:18:50,2018-02-14 00:00:00
c285661a8320d062c60574830bae4199,537b2215fad860dff368ec7bcf1dce65,delivered,2018-01-03 10:50:21,2018-01-03 10:58:21,2018-01-09 23:38:48,2018-01-22 23:28:27,2018-02-01 00:00:00
c2ddb96ac5a19ac184bc09cbd3c95522,c8ba8e335e38b67f23ff297491aca48f,delivered,2018-01-14 18:47:59,2018-01-14 19:09:18,2018-01-20 01:41:38,2018-01-29 23:09:39,2018-02-07 00:00:00
8a1971d2df1c5e6101ab0285700c7ebd,79e4f604f0dd8a921403af5d17c708e0,delivered,2018-01-02 13:11:53,2018-01-02 13:19:26,2018-01-17 20:09:09,2018-01-30 16:17:00,2018-02-08 00:00:00
4d34da0824213ee7962a5c5ed32b3f51,a428b29ed08b54ee2ba2c4f06f1a0172,delivered,2018-02-10 17:01:48,2018-02-10 18:00:23,2018-02-14 18:46:38,2018-02-19 10:33:05,2018-02-26 00:00:00
e5960ff1e95988c4839fb2aa27e6822a,f10199a6fa3ba52bd42a33c4ec2c0f7b,delivered,2018-02-17 01:23:28,2018-02-17 02:07:38,2018-02-19 23:16:48,2018-02-27 17:16:51,2018-03-14 00:00:00
419d6e22eba13162bab9a27445a72179,84ff7ba0c556e089f4d8e02d4215f20e,delivered,2018-01-20 20:52:02,2018-01-20 21:22:16,2018-01-22 19:04:20,2018-01-26 16:09:08,2018-02-16 00:00:00
2c326cc8b2ff60f30ceb556f4581d7a4,ed88480ce4b4e55c28bcde629cd237a9,delivered,2018-02-23 11:30:35,2018-02-24 11:30:26,2018-02-27 18:36:05,2018-03-13 23:22:11,2018-03-21 00:00:00
970f76b6787c1344e5cb37a50cfbf9ab,9f23c987df78ec6fc818779e59112676,delivered,2018-01-24 00:10:36,2018-01-24 00:34:49,2018-01-27 10:27:25,2018-01-30 22:36:31,2018-02-08 00:00:00
6596197a74edd396e3d34c53eff4ad6f,524d1030b6d659f0aa5e03f459a89b34,delivered,2018-02-07 20:18:57,2018-02-07 20:33:02,2018-02-09 16:44:31,2018-02-15 15:38:45,2018-03-05 00:00:00
56ba02ddcb5947d6fe4d7816e623e054,cf30e087aa47a8348ecf72af4a2c63eb,delivered,2018-02-07 12:08:41,2018-02-07 12:15:33,2018-02-09 17:09:30,2018-02-26 18:58:24,2018-03-07 00:00:00
4bdf67876c8033193a77066be8dad7db,48ce7d9bab9e6278fe04cdaa72f2cd16,delivered,2018-01-24 15:30:17,2018-01-24 15:58:11,2018-01-25 21:13:48,2018-02-02 18:41:48,2018-02-16 00:00:00
71ee60584962dede5dd9685e8bf397f0,b1a053d99f314f3641d2d09f356b5701,delivered,2018-01-26 20:17:07,2018-01-26 20:37:19,2018-01-29 13:29:48,2018-02-01 01:22:17,2018-02-14 00:00:00
d0920ccc909154ba04006679e5f1956a,54ee2a5ff183b34228a4ba44704d6a2a,delivered,2018-01-26 14:30:56,2018-01-27 10:16:16,2018-01-31 21:32:21,2018-02-14 23:40:00,2018-02-26 00:00:00
e2fcf0dc80d06ac324b2169b7c1c46dd,9e9d0af18268bef83a5996809d4b164e,delivered,2018-01-09 12:02:51,2018-01-09 12:15:19,2018-01-10 17:35:36,2018-01-24 23:18:38,2018-02-19 00:00:00
0e91b22f0f2f5a335e7501d69910848f,23696724436084b44582dc116c438a9c,delivered,2018-02-19 21:32:27,2018-02-21 06:05:32,2018-02-21 21:04:47,2018-03-01 23:42:18,2018-03-09 00:00:00
53172252fda6ac3410a2d093e143d2dd,08990861309c229653bd4f67b9c3d2d5,delivered,2018-02-01 11:34:52,2018-02-01 11:50:33,2018-02-01 21:31:36,2018-02-02 22:18:39,2018-02-19 00:00:00
bd7a1572f0c329c9fa884396b3ac374b,ac9c40f688756c1d28e5a60845487208,delivered,2018-01-01 15:27:17,2018-01-01 15:38:28,2018-01-02 22:27:48,2018-01-19 00:04:32,2018-01-29 00:00:00
f2b620afa1cd911f5bce90e1f9646760,29a1a69307bc6be09b16df522b56b397,shipped,2018-01-04 20:25:12,2018-01-04 20:32:29,2018-01-05 23:53:37,,2018-01-26 00:00:00
9f59e3048b31d71c3aeec67a15467426,dbb8e2fa66d48153c38fb4548c4166a9,delivered,2018-02-07 16:32:39,2018-02-07 16:49:38,2018-02-09 00:38:37,2018-02-19 23:12:12,2018-03-07 00:00:00
923739f2c3d4519a00bfcaaed30723d5,0f6c860f19e5aa6c03102b0b7d835e2f,delivered,2018-01-27 10:54:53,2018-01-27 11:16:02,2018-01-29 20:57:04,2018-02-07 21:09:05,2018-02-23 00:00:00
61e5353969ba519689f085a0379fccda,33548b5ff9b7ab73d389abe75ed2318a,delivered,2018-01-04 09:07:49,2018-01-04 09:19:30,2018-01-08 21:05:42,2018-01-31 20:58:04,2018-02-08 00:00:00
77702a20dfa8a419afbbd7214a87e7f6,35797e9184f5e25129a0c326e388a45a,delivered,2018-02-02 19:21:48,2018-02-02 20:04:07,2018-02-05 23:33:48,2018-02-24 13:27:14,2018-03-08 00:00:00
0fbcdf8a6cf235b555a916e0ade5ef07,2087b0fe8fca281f98a37e5423a9a659,delivered,2018-02-15 16:16:35,2018-02-16 07:50:53,2018-02-19 21:42:33,2018-02-21 15:13:25,2018-03-02 00:00:00
aeb280e267d4fcf5e2c8da2cbd0ef890,3183ae586c7ad93a3d009b21237b2996,delivered,2018-01-13 00:12:06,2018-01-13 00:55:31,2018-01-15 17:24:46,2018-01-23 17:52:35,2018-02-07 00:00:00
a584b2acfafd53fc605e76baa4a5cfaf,f114414231ebd557e92bf1cd7c4f94c8,shipped,2018-02-01 22:40:26,2018-02-02 16:00:42,2018-02-03 01:32:57,,2018-02-23 00:00:00
9de4ca7a2c92510bd3c8940e28e92bb9,b20bdc538695e93614d97f0aedbfac46,delivered,2018-02-23 08:26:30,2018-02-23 08:35:25,2018-02-23 23:25:07,2018-02-27 20:23:38,2018-03-09 00:00:00
1950d777989f6a877539f53795b4c3c3,1bccb206de9f0f25adc6871a1bcf77b2,canceled,2018-02-19 19:48:52,2018-02-19 20:56:05,2018-02-20 19:57:13,2018-03-21 22:03:51,2018-03-09 00:00:00
e567001ce77d68566b016e7929c11bfa,9cb13b3ed746886e379ad84688f99fc7,delivered,2018-01-09 21:21:07,2018-01-10 10:32:05,2018-01-13 00:09:33,2018-02-02 17:47:59,2018-02-06 00:00:00
d2e98c2b35f0e9173b4fce9cf61530d3,5cd826df2c649c71f38b667bd71cc95e,delivered,2018-02-05 16:29:24,2018-02-06 16:30:17,2018-02-07 19:52:33,2018-02-08 17:46:43,2018-02-21 00:00:00
5864c853e57402a64985156da5273233,d307d099d747f37ec262b7d886d422ad,delivered,2018-02-10 11:02:03,2018-02-10 11:10:24,2018-02-15 01:17:41,2018-02-23 15:56:55,2018-03-13 00:00:00
07f267d3cb28221009ef6852101d70c7,36d38da46c36b3d6e53020634e2be979,delivered,2018-01-26 11:38:23,2018-01-26 11:46:33,2018-01-27 16:46:59,2018-01-30 22:23:32,2018-02-09 00:00:00
f98f9045770394ee230d0feec0817fe1,d721c06ffc4de876976100c345ce24ad,delivered,2018-02-13 21:23:42,2018-02-14 09:55:23,2018-02-15 20:13:56,2018-02-16 11:19:09,2018-03-01 00:00:00
4259b9850303df4a05fb8b708405b75e,b168384955d47d20478b0a540d870068,delivered,2018-01-22 12:14:12,2018-01-22 14:19:11,2018-01-25 15:52:53,2018-01-31 21:32:32,2018-02-14 00:00:00
9489cf6af1217c413c18017749a398f8,c2591e2d32cd7bdb05a9474c594499ae,delivered,2018-01-23 11:51:03,2018-01-23 12:17:53,2018-01-24 17:15:42,2018-01-25 14:33:16,2018-02-07 00:00:00
0035e6b7ade84b3f5b86bd49814793df,3a0cc7c9af6abf8868dad5a1de4a16e1,delivered,2018-02-21 02:46:23,2018-02-21 07:10:40,2018-02-22 00:51:33,2018-02-26 16:49:02,2018-03-13 00:00:00
3d56cf18c16869e9c0d59c4460a0aa30,a3243fbd504be273ba8e4519280ed00a,delivered,2018-01-17 01:50:39,2018-01-18 02:11:55,2018-01-19 03:09:54,2018-01-23 19:03:56,2018-02-08 00:00:00
74482752946085825e5c3270eec7d3a4,f068db01b58c44524e54a0a0315b6dc3,delivered,2018-02-13 14:31:20,2018-02-13 15:07:42,2018-02-15 19:22:21,2018-02-26 22:27:47,2018-03-07 00:00:00
a8b7b51948bf9deabad95734d8470c5f,b933dffd7bce914ecf44a45630277fdb,delivered,2018-01-03 14:32:04,2018-01-04 05:11:07,2018-01-04 22:20:07,2018-01-23 19:51:52,2018-02-01 00:00:00
7c0c550ebd758c3416ad56d50e5b2852,14bfbc2db2edda7a3de50b204bb81e33,delivered,2018-01-01 18:01:44,2018-01-01 18:11:28,2018-01-02 18:12:38,2018-01-09 22:08:41,2018-02-01 00:00:00
4d04e8e9cb2a2dacee258022e86cc1ec,17f213c0ec73d313a15ffd954cab9a5c,delivered,2018-01-16 14:17:15,2018-01-18 02:12:50,2018-01-18 18:02:37,2018-01-30 18:57:01,2018-02-07 00:00:00
4fb9c9ddfd0e850bd7523714d7e90d7a,65b480f423126b4869b4f8a2e6f8c5a6,delivered,2018-01-04 13:33:42,2018-01-05 02:38:05,2018-01-05 14:57:09,2018-01-09 19:49:09,2018-01-23 00:00:00
1250f8fc1f64f9c63ea3cd35c0a36a85,4129a074aa14aa3d7a5fea1f15ab73bb,delivered,2018-01-15 09:36:22,2018-01-15 09:50:03,2018-01-17 22:42:35,2018-02-10 00:58:41,2018-02-26 00:00:00
6191c14b9afcc6173831a7275f92c55b,98fac5b1b0a7bf94429c38d93a8c88c0,delivered,2018-02-24 17:59:00,2018-02-24 18:10:28,2018-02-26 21:18:08,2018-02-27 21:09:06,2018-03-19 00:00:00
06c8b01414c769ebb36a9cd0fdb97baf,9bfb255b9b882baed6b515d644f93f45,delivered,2018-01-25 22:30:19,2018-01-25 22:56:58,2018-01-29 17:04:12,2018-01-31 22:06:49,2018-02-09 00:00:00
5a0339c1df9cd94d7f04121e32f79ddc,6f33f5f3c71fe4426a272320145028e3,delivered,2018-02-20 10:47:14,2018-02-21 06:25:09,2018-02-22 15:39:02,2018-03-07 22:26:58,2018-03-13 00:00:00
ee3a623a32094351b321bdbb22394aac,3196c3beb3aa69cc28f80f8b91eea45b,delivered,2018-02-10 21:38:00,2018-02-10 21:50:34,2018-02-15 01:25:23,2018-03-01 14:42:46,2018-03-08 00:00:00
8d4a13b4aa372bfa76ea05bd687eb2e2,0d1c6d3ab7a00dfdb6f5eed84d51d543,delivered,2018-02-19 14:52:19,2018-02-19 15:50:38,2018-02-21 17:51:43,2018-02-22 18:21:30,2018-03-05 00:00:00
8d2a68ca0ac61329c56e0b74695b04b4,0ce2e9b14cff24808d5d4aa835c7252e,delivered,2018-02-07 18:49:55,2018-02-07 19:10:13,2018-02-09 22:18:46,2018-02-14 21:29:12,2018-03-07 00:00:00
4283163049a271ca139442ff3cbcb140,d0f224b31d169b2a04e8c206ce5d8e43,delivered,2018-01-16 22:45:37,2018-01-16 22:56:29,2018-01-19 19:19:14,2018-01-23 20:28:53,2018-02-06 00:00:00
c73399c02f2f40ed90801855d7c6ecae,077ca1c409a011f74f74e99eea92103d,delivered,2018-02-09 00:24:13,2018-02-09 00:35:25,2018-02-09 20:46:52,2018-02-21 23:07:18,2018-03-08 00:00:00
469c998a970002ef15d7e16d4b716576,b9c6a2e20686e1df4f0e9b4def253369,delivered,2018-01-26 11:00:07,2018-01-30 04:31:21,2018-01-30 21:53:03,2018-02-06 19:00:02,2018-02-22 00:00:00
e64b75fd960c12db7358da68a8b75217,b04c9008a1e2d07f98f682eddae9afd7,delivered,2018-01-26 22:45:17,2018-01-26 22:53:50,2018-01-29 20:33:40,2018-02-16 00:07:58,2018-02-26 00:00:00
0081ab2c99dc85945c28926b77dc6960,410b01953ef40c9962bb6dc6578c7ff1,delivered,2018-02-14 22:19:37,2018-02-16 14:29:52,2018-02-17 00:39:11,2018-02-19 18:49:01,2018-03-01 00:00:00
d9f8510c453819ec4a9eb91851ea5fc4,fe5d7868a941d04653c278f177a1d42f,delivered,2018-02-07 14:54:27,2018-02-09 02:50:41,2018-02-09 18:57:03,2018-03-01 13:42:51,2018-03-09 00:00:00
2ad9cdb77592cde1ce1ae1c771ecac8a,e4c53da258cc13caed58472b9dc974bf,delivered,2018-02-11 18:31:34,2018-02-11 18:48:06,2018-02-16 19:56:02,2018-02-22 15:55:05,2018-03-06 00:00:00
347d96fed35c336eb4656e8965e0d1b4,fe8b05c841c9207129d9a4469a9a9835,delivered,2018-01-16 11:04:42,2018-01-16 11:14:25,2018-01-18 16:41:32,2018-01-23 23:38:44,2018-01-31 00:00:00
ada8c2a84a276ae03d468f7acf56ad36,99c1f06505371e40a1dd4e782cc6fc1e,delivered,2018-02-15 22:44:04,2018-02-16 14:32:14,2018-02-22 21:10:39,2018-03-05 23:04:40,2018-03-13 00:00:00
45a48df7b18435ce6e3c03ba6c6c2386,ed0af0bffd15b256920c280aee9e5dde,delivered,2018-01-16 12:53:37,2018-01-18 07:34:48,2018-01-18 17:13:09,2018-01-30 18:56:37,2018-02-14 00:00:00
690aced0c45baa76c7cb7b88f7113b0a,c3b9931b761f4233b0be7a70702284ac,delivered,2018-02-27 15:08:49,2018-02-27 15:29:46,2018-02-27 23:55:01,2018-03-01 00:46:00,2018-03-13 00:00:00
f73cd8a734e54187ab54efc5efa6df60,a724af9a4cf8cd50372e0f0f11a73817,delivered,2018-02-16 14:24:45,2018-02-16 14:35:32,2018-02-19 18:22:50,2018-02-28 13:35:27,2018-03-14 00:00:00
f247ddbea2a3d9e88b688d08f946db4c,ba9aef23b79c16ffd75994ead61491d8,shipped,2018-01-16 01:25:39,2018-01-16 01:35:22,2018-01-17 17:32:50,,2018-02-06 00:00:00
1d8f2cafcb347e3b5ea42d8dbc744d7a,4e86d60284ae4ccc334b942df3cc388f,delivered,2018-01-04 16:50:36,2018-01-05 02:34:30,2018-01-08 19:39:06,2018-01-18 12:38:51,2018-02-01 00:00:00
98e94d121fb6444de93e426ceeb1e0e0,df2660497087c34c3d0125f7c252a62c,delivered,2018-01-23 12:13:10,2018-01-23 18:16:34,2018-01-24 21:28:51,2018-02-06 13:58:48,2018-02-22 00:00:00
6ca834e14df3fb5924d4e7fe551c80d9,73e1b03fe677803ab302437065bb5cee,delivered,2018-02-22 12:21:56,2018-02-22 12:35:40,2018-02-22 21:33:58,2018-02-27 21:33:13,2018-03-14 00:00:00
aa8d4db5d9342de37eb7945647d995d5,a51d85846771a83871867ee079b819f4,delivered,2018-01-28 14:29:15,2018-01-28 14:50:23,2018-01-30 19:14:43,2018-02-06 14:52:36,2018-02-20 00:00:00
a57c6259d5cafde1c31730d942b2d5de,8875cb0dbd8a850814b5d444b6c40499,delivered,2018-01-08 08:30:28,2018-01-10 10:32:53,2018-01-11 16:22:49,2018-01-15 21:13:34,2018-02-19 00:00:00
9a5c4560113d38eb951d2263795e9506,9362ea913384dd5e069a7d24a872a7a7,delivered,2018-01-10 08:52:43,2018-01-10 10:31:46,2018-01-10 19:10:06,2018-01-12 20:16:49,2018-01-31 00:00:00
900701305cbfcd012076fb429e5affe2,3b3fa5f6633390f93ebe4245e60d757e,delivered,2018-02-06 15:21:40,2018-02-06 15:30:30,2018-02-07 17:43:18,2018-02-16 22:13:58,2018-03-06 00:00:00
b365b927da19a3d58a252e1c5695c86c,4ea8dcc1472a40a7ed05115927623357,delivered,2018-01-20 09:07:59,2018-01-20 09:19:29,2018-01-24 19:17:03,2018-01-26 21:23:19,2018-02-09 00:00:00
8fd1ec4ed9e9e7107a5a1b5d4d8fb209,1b20c7cb67a754803a8333fbba322472,delivered,2018-01-31 13:57:40,2018-02-01 14:15:29,2018-02-09 00:09:22,2018-02-15 12:49:10,2018-02-16 00:00:00
975f731e0b62d3884197075bbf60685a,ce40436f91a9e251a42a0f6447f7e9a2,delivered,2018-01-05 23:32:57,2018-01-05 23:47:32,2018-01-08 22:50:08,2018-02-05 14:06:49,2018-02-02 00:00:00
6ca01767c49571ed5701f01124f6540b,05ead51567953ea5f7ec061090d0f424,delivered,2018-01-02 09:08:46,2018-01-03 04:19:34,2018-01-15 21:41:51,2018-01-23 23:43:05,2018-01-24 00:00:00
4ba61a173049b183dab04f266855be13,b772c38f30ff051c5ffc4c6bc9f07322,delivered,2018-01-12 22:29:32,2018-01-12 22:38:28,2018-01-17 18:19:09,2018-01-22 17:03:55,2018-02-02 00:00:00
2d86dca31adc614ff712e9900f70c395,7372613925550707111577db9b67af2e,delivered,2018-02-10 20:01:43,2018-02-10 20:10:23,2018-02-15 19:58:48,2018-02-21 15:07:56,2018-03-06 00:00:00
d978b987ad3fec35e680ec4e4954c3bb,3f16a23ea2f57ab05ca7faf84886628a,delivered,2018-01-15 18:11:11,2018-01-15 18:30:30,2018-01-19 23:18:53,2018-01-26 16:09:34,2018-02-15 00:00:00
6f29a78b96278f733480dcd7b05bf37b,e14e79606972618eb8b5a8423f70b0ad,delivered,2018-02-08 22:30:08,2018-02-08 22:50:35,2018-02-09 19:32:15,2018-02-17 15:23:56,2018-03-06 00:00:00
8c76760a4b7536aee6464556551cfb45,e59fdf8add3f2579fa55094117b2f2ef,delivered,2018-01-23 17:23:34,2018-01-24 16:14:24,2018-01-30 11:05:08,2018-02-19 17:07:40,2018-02-26 00:00:00
ec2fd784a6bc14996f88cf0c9155e65a,8af426a6bfdde9b527d94404d0fe613f,delivered,2018-01-04 17:36:28,2018-01-04 20:31:49,2018-01-10 17:00:52,2018-01-15 23:54:02,2018-01-23 00:00:00
676232c436e714d6dcfeae445f02fedd,71ad48df61327d880c5d6fbdbc971996,delivered,2018-01-12 17:37:31,2018-01-13 02:31:25,2018-01-17 20:34:34,2018-01-30 18:43:14,2018-02-22 00:00:00
f099e6fb7d901d838db4dfd5f2bfe249,8a45db04a785a6086103d0bc795f74a6,delivered,2018-01-24 13:03:39,2018-01-25 02:58:08,2018-01-29 21:18:54,2018-02-03 15:53:30,2018-02-16 00:00:00
eb785b1fc66ac703e6801aef45d2397b,4f7a3c5de18c3f96fcab9efbc46bfe9e,delivered,2018-02-14 20:37:36,2018-02-14 20:50:32,2018-02-15 18:55:06,2018-03-19 12:32:47,2018-03-16 00:00:00
cf5371c12093ab1ef7c39cd2cb895edc,2a06b461bbe46972a81f0b9cf85662ac,delivered,2018-01-24 11:18:04,2018-01-25 02:58:20,2018-01-30 02:12:58,2018-02-07 18:22:34,2018-02-21 00:00:00
afbfc4a5b3161e9e1f89056b0b3ed238,b6868e9d74f44d57435a65e1bfad9be2,delivered,2018-02-25 16:47:07,2018-02-27 04:31:06,2018-02-27 18:36:07,2018-03-28 19:57:42,2018-03-26 00:00:00
0cd218949b04611711989a6b534d9a26,cae389249163795aa33fe9b7b28dc22b,delivered,2018-02-18 13:36:51,2018-02-18 13:46:39,2018-02-19 22:22:51,2018-02-27 23:42:15,2018-03-16 00:00:00
219666cede8138c78fdfd946ba487cd1,56e6bda6f8f777b2f416c69ae6884a46,delivered,2018-02-08 00:34:17,2018-02-09 10:55:52,2018-02-16 16:43:31,2018-03-01 14:08:06,2018-03-14 00:00:00
94c1a9db6817a4e6b149abc53a7af714,ae202bc992b8c3b955797a6deecf479b,delivered,2018-01-07 18:14:32,2018-01-07 18:26:49,2018-01-11 01:10:49,2018-01-13 02:33:51,2018-01-24 00:00:00
baad5004c5d12ad2ed5467f21914396b,16fd28bae68d51e34f732ae6d1337918,delivered,2018-01-29 10:54:36,2018-01-30 04:31:05,2018-01-31 22:48:12,2018-02-14 23:53:36,2018-02-20 00:00:00
8b73eaf0b3285e63a85d59785dda1605,bcbd2c2421ec0c9b4d893d069b789bef,delivered,2018-01-23 14:46:29,2018-01-24 02:37:39,2018-01-24 17:23:31,2018-02-06 18:46:41,2018-02-20 00:00:00
0d0b7c65e71700ed5fe8ae8d2baac37b,ca1acfe5e122fab31e4609bbfd711b67,delivered,2018-02-04 22:14:40,2018-02-05 22:10:33,2018-02-06 21:45:47,2018-02-19 23:43:42,2018-03-07 00:00:00
7fb13f3c0c951e4748c6962b0261a580,69d234580e4fbeba8ccea6b767bb801a,delivered,2018-02-23 12:54:27,2018-02-24 02:50:46,2018-02-27 19:04:32,2018-03-09 19:58:38,2018-03-16 00:00:00
958f10b7333a830595555f79d912d9ed,cd10bcfe736b79b143b73d75a63458ad,delivered,2018-02-11 18:58:47,2018-02-11 19:10:22,2018-02-20 01:07:36,2018-02-22 02:58:55,2018-02-26 00:00:00
10182342fa0f202363ba83f9a4fad999,63d366de705b6075a69be7990aab1f42,delivered,2018-01-04 22:20:44,2018-01-04 22:33:02,2018-01-09 14:49:08,2018-01-13 01:16:14,2018-01-29 00:00:00
b7bc01cb1fcbc469931bb6caebf2dfa0,a22e7a255d9ae9a71a54cee860afd1d5,delivered,2018-01-22 06:56:40,2018-01-22 14:11:57,2018-01-23 13:38:57,2018-02-05 13:27:11,2018-03-02 00:00:00
00b4846d477a7baf5d4e47970bc08c7e,fe2b285a4d3936b9a37ff7460a0d403f,delivered,2018-01-22 16:17:31,2018-01-23 03:52:51,2018-01-23 18:51:36,2018-01-30 21:08:52,2018-02-16 00:00:00
589a75d918fe423a0cef1540688e2705,0a10f2469747884fb49105c75f609257,delivered,2018-02-13 12:38:48,2018-02-13 14:35:25,2018-02-14 12:12:00,2018-03-01 00:59:03,2018-03-09 00:00:00
aee18d60fc803049a82d81af5f2a75ab,6fca0539c47aec27b4479a6b866f9c68,delivered,2018-01-02 11:24:28,2018-01-02 11:33:25,2018-01-09 18:36:49,2018-02-02 16:12:52,2018-02-01 00:00:00
6fafa8b999b250ad0dbbc4dad2f5aaf5,42da448b13fbef03246fd2ed79442e67,delivered,2018-01-18 11:15:02,2018-01-18 11:37:08,2018-01-25 20:42:54,2018-01-31 18:03:45,2018-02-20 00:00:00
d4d2c321f31001c74f7d891f173a277c,55d413947e32a818250f7dd43cf39704,delivered,2018-02-10 09:04:40,2018-02-10 09:15:21,2018-02-14 16:18:01,2018-02-20 00:05:59,2018-03-08 00:00:00
e3166f69715e4a1aa466249f0e8a4030,a92082318cc68c11356dc5052c5cdd96,delivered,2018-01-15 14:34:04,2018-01-15 14:50:13,2018-01-15 22:09:09,2018-01-19 23:21:58,2018-02-15 00:00:00
c9c5c51b2fd56209e65b99f320b18b3a,fae937d8ac931bb4c6616e05677b2d41,delivered,2018-01-17 20:48:04,2018-01-17 21:30:39,2018-01-18 21:58:59,2018-01-23 12:23:26,2018-02-01 00:00:00
93dbea6be0ad39924a14fe9360679560,001f35d9f262c558fd065346fbf5801d,delivered,2018-01-25 17:33:55,2018-01-26 17:39:23,2018-01-29 19:29:31,2018-02-21 01:23:27,2018-02-22 00:00:00
bddff2883414dd312ae50df08beceb22,bb7b4c45c021cdb9219306f8182506ca,delivered,2018-01-13 20:12:58,2018-01-13 21:11:26,2018-01-16 00:42:43,2018-01-18 12:26:49,2018-02-07 00:00:00
dcef4484357754fc205095e165e01504,8cd433d9c98ec34854fbb512c88a589c,delivered,2018-02-26 21:44:20,2018-02-26 22:08:44,2018-03-06 19:58:34,2018-03-17 00:51:35,2018-04-03 00:00:00
1fa1a852a56406283704f49720016285,39865f54242cf5fe00117ec8a775f98d,invoiced,2018-01-19 08:51:26,2018-01-19 09:19:23,,,2018-02-16 00:00:00
9633285ca54bcab6e81544b70f99a24d,4a6da5722f5935d330ee36f2892e1e75,delivered,2018-02-07 13:00:03,2018-02-08 07:35:36,2018-02-09 16:28:28,2018-02-14 15:51:51,2018-02-23 00:00:00
410ba50fe8c000ab2342ac8e4282b2f3,8c0d082aeefaa983963a8d7aa2da8208,delivered,2018-01-23 12:53:17,2018-01-23 13:12:18,2018-02-06 22:42:59,2018-03-01 14:23:12,2018-02-23 00:00:00
c513e47b1ec7f0c630776aff9e942ec9,8bbcf9a0717a1cb212b45522ef61972c,delivered,2018-02-05 14:25:43,2018-02-05 14:48:24,2018-02-06 16:38:37,2018-02-24 00:29:49,2018-03-08 00:00:00
bde8e850ff076b1b4ddfb8e65c79893a,cb7e1f3f76ff67320ccaaccb20da3e43,delivered,2018-02-04 00:01:02,2018-02-04 00:15:49,2018-02-07 02:48:36,2018-02-21 23:11:52,2018-03-12 00:00:00
4d78958305ae68431ebad3b90317b9d5,c2d8b1f31bcf589448e5d2b7a8d401d4,delivered,2018-02-21 12:25:25,2018-02-21 12:35:21,2018-02-24 00:00:03,2018-03-12 18:59:38,2018-03-22 00:00:00
e5a6ecdedd840739a92fde1ed761a9a0,23c13360469b4124896069bdfaa2d030,delivered,2018-02-07 09:52:28,2018-02-07 10:10:13,2018-02-08 20:17:05,2018-02-16 17:47:02,2018-03-08 00:00:00
69f163a7f5db45863194f9cab7e63866,de6e83a22a1dbc2d5a486e1b063f7999,delivered,2018-02-04 17:31:17,2018-02-04 17:49:15,2018-02-06 20:45:58,2018-03-05 20:36:26,2018-03-06 00:00:00
2563b04fb444e1918ac6d6e63f3ab039,d8236508771fa66dcb0d59cced5276ca,delivered,2018-01-27 21:51:04,2018-01-27 22:12:54,2018-01-29 20:17:19,2018-02-06 22:33:43,2018-03-02 00:00:00
2c3a5e5f5bc3ae78ed5748461e62d47d,5f2bc926ec92aa65c33b70ed59e74175,delivered,2018-01-22 19:22:26,2018-01-22 19:36:30,2018-01-24 00:34:56,2018-02-06 15:49:01,2018-02-06 00:00:00
9bb824ec73ee38dbbc585f3bba4b34ac,cd115eebfb9859498e984e800023bbc9,delivered,2018-01-15 12:48:17,2018-01-15 12:56:46,2018-01-16 18:14:09,2018-01-30 18:57:37,2018-02-14 00:00:00
c785f1a060411564862b6a4d755f3de8,0195699b3388a65b55eab3dd04f48d1a,delivered,2018-02-25 22:12:08,2018-02-25 22:28:08,2018-02-27 23:06:54,2018-03-06 19:24:28,2018-03-22 00:00:00
10a154c430a23bb8a3ecb2ffc52bf81e,5e57094d1ada2e661c8181b09765e0b5,shipped,2018-01-16 11:54:50,2018-01-16 12:16:47,2018-01-17 21:38:42,,2018-02-07 00:00:00
2831c6a69eccc212a3c595b7f93ef1c3,8c3ce566744a14223843388d68d174b5,delivered,2018-01-21 09:37:59,2018-01-23 03:38:54,2018-01-23 18:22:47,2018-01-30 21:05:55,2018-02-19 00:00:00
ded0d9b3df9ac8d6ea99bc2f88762481,95b5b9ad0cc4c0026a9671d124359f92,delivered,2018-01-18 00:08:00,2018-01-18 00:15:22,2018-01-18 22:43:57,2018-01-26 13:39:09,2018-02-16 00:00:00
828b618008ee0b34f4648124668023f0,c3bb4adf79d8cdb402731cee2fc0f861,delivered,2018-02-01 12:58:09,2018-02-02 19:31:13,2018-02-06 16:18:29,2018-02-14 18:19:05,2018-03-02 00:00:00
8cfc6624adef5f59e3ddd7167bc07107,6a6cfe6083ae2b03b9b0cfd58d0f8c74,delivered,2018-02-05 10:26:45,2018-02-05 10:50:01,2018-02-06 22:43:00,2018-02-19 17:15:06,2018-03-02 00:00:00
60301aefa80ed57de1c39335c519622c,6bd97cd7b6f5dd3508633001ceedfdc9,delivered,2018-01-31 18:35:14,2018-01-31 18:49:56,2018-02-01 23:18:56,2018-02-19 23:52:12,2018-02-26 00:00:00
2fbdb50797dfdc8089e52ac8cf70152e,3812b56733f6771e29363fede485cd6a,delivered,2018-02-15 11:59:37,2018-02-15 12:47:51,2018-02-16 14:16:49,2018-03-08 17:53:27,2018-03-15 00:00:00
9587bc545d7f5e1b8687a14fb3d2f6a9,85b6ce716956cffdea26fe7feb2379be,delivered,2018-01-13 21:30:26,2018-01-16 03:36:34,2018-01-17 22:51:43,2018-01-20 15:12:18,2018-01-30 00:00:00
fa44b98d202360f1246681a3e0405db4,ef95061d7fabce59a19b991b10e9bfc5,delivered,2018-02-05 20:25:11,2018-02-06 04:32:07,2018-02-10 11:54:41,2018-03-17 17:57:18,2018-03-05 00:00:00
cdce44545e4b01bf3773be33c0e04ec4,63dfe11df76c3bb1ad0df4399e484b02,delivered,2018-01-12 22:09:40,2018-01-12 22:19:32,2018-01-15 19:51:48,2018-01-31 23:03:58,2018-02-06 00:00:00
c42c73fa91d5ba2298312db542e280b6,92f85633a82e893c00091efb3d0cb610,delivered,2018-02-13 12:38:07,2018-02-16 07:55:38,2018-02-16 17:17:19,2018-02-22 20:58:46,2018-03-02 00:00:00
63ec341d048559b0cb4216945930a486,f51c617d5ac6309979b1c223ecacf9b4,delivered,2018-01-21 23:09:42,2018-01-22 14:03:36,2018-01-24 19:52:51,2018-02-01 13:42:04,2018-02-06 00:00:00
9e52b130c2b57f5dbff34caec0e04467,1c6f43948a70aab39fae79e09b228c59,delivered,2018-01-08 19:54:24,2018-01-08 20:08:22,2018-01-10 19:39:19,2018-01-17 18:22:54,2018-02-06 00:00:00
94dccbc39bc2673b3639fc98286c99b0,4023882589774ba137fdea0400aa4857,delivered,2018-01-22 20:28:04,2018-01-22 20:57:56,2018-01-23 16:52:58,2018-02-02 17:17:47,2018-02-19 00:00:00
1e9d813a96897b2f8b5e1b99dd50d10d,16e5d9bf132da949d11e978e3ad1bb66,delivered,2018-01-08 20:39:32,2018-01-10 10:32:47,2018-01-11 22:37:24,2018-01-17 19:04:20,2018-01-31 00:00:00
9cb6476278f2baad1be61b03dc7c8d59,17050a0d14bd35a6897daf9eefbd7d00,delivered,2018-01-03 14:55:34,2018-01-04 05:10:17,2018-01-05 12:12:31,2018-01-08 15:19:00,2018-01-19 00:00:00
8ea1a1b5bb41e4093d30dbd5d3466b69,313fa2c08f52166a94c81cf9c4e870d9,delivered,2018-02-18 16:36:52,2018-02-18 17:46:39,2018-02-20 00:41:57,2018-02-25 11:58:47,2018-03-19 00:00:00
f0fbc60d51bb40c156688d9ce008237f,224a8eb01d48f0126078cb3edf3d765f,delivered,2018-01-05 21:18:08,2018-01-05 21:29:27,2018-01-08 14:11:38,2018-02-02 03:39:12,2018-02-09 00:00:00
4587eb8e812c2627dfa490ffca18612a,f2a56254be48b5d4215e56593f55381d,delivered,2018-01-29 16:07:27,2018-01-29 16:36:50,2018-01-30 18:48:44,2018-02-01 00:23:11,2018-02-14 00:00:00
b4d847b337890c09d43b616bf0ba2ee3,178d1d635e061e8ad879f9ed0bdeba01,delivered,2018-02-07 15:44:01,2018-02-08 10:31:12,2018-02-09 18:16:53,2018-03-02 23:12:38,2018-03-15 00:00:00
1e8c4aa0871777d9ee5169d3a6522575,94ee6021bdba29d170096b11229abdc6,delivered,2018-02-25 19:31:36,2018-02-27 04:31:01,2018-02-27 18:52:11,2018-03-08 00:39:38,2018-03-21 00:00:00
800b8ee7ba7b89e615910b52e4b2f4f0,4abaaf9e868ffb8524297684c31430e2,delivered,2018-02-06 15:04:24,2018-02-06 15:28:36,2018-02-07 22:42:38,2018-02-19 20:16:47,2018-03-05 00:00:00
852ea7126685eecadb2903ab2dea67ef,f4e35567dd4a7698f0dc5607f1f065ab,delivered,2018-01-08 17:38:00,2018-01-08 17:49:14,2018-02-09 13:04:03,2018-02-28 16:55:48,2018-03-16 00:00:00
418648b0abc882677f47aa3d23e275bc,61ff530e3f5e6fba4c0c4a6bcf7e735a,delivered,2018-01-09 17:24:13,2018-01-10 10:32:38,2018-01-11 12:16:13,2018-01-25 13:14:57,2018-02-07 00:00:00
75785442e7f4f3aee6dcdd92fd9328ba,c6ab84872f21f56c05e6c4ce5d7b9d18,delivered,2018-02-06 00:19:09,2018-02-07 00:10:45,2018-02-07 22:48:36,2018-02-15 18:18:01,2018-03-02 00:00:00
70942902c403d0f8922b07cd936bfae0,70aebedc20cbbdb864f0f674f8fa2af6,delivered,2018-01-01 16:13:32,2018-01-01 16:26:43,2018-01-08 16:33:42,2018-01-17 19:08:42,2018-01-30 00:00:00
25cbaa3b665ea64cc34910aed433b5a5,66647edc08dc0444b86bcfdf1181d0af,delivered,2018-01-17 17:18:32,2018-01-17 17:29:22,2018-01-19 01:58:55,2018-01-31 16:52:46,2018-02-15 00:00:00
010fadb12341d8253d920362fc8f7a16,135bbed7ce32647898c18ba5907cb80a,delivered,2018-02-09 17:28:05,2018-02-09 17:35:37,2018-02-21 21:13:10,2018-03-05 23:49:02,2018-03-06 00:00:00
5518dd9f50e817052664dcc935728b65,89edd6e8fa1856adf226970df1219271,delivered,2018-01-21 11:40:59,2018-01-23 03:52:30,2018-01-23 18:41:19,2018-01-30 21:44:59,2018-02-15 00:00:00
d858299446e4d2e4a686d1dcf9a93359,6ec162d7f7fafad0e98a7a8527f9a0fc,delivered,2018-01-07 10:18:32,2018-01-07 10:27:13,2018-01-09 23:39:14,2018-01-16 22:41:40,2018-02-02 00:00:00
084ac8d010dca0cb81b1bd4f375a047e,76f2cd7947ffec4952fd90353fcca395,delivered,2018-02-13 14:37:04,2018-02-16 07:56:21,2018-02-16 19:42:04,2018-02-26 16:13:34,2018-03-07 00:00:00
05a5771b1afac9163e7cc298fc97263a,539c53212dac6304e4fa970272abe6e0,delivered,2018-02-23 19:49:40,2018-02-24 07:07:47,2018-02-27 17:24:17,2018-03-18 16:26:28,2018-03-15 00:00:00
f311dd8468b0b3ea94823b43c7708951,9f499d6fb0d24a3acfbe5868deba0bfc,delivered,2018-01-24 09:08:31,2018-01-24 09:17:24,2018-01-24 20:51:39,2018-01-30 15:38:03,2018-02-20 00:00:00
7801e6ca1a15c062e68bd3c558df3d04,d624b24bc49f1d1564ae65d2bc15d1fd,delivered,2018-01-15 08:01:48,2018-01-15 08:14:21,2018-01-19 17:51:23,2018-02-05 18:37:41,2018-02-19 00:00:00
1b1cfac7fddb9f3b9f9021fd182a557b,09fb2d2b184e3e8fc038bb62208006ef,delivered,2018-02-23 19:55:38,2018-02-23 20:10:28,2018-02-27 18:32:59,2018-03-26 23:08:57,2018-03-20 00:00:00
0d7fc3fc1f6267e80691b89236b7433c,235efb83cffa6226bb1e9083ebde2a6d,delivered,2018-02-04 13:19:56,2018-02-04 13:35:28,2018-02-05 23:19:01,2018-02-14 15:52:23,2018-03-06 00:00:00
17b64a39e956f1ff14d42a2f76a37305,6b170d60eabcac609caaaf419e9e57f1,delivered,2018-01-19 15:56:19,2018-01-19 16:15:06,2018-01-23 21:48:50,2018-02-08 23:54:29,2018-03-22 00:00:00
e6604d0d52456fe3a3fdf965b7b924f7,cbf69f717458bb7247b1e74679aeea14,delivered,2018-02-17 19:58:20,2018-02-17 20:06:53,2018-02-20 00:39:06,2018-02-21 19:29:11,2018-03-13 00:00:00
cf90c7096aacd6541cfb4b9925a01818,8e801893888e852d4d0b42a5cdc1ab0e,delivered,2018-01-08 15:08:42,2018-01-08 15:31:52,2018-01-09 18:49:18,2018-01-26 22:41:18,2018-02-05 00:00:00
a65a939c8b27182743b47a4e02b1e992,d073ee0c73be61fc94b8845b9e2a3491,delivered,2018-02-20 16:48:03,2018-02-20 16:55:59,2018-03-05 23:28:33,2018-03-14 20:13:36,2018-03-19 00:00:00
e885d4ac4244bd62acf41453b5684377,2801d79a4184546d1bcc7edd8a6eeb20,delivered,2018-01-18 13:22:26,2018-01-26 17:03:34,2018-01-29 13:42:14,2018-02-08 22:28:47,2018-02-14 00:00:00
f42afa7297d7d5f4c540fd31c4196821,bf56aa6eb743bb7c169701ad0ee1bbc8,delivered,2018-02-16 13:34:34,2018-02-16 13:46:48,2018-02-17 14:56:52,2018-03-07 18:13:18,2018-03-14 00:00:00
fe2f8677aaa66d2344481c0925170245,222e1556b86ff309b9ee3f03a826567a,delivered,2018-01-13 15:40:44,2018-01-13 15:51:30,2018-01-16 00:18:07,2018-01-19 18:38:30,2018-02-05 00:00:00
babe8fe3c1cdafc205f2ca187951076c,0e2552774c1ffb9be624567c5b4dfe76,delivered,2018-01-21 17:36:03,2018-01-22 13:55:25,2018-01-23 20:28:08,2018-02-03 18:38:41,2018-02-21 00:00:00
a9a71d9344772c405bfeb378bc587215,75b4566b8f4d45ada46ff30440e814d2,delivered,2018-01-29 15:25:31,2018-01-29 15:35:38,2018-02-05 12:28:48,2018-02-14 13:59:36,2018-03-13 00:00:00
bf5a19905dfd112e6964d76f4b21cf35,0323c00b72fc475ff52ece9884f47b42,delivered,2018-01-12 09:54:54,2018-01-12 10:08:27,2018-01-12 22:56:07,2018-01-24 13:55:45,2018-02-02 00:00:00
78803193be3bdf95bc16a5d9271aedb8,c7425219e008cdbfc8cd8c88379580e7,delivered,2018-01-04 16:52:43,2018-01-04 17:09:26,2018-01-05 15:04:14,2018-01-09 02:18:48,2018-02-01 00:00:00
e87746786779edef45938a6bc4572c0b,817a3322ad71f73a2bd444f27583b4e6,delivered,2018-02-03 23:17:59,2018-02-03 23:30:29,2018-02-06 23:04:58,2018-02-26 20:48:58,2018-03-06 00:00:00
1f6588173be9bf635ac895276a116522,94e5dec6a70d4203e76e8dfbd35706ac,shipped,2018-02-25 15:58:54,2018-02-25 16:10:23,2018-03-01 23:32:45,,2018-03-19 00:00:00
fd02009200e89316d5b945b9e795ad7a,e573ce303c3f851ea01bb5ee58610e01,delivered,2018-01-02 18:30:12,2018-01-04 03:31:58,2018-01-05 22:35:05,2018-01-23 15:16:34,2018-02-06 00:00:00
99f6c1d7b0c56f9baeef70fd96baeb2c,a11d6dfaf3c860e2fb8e9476ac3feea8,delivered,2018-02-27 14:10:43,2018-03-01 02:48:50,2018-03-01 21:10:13,2018-03-09 01:59:21,2018-03-19 00:00:00
193dce17420e5a1662145bdba0605cd6,5caa22731be0c213512d14d62bbd1275,delivered,2018-01-08 16:50:39,2018-01-09 16:52:49,2018-01-15 16:44:57,2018-01-20 00:08:52,2018-02-01 00:00:00
d93d9db59fc92ea85f60e36901b0d20b,9cb14de38fcd859ae0dabd86c173f38b,delivered,2018-02-16 16:30:42,2018-02-17 03:50:30,2018-02-20 18:51:46,2018-02-28 21:56:45,2018-03-12 00:00:00
c93dc4b4b4fee08f6cf1f6dba6c7c8dd,6057001e88263eeb0124c3bb64829102,delivered,2018-02-27 18:43:47,2018-03-01 02:48:24,2018-03-01 22:23:08,2018-03-07 16:46:09,2018-03-19 00:00:00
cb47bdb6944b3df9373054e6ab62cf46,35a68e6e1ebd3fa29294c6a7b198db42,delivered,2018-02-12 23:27:44,2018-02-12 23:47:30,2018-02-15 22:17:18,2018-03-28 20:03:31,2018-03-21 00:00:00
4b14a51e5df694c654b9b82731f92a55,17e1aefbee8554b27f76fd3accc19e0d,delivered,2018-02-10 20:45:36,2018-02-10 20:55:47,2018-02-14 11:31:59,2018-02-22 22:27:11,2018-03-08 00:00:00
bd414233109bf4490d08e418ca8b3226,61caae246c83572d81548bf9c2bd3c6d,delivered,2018-01-30 08:10:00,2018-01-30 09:09:36,2018-01-31 16:58:46,2018-02-24 00:43:13,2018-02-22 00:00:00
f586a897746d5f33a2c16ba86ea730af,7b81be94772b2c08ef5e672ac3cfae55,delivered,2018-02-02 17:06:48,2018-02-02 17:15:29,2018-02-05 23:18:26,2018-02-15 22:49:05,2018-03-02 00:00:00
d53b0c7749144befd074083817d58880,f5f93a1af93698522ec79d5a12fea0b0,delivered,2018-02-10 12:08:10,2018-02-10 12:28:31,2018-02-15 20:34:41,2018-02-20 23:12:59,2018-03-06 00:00:00
c9240b9e46417f83c4cbca76aa120eae,660460944c229efa3fd6a474f7e827aa,delivered,2018-02-28 09:50:15,2018-02-28 10:11:38,2018-03-01 20:49:11,2018-03-13 14:48:59,2018-03-21 00:00:00
cf85b1adbeb2de42677013eeabe3befc,008d16b47540f172f75b765d5ea1eed0,delivered,2018-02-05 14:13:56,2018-02-05 14:48:12,2018-02-14 20:13:58,2018-02-19 19:38:22,2018-03-01 00:00:00
1218b7b8dcee5607631650cd962f6436,70760f5ca54f7826fbc14b679eb949bd,delivered,2018-02-20 20:24:15,2018-02-21 12:05:38,2018-02-22 18:25:09,2018-03-05 20:53:04,2018-03-20 00:00:00
cbe4899758da52362c07db6f9b3f9f33,41c584ea27753451d9bf606771103289,delivered,2018-01-26 14:53:43,2018-01-26 15:15:02,2018-01-29 20:17:09,2018-02-01 00:41:12,2018-02-09 00:00:00
df2d37051bb54c7c7b2fe0d2999f0f08,94b5c58d2db647ddc5fb529c638deacb,delivered,2018-01-24 14:02:56,2018-01-24 15:16:10,2018-01-30 10:38:54,2018-02-01 17:02:31,2018-02-08 00:00:00
17f11cd471c4f712a82d85c589119638,229b496914baf5b5c924e314b439490e,delivered,2018-02-12 00:27:57,2018-02-12 00:48:07,2018-02-15 17:45:52,2018-03-15 21:12:32,2018-03-15 00:00:00
8f150b9a5714c94537d31215f638db5d,0b9c2c04285f9bccbbf9a41d6400ec24,delivered,2018-02-27 11:39:56,2018-02-27 11:50:27,2018-02-28 19:08:53,2018-03-24 00:03:55,2018-03-27 00:00:00
bed08b58982cd12128ec33bb7aae000a,e51d4d833af20d1989f1b1bd3e7c1d2f,delivered,2018-01-24 21:35:23,2018-01-24 21:56:48,2018-01-25 17:09:34,2018-01-31 22:08:12,2018-02-23 00:00:00
d17cd10dbb5981e9a2ba4739a202da55,9b59ab6cfb7bd290c9a9ed9e86d2ec99,delivered,2018-02-14 22:21:40,2018-02-16 14:30:18,2018-02-16 02:09:01,2018-02-26 23:06:32,2018-03-09 00:00:00
6806dc6f7899a6add6dddd2c61ccf8b0,96679434c6a876d506bec9d1d1dda7b4,delivered,2018-02-22 12:48:14,2018-02-22 13:08:03,2018-02-26 17:53:03,2018-03-13 15:41:32,2018-03-22 00:00:00
e5d4d06531c0f91fef9b87eb7d3b98dd,d6fb5169197b4c8425c26e087f268bae,delivered,2018-02-07 23:03:07,2018-02-08 00:35:23,2018-02-14 16:18:49,2018-03-03 13:42:00,2018-03-08 00:00:00
e088317b8ae2544100b69e8e3dd0d3c5,83fecb7abdc00fe32d516ec12625ff01,delivered,2018-02-03 19:47:04,2018-02-04 00:09:38,2018-02-05 17:14:17,2018-02-20 20:09:19,2018-03-12 00:00:00
d2583409621fd344d75d3a27da727c40,ccc9f4665a052c90def8b7604384c6f2,delivered,2018-02-06 09:16:11,2018-02-06 09:30:21,2018-02-06 17:58:50,2018-02-08 22:18:50,2018-02-22 00:00:00
f9de1c701fad751fa78834d2eeefe251,d9598c0dd096edbcd137ba1e3b4c64ae,delivered,2018-01-15 12:22:25,2018-01-15 12:34:24,2018-01-16 17:09:33,2018-01-18 16:09:03,2018-01-30 00:00:00
17e1c5b449460e8f208adb9a2d0f368a,1732d59b7a9ad62357309d3abd4b46ee,delivered,2018-01-12 21:11:16,2018-01-15 15:12:28,2018-01-25 22:47:09,2018-01-31 20:58:38,2018-02-20 00:00:00
9cb899ec49b7c2411eae41cd5977de2f,e67f59f16e6056646cf6ad6cb2b0ded3,delivered,2018-01-10 08:28:59,2018-01-10 14:29:22,2018-01-11 17:48:36,2018-01-17 13:59:03,2018-02-07 00:00:00
0c61d8257611b6d6465f9c8ec5674b0a,57196a49e744d8cf881f433e8f3c583e,delivered,2018-01-06 17:32:57,2018-01-09 16:10:41,2018-01-15 16:22:19,2018-02-07 21:13:32,2018-02-14 00:00:00
97d0a7726f58ed266c7501929e1ea81d,a5870c43e5dc9630238f6e1af26c5b3a,delivered,2018-01-03 22:28:58,2018-01-05 02:34:50,2018-01-09 01:57:58,2018-01-11 19:19:34,2018-01-26 00:00:00
bc792ace04233efedd8f161fb4b7b207,a480d7510ff88ed0d99ea92591143f07,delivered,2018-02-21 15:12:29,2018-02-21 15:30:09,2018-02-23 01:12:15,2018-02-24 12:08:32,2018-03-07 00:00:00
6fbba1795fcf0ee3755b9d3c33360f64,17ad940941a7926e0e82b5a341f5b3c6,delivered,2018-02-28 14:37:14,2018-03-03 02:50:27,2018-03-06 15:39:03,2018-03-22 22:21:45,2018-03-23 00:00:00
71081f5935795063b2da072531dcd1ae,d8b3ef6f73de33ae716e94d2478cc080,delivered,2018-02-18 22:08:48,2018-02-18 23:26:51,2018-02-20 11:05:07,2018-03-29 18:57:09,2018-03-22 00:00:00
c73f087113a67a6ef3ce597eb3ae028e,76b2d3449b756c2e84a83128f038c116,delivered,2018-02-27 15:51:09,2018-02-27 16:09:50,2018-03-01 19:38:58,2018-03-05 20:12:40,2018-03-20 00:00:00
225d8e0b99ff5a086559a0ec1b21f7c5,f695a13f1a3cf82bf4868a4b2144d88b,delivered,2018-01-06 20:27:22,2018-01-06 20:37:23,2018-01-08 21:14:21,2018-01-12 20:26:59,2018-01-24 00:00:00
c61762adaef391522b6b437cfe8a40bc,4d00eb0b76f14e173b2a5cff5c839198,delivered,2018-02-15 18:50:08,2018-02-16 17:08:32,2018-02-19 20:35:14,2018-02-26 14:22:40,2018-03-07 00:00:00
4c8f8e639b2672c7d77385d68238a1a3,6c631d132f3fa8f166444ffd6cda689d,delivered,2018-02-22 02:46:38,2018-02-22 03:27:56,2018-02-22 19:20:00,2018-02-23 22:43:34,2018-03-09 00:00:00
4b16b807a377f833778fc8b96f6d9ac4,219fd715b4810a1a506f8b36692f52cf,delivered,2018-01-02 17:15:49,2018-01-02 17:28:53,2018-01-03 19:54:56,2018-01-29 17:37:09,2018-02-15 00:00:00
a8a8a640c7861a9a20dacbfe8cd15edb,4d39e674acd2b6973236e1c0e0810046,delivered,2018-01-08 11:19:26,2018-01-08 11:30:23,2018-01-10 15:10:35,2018-01-12 23:29:10,2018-01-31 00:00:00
7368e14d8b9e7b886e433697b89e937c,50e4a36718eb14d411ea14069da5ced9,delivered,2018-02-15 11:26:55,2018-02-15 11:35:33,2018-02-16 14:16:51,2018-02-26 21:10:23,2018-03-14 00:00:00
059f8a8f4a2c52a1969278f9f484fca6,df7b474d99cd3c9cd819c5a10da7e2e3,delivered,2018-02-13 22:32:11,2018-02-13 22:47:36,2018-02-14 20:42:28,2018-02-19 20:47:00,2018-03-06 00:00:00
bc24d527d42f42c735765229820d488c,ff5edbdb9bcef7fac10e564ba43b7e1d,delivered,2018-02-25 11:21:52,2018-02-27 04:31:23,2018-02-27 21:25:24,2018-03-14 20:59:57,2018-03-26 00:00:00
4e89a19cd340e7e72a5ad89b2fdf1642,ed5de0bdaed5e7afbe3fd0ef2a2e6569,delivered,2018-01-19 23:15:27,2018-01-20 23:20:15,2018-01-24 23:09:52,2018-02-27 20:06:26,2018-02-20 00:00:00
7201d0a0748fe3378ccb9ee146a4d0ed,27a5b0b6a1281ce3579c4f2f8f41761a,delivered,2018-01-17 13:49:47,2018-01-17 14:30:41,2018-01-18 21:47:33,2018-01-20 16:06:17,2018-02-01 00:00:00
cb0168a6ece894f2e8329582577ddf5c,931bf9593e087bbd3b2c0153075defd5,delivered,2018-01-26 20:59:34,2018-01-26 21:17:10,2018-01-31 12:46:03,2018-02-10 11:49:46,2018-02-19 00:00:00
8bbe236f21b3f7ff0a158c3161cac5ef,b1136b401997d5080066c794ff616c2f,delivered,2018-01-27 16:37:02,2018-01-29 20:12:16,2018-01-30 21:33:08,2018-02-09 20:47:34,2018-03-12 00:00:00
adecfaa4b38662b16aa0fcbe33d5fb1f,f104a90b742e0d6d7bcc10dd187bc2f4,delivered,2018-01-25 08:16:22,2018-01-25 08:33:50,2018-01-30 23:35:14,2018-02-15 20:08:57,2018-02-26 00:00:00
60e2e89624c1d0711e325baf34fe2327,d91e1ede7c32d5c62cd335c194fec439,delivered,2018-01-10 10:53:06,2018-01-10 11:31:40,2018-01-11 19:49:01,2018-01-19 19:38:33,2018-02-08 00:00:00
2df648255d54fec6e4751bbcf8344ca3,4ac6f2035a88ae9b22379d9406d82bee,delivered,2018-01-21 21:18:10,2018-01-22 14:00:56,2018-01-24 15:52:35,2018-02-14 19:41:33,2018-02-19 00:00:00
de7038d8608ce7f028fe6a2ccd44c8ce,e8c1b946bba51e3d1a360289a89c9913,delivered,2018-02-03 00:55:15,2018-02-03 01:41:27,2018-02-08 20:18:26,2018-02-22 20:08:59,2018-03-08 00:00:00
91b6cbbbf1622738a27f04f25306a6d6,2876fe3349b7c805390e793bf770b5b0,delivered,2018-02-01 23:56:45,2018-02-02 00:15:50,2018-02-02 17:12:28,2018-02-03 15:53:07,2018-02-20 00:00:00
698c0a83d7fbe733d10f2ca901f60117,6d52aa467c2ca8720371701992bcb49e,delivered,2018-02-26 11:14:10,2018-02-26 11:31:29,2018-02-27 20:34:39,2018-03-21 20:32:24,2018-03-21 00:00:00
d01a489bb718b638df1e789951d37fbb,3d1e9ba476f69fa9d857a7be82e13d70,delivered,2018-01-08 21:30:43,2018-01-10 10:32:43,2018-01-10 18:36:36,2018-01-25 23:23:14,2018-02-05 00:00:00
08ccf73c206d15fd2668cdb6f32b5e04,1594134c6e1a9a422f7e7a41da116cc1,delivered,2018-01-15 12:50:15,2018-01-15 12:58:22,2018-01-17 23:33:20,2018-01-30 22:51:51,2018-02-09 00:00:00
63c92634b4aa9841e6ef2be29bbebd77,6da0e50fe88c3fe4ba7f355751ab381e,delivered,2018-01-21 15:35:37,2018-01-22 13:52:28,2018-01-23 20:03:11,2018-01-29 15:15:03,2018-02-19 00:00:00
9f0c24c74a6da307a862a27b63886f1c,69106e84f9e49d21518884e45fe7c2a9,delivered,2018-01-13 00:38:54,2018-01-13 01:01:13,2018-01-16 02:06:43,2018-01-18 14:52:44,2018-02-08 00:00:00
b79f5c4c1016e3465036120b5614adeb,d275fd1c847dd60289c2db31c58b9437,delivered,2018-02-27 12:31:06,2018-02-28 12:48:28,2018-03-01 16:57:05,2018-03-10 15:27:53,2018-03-27 00:00:00
059cc0a6e41682f072113815225a5ff7,218bdff2df7ac32907c87cda2061e9df,delivered,2018-02-18 19:11:00,2018-02-18 20:26:56,2018-02-19 17:07:44,2018-02-27 19:18:29,2018-03-13 00:00:00
062fb51d4257a8a7ef0bb5df1becde54,b24db387af945bdac7f0e3802cdf45a7,delivered,2018-01-12 13:14:51,2018-01-12 13:28:40,2018-01-17 19:21:47,2018-01-23 16:09:51,2018-02-09 00:00:00
0a52d1f5b66c689f3955b3711ba7cc17,e827a60ab3c273d88ef8c4b401ce344b,delivered,2018-02-03 20:29:25,2018-02-03 20:49:59,2018-02-05 20:42:51,2018-03-12 22:28:25,2018-03-13 00:00:00
befdef0aa27a4e172dcbe4e40784c29e,2266fa2bf9f66540147b20725d834d85,delivered,2018-01-17 21:07:05,2018-01-17 21:17:32,2018-01-18 21:41:29,2018-01-25 23:22:26,2018-02-16 00:00:00
9b555b4c4f3028463eb59bbe1e9e9bda,69d5b5755d8235783105a713e72300b2,delivered,2018-02-13 21:55:57,2018-02-13 22:10:24,2018-02-15 23:29:04,2018-03-03 21:48:25,2018-03-06 00:00:00
36e694cf4cbc2a4803200c35e84abdc4,fd826e7cf63160e536e0908c76c3f441,delivered,2018-02-19 14:38:35,2018-02-19 14:50:37,2018-02-20 00:03:39,2018-02-20 16:25:51,2018-03-05 00:00:00
008dc31c0ae7121f2791953ae5f532c3,0855edaada8d5aeef50b56f26e604932,delivered,2018-01-06 11:22:56,2018-01-06 11:33:49,2018-01-08 19:54:05,2018-01-29 21:22:18,2018-02-05 00:00:00
4a778bf83b14e5f0f74e35bf9dea4a7c,1067b68fcbcce6d777e098d24117941e,delivered,2018-02-18 18:06:55,2018-02-18 18:26:44,2018-02-20 16:09:01,2018-02-22 19:43:36,2018-03-06 00:00:00
9bf24c99c60f8ca327fd952471b5bee2,a37c5662ae8d3219eaf975205cfe2bf0,delivered,2018-01-06 11:57:52,2018-01-06 12:07:30,2018-01-09 13:48:58,2018-01-26 17:42:11,2018-02-05 00:00:00
6387d1713f3052d1cb4e59cc46a3a459,3c3e0d4f138dc3ac52405ed53ba85f8e,delivered,2018-01-24 09:38:40,2018-01-24 09:51:42,2018-01-24 18:21:33,2018-01-25 23:44:13,2018-02-08 00:00:00
69177e2a4ded7df4cffeb0b2a0e3a62e,7cc2f5bfeab9cbfdf0e4b9d29a35e898,delivered,2018-01-09 00:58:38,2018-01-11 03:09:21,2018-01-26 18:48:32,2018-02-05 18:38:35,2018-02-14 00:00:00
0d90fa904d8777ce037843a9b0b501e1,f8c5bb7a1dea3cfb4e17d5306c62af6b,delivered,2018-01-26 22:01:58,2018-01-26 22:14:20,2018-01-29 19:24:49,2018-01-31 01:04:16,2018-02-09 00:00:00
ace40b7f6657491f011b8a3ba9edeeaf,fe9c6eb008b730c9c343725234c31027,delivered,2018-01-03 15:07:46,2018-01-03 15:17:24,2018-01-04 20:32:13,2018-01-11 13:07:47,2018-01-26 00:00:00
34dedd5cb5e0f12df565171392540a8f,ca501f1553445b00533c1596108fbc32,delivered,2018-01-12 17:31:07,2018-01-12 17:49:42,2018-01-15 20:36:45,2018-01-19 21:08:57,2018-02-09 00:00:00
4f709a231b1d99a9e12f4f86f458dbcb,74c8468d22b1fa822cdef5c8896ec455,delivered,2018-01-12 12:46:21,2018-01-12 12:54:49,2018-01-17 16:52:02,2018-02-02 11:09:12,2018-02-16 00:00:00
e1edbc7909e20f68fe318826cb3bf626,edcddfaece1ea547c0c266f5ae50dcd2,delivered,2018-01-22 18:22:38,2018-01-23 18:16:54,2018-01-24 20:41:51,2018-01-26 23:05:12,2018-02-07 00:00:00
b84a7eeb925e2c96bd6cd7796394ece5,8f97ee7392291ea66b3592881e7a9102,delivered,2018-02-04 09:10:24,2018-02-04 09:29:56,2018-02-05 23:46:29,2018-02-15 01:28:55,2018-03-09 00:00:00
21264ae81b0f6ee6e1d2664ee10c51fc,c98e48163a11cce4e5fd20b4de73dfd0,delivered,2018-02-14 10:32:00,2018-02-14 10:47:49,2018-02-14 20:53:31,2018-03-01 17:52:59,2018-03-13 00:00:00
e7741e6bb1dfbc9d36e13da26d517d4c,4b923bacae1c1ef7a16e931b3972e7f1,delivered,2018-02-08 23:06:53,2018-02-10 14:10:39,2018-02-14 20:26:40,2018-03-12 19:03:21,2018-03-09 00:00:00
013d92e415d1de7bf3b3b706f1b6d292,898107309c7e33b88d7141ebde723c17,delivered,2018-01-25 13:53:06,2018-01-26 14:22:15,2018-01-29 15:52:48,2018-02-20 20:52:57,2018-03-02 00:00:00
24f9d59b5717fed5431455ac71a4a371,0ef337888c57f8e58775a2de6b386d10,delivered,2018-02-09 20:09:48,2018-02-15 03:56:00,2018-02-21 23:47:36,2018-03-01 18:59:06,2018-03-08 00:00:00
e19abb91d2afddbb8df6f4cffe899579,689a4cf37a1c05c30a86da4fbc13b123,delivered,2018-01-03 21:12:11,2018-01-04 05:11:26,2018-01-05 13:04:44,2018-01-09 18:56:58,2018-01-30 00:00:00
d7a02af9805cff844c09f3fcf61a73b2,dc1df2b56719ddf9f948b9a6442fdf4f,delivered,2018-01-19 16:57:51,2018-01-19 17:42:29,2018-01-22 23:37:38,2018-02-05 22:22:39,2018-02-14 00:00:00
aff043b28dfff4c65665fb42597daf94,996e0d7f08d29b4301784932a81f2132,delivered,2018-01-04 00:19:58,2018-01-04 01:31:54,2018-01-04 21:54:55,2018-01-05 16:42:33,2018-01-22 00:00:00
a1346a891ab47e8a7be96a3aa992b194,041c340fc75b751faeefe3ef5fd81068,delivered,2018-01-20 22:59:32,2018-01-20 23:20:13,2018-01-22 19:49:59,2018-02-02 00:30:35,2018-02-14 00:00:00
b53712c11389475059711525053a7f35,f04ca3cf98dc157b476848246c1e3af6,delivered,2018-01-03 09:44:33,2018-01-03 09:51:28,2018-01-04 17:44:42,2018-01-22 20:35:19,2018-02-06 00:00:00
38ac0cc1879cabf9cb23a2e8f217acfe,5fc34cc05aae2598fc6100012d44056c,delivered,2018-02-14 13:11:45,2018-02-15 04:40:36,2018-02-15 18:59:12,2018-02-16 19:17:46,2018-03-07 00:00:00
55b2ad4123def9f023f3196c460badca,c813e3d2a88b76286dde28c40fe181c4,delivered,2018-02-13 14:35:25,2018-02-13 15:08:01,2018-02-14 19:27:36,2018-03-19 18:46:31,2018-03-12 00:00:00
b40c4af3ffbbc82b406eb247212668f9,2e13d8aee4a4b6ba67b119efad66a999,delivered,2018-01-04 17:09:02,2018-01-04 17:16:26,2018-01-31 22:46:58,2018-02-08 17:22:18,2018-01-29 00:00:00
98d93ed6312bbdb0b2d69a889938ed6a,1ebce23a0da37200264dbb568cac6396,delivered,2018-01-07 23:37:54,2018-01-07 23:47:19,2018-01-10 22:30:23,2018-01-24 14:39:26,2018-02-09 00:00:00
35219838fa57f17493790b796f51a77e,c4fd402d92b11f47ef07a2412e96fdf0,delivered,2018-02-24 20:49:32,2018-02-24 21:07:30,2018-02-28 23:04:29,2018-03-09 13:48:25,2018-03-21 00:00:00
ec07c69c53d0fd57a651909a33f16ec1,25c6702d4b98e41d6bc8ebfa53bafab5,delivered,2018-02-09 00:50:48,2018-02-09 01:08:51,2018-02-09 23:49:09,2018-02-20 00:09:42,2018-03-09 00:00:00
47eb4e8c8baad88de8c4eec4c107c698,f34578af93a5e63ae03ebcb41e05e7eb,delivered,2018-01-14 17:39:10,2018-01-16 16:32:36,2018-01-17 22:56:39,2018-01-19 18:06:36,2018-01-30 00:00:00
333f77d5d24ed206a3033fba85096b75,93ec5b85dd3dd10e050ec11d210e9eb9,delivered,2018-02-17 10:10:14,2018-02-17 10:32:56,2018-02-20 19:39:11,2018-02-26 21:52:06,2018-03-14 00:00:00
4f8d15bb2a3dda4bd3ce42216c330059,d292b78439b276aa75e79b4ff8b9325e,delivered,2018-01-31 09:57:15,2018-01-31 13:48:17,2018-02-01 19:11:56,2018-02-05 19:07:04,2018-02-16 00:00:00
d51ef15e75e30be319e9efb0a207e71a,0e666154002ca635ff1c3a470e233949,delivered,2018-02-05 10:45:44,2018-02-05 10:55:28,2018-02-06 13:48:42,2018-02-14 14:53:23,2018-03-02 00:00:00
3d320afe6c5a89ea025c81254ecfdfae,07d974be948a5520179bb45d799fa0d1,delivered,2018-02-25 10:41:14,2018-02-27 04:30:55,2018-02-27 17:33:00,2018-03-13 22:59:42,2018-03-23 00:00:00
4e0158c628911a5f52cfbc38242c0d08,c7858f425c53bf289b58bbca491fdfb6,delivered,2018-02-02 12:58:05,2018-02-02 13:55:32,2018-02-07 20:11:39,2018-03-06 01:04:47,2018-03-06 00:00:00
df926b7d1f6199f57548358c93ec9f39,1adb89d4cb64aba663638417c802dde1,delivered,2018-02-12 11:38:27,2018-02-12 11:50:35,2018-02-14 18:38:22,2018-02-22 22:04:07,2018-03-06 00:00:00
84afbd9804406ac220e80881c71fa060,4cbd9f8fc1cd7aafe6526711d8890870,delivered,2018-01-03 23:58:41,2018-01-04 01:18:30,2018-01-04 19:57:05,2018-01-05 20:46:56,2018-01-22 00:00:00
bf11eca40b14cb59b17fe061d025c8a3,a24ed4d8160dc994bbe67b3fc741bbb6,delivered,2018-01-26 14:21:17,2018-01-26 14:34:13,2018-01-29 18:27:00,2018-02-05 23:52:46,2018-02-22 00:00:00
5c2b38dc10cf46a3224f46dba893d26a,2d9d650ab42cedd47f35ce7a7e59a75a,delivered,2018-01-22 09:02:39,2018-01-22 14:13:26,2018-01-23 20:58:39,2018-01-31 13:45:23,2018-02-06 00:00:00
047d4038afddd0dbca117fce7d5019d0,8476159dad022ab6538d74dd83c70d95,delivered,2018-01-02 19:37:17,2018-01-03 19:29:25,2018-01-08 17:07:37,2018-01-15 22:09:34,2018-02-01 00:00:00
375bb4357db0f08e163905aa4bbd5d7d,ddc1ce8e98661b093c07a4ce91290c9f,delivered,2018-01-01 20:16:54,2018-01-01 20:29:22,2018-01-08 19:25:29,2018-01-24 23:52:27,2018-02-06 00:00:00
d211250c55eeca57b507cfe8e97e8d7d,d9a86687225f7fd77a54eeef4e5dba4e,delivered,2018-02-15 14:34:24,2018-02-15 15:06:57,2018-02-16 18:26:51,2018-02-21 22:15:48,2018-03-07 00:00:00
a45a7a951625bffc98203d07f77e872e,c600223b2102c093e499cb6c4f6d8eac,delivered,2018-01-10 20:58:38,2018-01-11 03:09:17,2018-01-15 16:14:05,2018-02-02 02:10:51,2018-02-15 00:00:00
39efca87c5c2d6306227412ed0e09c4b,2b580c73f38a115457a7d8e5f7e96f7f,delivered,2018-01-23 13:40:30,2018-01-23 13:52:11,2018-01-24 22:56:43,2018-01-31 18:19:53,2018-02-15 00:00:00
b958654614e94b4600cb336391326045,18cdebd5cfe07beb5258254ff1f8fe85,delivered,2018-02-16 17:54:24,2018-02-17 17:46:47,2018-02-20 23:06:22,2018-03-01 19:38:36,2018-03-13 00:00:00
9bfcc088220bc74e76f4341292d16d76,dcca84c6ee50ed26d11e22d233149d20,delivered,2018-02-19 20:41:32,2018-02-20 07:27:05,2018-02-21 21:16:59,2018-03-07 01:04:20,2018-03-05 00:00:00
88096595631e8d26b658306256e3ce34,29a48e3e901b5187dae9af8a5563c795,delivered,2018-01-05 16:35:15,2018-01-05 16:48:00,2018-01-08 19:45:07,2018-02-19 22:54:48,2018-02-06 00:00:00
762955db358210db24103ff9ce1ddda7,a0f1806a93811e5dd87821e891b3024c,delivered,2018-02-21 15:15:10,2018-02-21 15:30:24,2018-02-22 22:12:27,2018-03-22 22:40:59,2018-03-19 00:00:00
cbc580be74ae53ef1eedf0f82fa02384,0dc2889ec2c15104bb10a9e8cd0dcb10,delivered,2018-02-01 11:38:42,2018-02-02 02:55:36,2018-02-02 16:36:59,2018-02-09 17:11:47,2018-03-02 00:00:00
c24e1ca06df82199a5041274b7c33643,aa0e4697be6ef9ac1fe98b04ba32acca,delivered,2018-02-20 15:15:22,2018-02-21 11:31:48,2018-02-21 23:39:05,2018-03-02 18:45:27,2018-03-12 00:00:00
b92eedda04f5afe987c7e439cd6d971b,77dc7a088265a3d7b01dfd9c1ff38e8e,delivered,2018-01-19 16:58:07,2018-01-20 09:10:35,2018-01-24 00:23:37,2018-02-08 12:28:01,2018-02-19 00:00:00
4867306a7b3d9d5620d493184c6a4a7f,b4029065dc8dd2130e521520cc16dae4,delivered,2018-01-24 13:46:44,2018-01-25 02:38:21,2018-01-25 16:19:19,2018-02-02 15:53:14,2018-02-08 00:00:00
1ea77fa7226c1316ce74441948be0e6d,206470b6a1520866e1b6e96ad157cbd6,delivered,2018-02-17 01:24:12,2018-02-17 02:07:44,2018-02-19 17:45:06,2018-03-02 22:42:33,2018-03-13 00:00:00
32d02c7aaee4f08d65f23e86e6fd4ac7,3320860ccb3634183ac6746aa1e9264c,delivered,2018-01-26 09:03:10,2018-01-26 09:14:27,2018-01-26 18:29:18,2018-02-09 19:18:49,2018-02-21 00:00:00
b75e305d05101f6e3be82f6a07adf840,d1398f7516036eae967e7ca31a387dec,delivered,2018-01-22 13:44:30,2018-01-22 14:26:17,2018-01-23 20:28:58,2018-02-15 15:08:24,2018-03-02 00:00:00
eac76692452422620996fe5e1a7f8bb0,206f3129c0e4d7d0b9550426023f0a08,delivered,2018-01-29 20:32:08,2018-01-29 21:13:27,2018-02-03 00:09:40,2018-02-08 17:03:53,2018-02-22 00:00:00
fa4c0ad484374bf0485f99f6a57255a5,aaafc20a8e58530ecb72c7ec1f497fd8,delivered,2018-01-26 18:30:17,2018-01-26 18:52:02,2018-01-29 15:27:34,2018-02-01 19:18:05,2018-02-22 00:00:00
1c2d22c1d55459e10c141fba4eed75be,bc1b70fc3b07ac60850fe4986e47e4d7,delivered,2018-02-13 13:06:08,2018-02-13 14:35:33,2018-02-16 22:09:17,2018-03-05 20:49:09,2018-03-12 00:00:00
b86ec88f5bffbf1f61fb5daed332e355,5daf8c734e89f88e5305f9283e7ca135,delivered,2018-01-24 15:15:26,2018-01-25 02:58:13,2018-01-29 16:56:49,2018-03-01 21:57:09,2018-02-14 00:00:00
06b92ba9145c3323e26ec7e27b35375f,703d42b3dd0b09b487140c480ea9cf1a,delivered,2018-01-21 22:29:04,2018-01-22 14:03:13,2018-01-23 17:13:41,2018-01-29 21:07:37,2018-02-14 00:00:00
14ccc60c0ec2c92f5d40eec2ac2a94a0,da9c6feb0cae99a53c42fa919bd22c4c,delivered,2018-02-08 10:22:25,2018-02-09 10:26:31,2018-02-16 19:56:51,2018-02-28 23:17:43,2018-03-13 00:00:00
9a3fe20d67742c5c5ebbd4ba8403ad13,313c0034763a60cd45ca9202e782f28b,delivered,2018-02-05 00:05:58,2018-02-05 00:30:32,2018-02-20 20:45:54,2018-03-05 15:17:41,2018-03-12 00:00:00
2d23b7b75beee56569dff3df10d61495,e7a2035a508f9bddf360fb884b9538de,delivered,2018-01-22 23:34:00,2018-01-22 23:53:06,2018-01-24 22:36:37,2018-02-06 01:35:52,2018-02-19 00:00:00
4bfddd9392014699ab2cbae22a27a574,a74615d4b64e4683f4a872ce9035c771,delivered,2018-01-23 11:34:49,2018-01-23 11:50:47,2018-02-03 10:22:52,2018-02-08 20:09:20,2018-02-20 00:00:00
e1e4ca9c13b18a9460faf44eac336bfa,5f70b88d3ca33ef00c753f350cdbc83d,delivered,2018-01-10 10:31:41,2018-01-10 10:49:29,2018-01-13 01:21:34,2018-01-24 15:32:32,2018-02-06 00:00:00
8ecbd154ae8606303efeff206a6b42f7,caf6604151c495566434d033a1f9a4ee,delivered,2018-01-14 18:02:21,2018-01-14 18:12:28,2018-01-15 21:58:49,2018-01-17 19:57:42,2018-02-08 00:00:00
f197897366a10204e289606b4838ea3c,b7aeb0ea3110edb266582312f6a00ce0,delivered,2018-02-14 17:51:38,2018-02-14 18:08:21,2018-02-15 13:28:28,2018-02-20 14:51:53,2018-03-07 00:00:00
a4e68ccc93701454c492e5c54e86c9a2,602d4393e0e91f3301fee354903df2f9,delivered,2018-02-28 14:45:36,2018-03-01 02:49:14,2018-03-01 20:34:06,2018-03-14 16:28:28,2018-03-26 00:00:00
f10195234ad39996bec1241fe706e49b,e018efe31a675270f8e48eeb12b2c291,delivered,2018-02-15 22:13:45,2018-02-16 14:32:01,2018-02-19 13:48:44,2018-03-01 20:13:37,2018-03-13 00:00:00
dfe9ed7cb28d282f7cb649346e0898c8,5c56c46e8b5e5131de04d54306750efc,delivered,2018-02-19 12:12:36,2018-02-19 12:27:14,2018-02-20 23:15:19,2018-03-01 00:58:35,2018-03-19 00:00:00
e200353d6fcf40efe2cb8699aa821017,e660c434379aab7e2cadcfb1b66aec8e,delivered,2018-01-10 12:39:39,2018-01-10 12:51:33,2018-01-11 23:19:59,2018-01-15 20:49:07,2018-01-30 00:00:00
43d728eec3870f49879d83353cf245d8,e8c392c20c1239beefee7e67fa598f44,delivered,2018-02-15 14:17:46,2018-02-15 14:30:23,2018-02-17 00:24:56,2018-02-18 19:22:42,2018-03-02 00:00:00
f7c666a64887124db742dd9a8a4e300d,d47fe71e04e3e2ef9345538a49cf9935,delivered,2018-01-08 15:15:16,2018-01-08 15:27:54,2018-01-08 22:39:13,2018-01-15 20:28:49,2018-01-24 00:00:00
5c71e221fbfe172146d1ded47bf97fee,00d4c7cec24152e73f88312fdbf09ffa,delivered,2018-02-22 20:46:16,2018-02-22 21:08:25,2018-02-23 22:33:31,2018-03-02 22:36:34,2018-03-14 00:00:00
9c6dd0d5cafca153761250014cfbc320,463562616569ee98ff487ee7cdddf6ff,delivered,2018-01-01 12:07:57,2018-01-01 12:16:30,2018-01-02 18:32:10,2018-01-09 22:05:19,2018-02-02 00:00:00
0b6626697a43f34edff9135fdd0a564c,c2c67639ee959564126f62c5f03328ce,delivered,2018-02-05 11:46:11,2018-02-06 05:31:50,2018-02-07 22:26:51,2018-02-16 00:46:39,2018-03-05 00:00:00
b3fd6f1d726da32abced71e3fc845e35,caf184e2b12a29d43ca80073ca4a5cdf,delivered,2018-01-08 22:24:47,2018-01-08 22:33:23,2018-01-09 20:36:58,2018-02-01 17:53:08,2018-02-16 00:00:00
aa92db44dee25eaf72133833ce253f92,8aa2bf57305447ace1ca0679861ce644,delivered,2018-01-20 14:30:32,2018-01-22 13:50:52,2018-01-24 17:48:43,2018-02-02 21:23:11,2018-02-21 00:00:00
daf946e879dab6e7e6b3f968297c3fe3,f681356046d9fde60e70c73a18d65ea2,delivered,2018-02-09 13:46:04,2018-02-09 14:08:53,2018-02-14 23:35:06,2018-02-15 22:41:29,2018-02-23 00:00:00
12f12b0c970ed338e7a4cf857fd1eb33,7148d5b825f7c5ca839047d5d982826e,delivered,2018-01-19 07:52:24,2018-01-23 03:52:36,2018-01-23 20:53:13,2018-01-24 19:02:49,2018-02-05 00:00:00
745e2506fb647deca4669e1c88ce9783,ea62ea3d096dc41f6ef76bbea7fcb40a,delivered,2018-01-21 13:20:39,2018-01-22 13:50:07,2018-01-23 20:51:40,2018-01-31 13:58:07,2018-02-19 00:00:00
82acff152625d343c9ef91512401c210,9c2429c51db5ad82c78f48935d39dafe,delivered,2018-02-27 18:05:39,2018-02-27 18:15:33,2018-02-28 19:32:49,2018-03-06 22:22:29,2018-03-20 00:00:00
bdb4eaf05d279b03ac661a14b8c05557,8dbfed7e9a524dd4e20287bb29bad760,delivered,2018-02-13 14:35:34,2018-02-13 15:07:46,2018-02-14 23:13:01,2018-02-23 23:03:50,2018-03-09 00:00:00
b88097025fac360c0367799f94ab9a66,ad4414a146fc1ca9f666b0d05f289cea,delivered,2018-01-12 20:57:57,2018-01-12 21:09:27,2018-01-16 15:57:23,2018-01-19 13:51:25,2018-02-02 00:00:00
194199bcb773550536ad5a7c37eb7041,7d5c057a83d5b12165717b6ba3b9adaa,delivered,2018-01-01 19:50:41,2018-01-01 20:06:55,2018-01-02 19:04:53,2018-01-05 23:27:11,2018-01-18 00:00:00
82f80de0171e33975afd163727d03070,8902d99db31e2ecd6a35fcbb772dee93,delivered,2018-02-05 08:47:14,2018-02-06 05:31:43,2018-02-06 17:05:43,2018-02-27 21:13:16,2018-03-06 00:00:00
b526245df7becef98d5b08c6350cc53e,c2928a50aecf1bc4776082b13225e4da,delivered,2018-01-15 18:00:35,2018-01-15 18:11:23,2018-01-17 13:09:20,2018-01-24 21:48:45,2018-02-05 00:00:00
d983124667a44e540ef9ab35c37c486e,0bc92ea0f454d4bce3665b5716cfa58d,delivered,2018-01-30 12:50:09,2018-01-30 13:10:38,2018-02-05 21:14:16,2018-02-15 18:41:57,2018-03-06 00:00:00
ebdbaab00236fa0a72e234467f0d86c5,16d24890f698c4a886800af32fe96dc8,delivered,2018-02-17 01:24:40,2018-02-17 02:07:51,2018-02-19 19:52:27,2018-02-25 15:13:02,2018-03-19 00:00:00
848888ce8cca87df133ef1dc66decf88,f1a09785ee90d1ace51ce03bbea6f6ed,delivered,2018-01-04 18:30:52,2018-01-06 02:08:39,2018-01-08 17:52:37,2018-01-10 23:09:14,2018-02-02 00:00:00
49d3db2a02106c24d6ef800bd8ad5546,b7a09c321b57fbcccf7b5fe38c5bd8f0,delivered,2018-02-20 16:05:55,2018-02-22 02:40:24,2018-02-23 00:04:28,2018-03-06 21:33:56,2018-03-16 00:00:00
9bbd8492ba2666b178725e2bfc1a8349,83d502e64b7cdcd4c495052a72ff6d20,delivered,2018-02-19 08:59:21,2018-02-19 09:15:28,2018-02-19 21:37:10,2018-03-09 14:45:28,2018-03-19 00:00:00
8de1aae5083a3fd8914d84cfcf07dbbd,6f09e38cfdea8ab7077adff5783ff384,delivered,2018-02-25 10:19:47,2018-02-26 16:32:47,2018-02-27 21:37:38,2018-02-28 13:26:45,2018-03-12 00:00:00
e62a2c7e26cd6f85782df6f5e4e36264,1ea175d3ab6e3bf69c3fbbc0f4c59801,delivered,2018-01-12 19:19:31,2018-01-13 04:55:20,2018-01-15 17:28:35,2018-01-25 22:45:38,2018-02-02 00:00:00
b84153f6ef50c6f07d2919e984c1f761,e15320a1ba99c3b56cc50e492e6c0c48,delivered,2018-02-02 15:38:04,2018-02-02 16:00:37,2018-02-03 18:38:53,2018-02-26 14:32:49,2018-02-20 00:00:00
1ff6b6e2d9228261632d6b51a07620c0,5066428ec61261380bd6272ca1555be7,delivered,2018-01-08 17:35:37,2018-01-08 17:48:51,2018-01-09 23:33:13,2018-01-19 20:15:43,2018-02-22 00:00:00
72356c7f42069d35de8cdab7e6ec6b6f,faf42134242dcdc7f0e550debe536547,delivered,2018-02-21 15:43:09,2018-02-22 11:15:27,2018-02-26 23:54:36,2018-03-20 14:17:44,2018-03-15 00:00:00
7e5ce7d4d9940b4b7e3a1fcf138d3750,d24b774a22ec4061c7ba22a7f7974efb,delivered,2018-01-07 23:03:41,2018-01-07 23:15:26,2018-01-09 23:33:34,2018-01-16 17:33:32,2018-02-02 00:00:00
115b01b1f77f0e02812425b6f5cd8f2f,3a33c0707eef44f18059500427d00c67,unavailable,2018-01-19 00:08:45,2018-01-19 00:36:45,,,2018-02-16 00:00:00
713e88330db7e1d5390f3268287272b4,8718d4a503631c298cee26422d89442e,delivered,2018-02-25 23:22:45,2018-02-25 23:35:25,2018-02-27 19:26:33,2018-03-05 21:22:18,2018-03-19 00:00:00
8aa1b241d97b02dbdb9a617b54added8,32e9cd29933427903b9a2a0f2d6812fe,delivered,2018-02-22 09:40:07,2018-02-24 02:35:49,2018-02-26 15:59:01,2018-03-01 01:13:45,2018-03-08 00:00:00
c71b55238f1b3f73eedf2cd06c62e959,b764cff9d626b19490fcee7d63ac872b,delivered,2018-01-18 18:44:19,2018-01-18 18:56:30,2018-01-23 14:29:53,2018-01-30 19:33:29,2018-02-08 00:00:00
0c3e491fe8f99458825a93daa40f4401,6e9484377e5431903ba209552cc45e2a,delivered,2018-02-19 10:06:49,2018-02-19 10:27:45,2018-02-21 18:23:27,2018-02-27 18:03:47,2018-03-13 00:00:00
8b5f626276db26826fa773137035309c,e5520637c495446fe29714a809c6e72e,delivered,2018-01-11 19:26:03,2018-01-11 19:34:30,2018-01-12 20:21:51,2018-01-18 14:04:12,2018-02-05 00:00:00
abd78b3b49820a5123521bb2204af795,8e1aacdd0ecb7164d5bca94b7fab4135,delivered,2018-01-16 09:45:37,2018-01-16 09:53:21,2018-01-19 23:29:32,2018-01-26 15:52:35,2018-02-07 00:00:00
c97448e24a8f892f02dcf3089103346f,6fd2c51b3eaa23c3ced2674b452e228c,delivered,2018-01-03 14:43:21,2018-01-03 14:52:23,2018-01-03 21:15:01,2018-01-08 21:42:33,2018-01-30 00:00:00
f9e4b658b201a9f2ecdecbb34bed034b,e226dfed6544df5b7b87a48208690feb,delivered,2018-02-03 09:56:22,2018-02-03 10:33:41,2018-02-06 16:18:28,2018-02-16 17:28:48,2018-03-09 00:00:00
4c3428283da9b354465abf10f72f556e,887363c85fcb5853fd68ed73182e12e2,delivered,2018-02-07 09:16:50,2018-02-07 09:31:33,2018-02-16 01:15:06,2018-02-27 21:24:58,2018-03-07 00:00:00
c261c57774808b333866f1957d4f8ebd,a5deab37103ca8c97bc8b9adb7de4c9b,delivered,2018-02-21 22:57:17,2018-02-21 23:10:24,2018-02-22 18:52:17,2018-03-02 12:41:46,2018-03-08 00:00:00
bc045a5fb4a7e572cee50d982efd14bb,aaacba86f75fde5882829ebf2519fe79,delivered,2018-02-04 22:41:59,2018-02-04 22:55:26,2018-02-05 23:34:18,2018-02-14 16:42:36,2018-03-01 00:00:00
38fc86c0e01c22306be55394abbbeb3c,3396c96cac1da6e13602290f5a4b09e5,delivered,2018-01-21 14:45:12,2018-01-22 13:51:13,2018-01-22 21:49:07,2018-01-29 14:13:31,2018-02-26 00:00:00
ab36f41e5d298012acb2179337f1a9db,a9cfea1a41e154c0a239c11d2a61712b,delivered,2018-02-04 22:04:16,2018-02-04 22:29:17,2018-02-06 21:08:29,2018-02-21 00:46:55,2018-03-05 00:00:00
14f38e83e237f237348b97dd9f228d40,5f8529d3f9d41718127f8ed44d471c6e,delivered,2018-01-31 09:49:33,2018-01-31 14:10:58,2018-01-31 22:53:22,2018-02-16 22:18:58,2018-02-16 00:00:00
60d2564adbb41181cee729e095b83d0e,aaf1903fb0eb54c9b158e738d9fc5405,delivered,2018-01-18 12:32:16,2018-01-18 12:56:29,2018-01-23 01:32:23,2018-01-23 22:37:32,2018-02-02 00:00:00
6eb56be25b30e83ab182da6a5d616cf8,e9a28f7782d12e6558605da9afaffe34,delivered,2018-02-21 13:50:38,2018-02-21 14:29:22,2018-02-24 00:21:59,2018-02-26 12:09:12,2018-03-21 00:00:00
ac2f2e895072494a73148352b30c7f7a,dd6343f8e0969d29f4949a663a7ecb0d,delivered,2018-01-26 13:36:07,2018-01-26 13:52:10,2018-01-29 22:40:34,2018-02-08 21:38:25,2018-02-26 00:00:00
2da52e987f62fa65e50c6fd5dd8994d1,782da07dd1b66f0a3ece989a671ecb8c,delivered,2018-01-15 13:38:02,2018-01-15 13:49:58,2018-01-17 22:21:25,2018-01-23 17:47:33,2018-02-08 00:00:00
8b37f436aea079bd73bbcbe103d14a0b,63d3bc89cf22616c68960d0d11258a5a,delivered,2018-01-24 20:07:10,2018-01-24 20:19:22,2018-01-25 18:46:57,2018-02-17 19:19:00,2018-02-16 00:00:00
d1bf58d8a4537bcae92031dc9506b0d1,54219e2e76f6a2c60768ffad1ef081d6,delivered,2018-01-16 10:18:45,2018-01-17 03:38:54,2018-01-18 21:08:33,2018-02-08 15:53:53,2018-02-19 00:00:00
7b08a0bb1ddb197312b1bebe6cfd9caa,d6c12e28c97ea51cb6643e45f7e01358,delivered,2018-01-05 09:58:33,2018-01-08 06:47:25,2018-01-09 16:51:52,2018-01-19 21:52:43,2018-02-09 00:00:00
791ecfcf358d8482338314a266c01fc4,f65235e8410545c21b41ecc9194cee27,delivered,2018-02-01 23:12:23,2018-02-01 23:33:35,2018-02-07 16:55:03,2018-02-20 21:39:34,2018-03-01 00:00:00
f19b492f25812691633dffcf530146f6,00c1cef22f54b3d3935e1c145b0c6ec6,delivered,2018-02-03 13:54:47,2018-02-03 14:10:10,2018-02-05 21:21:32,2018-02-19 13:27:46,2018-03-14 00:00:00
7a73fa784937ecc3d3f4a6fdd795ee1c,f698ecbcdf5e7530bc1fb607f8407479,delivered,2018-02-21 20:46:03,2018-02-22 02:15:49,2018-02-22 22:09:18,2018-03-09 23:22:49,2018-03-20 00:00:00
b4547d5f620b508ff80fb940f8d17274,846892645b3a7110ae50c1a920d52b60,delivered,2018-02-27 09:48:16,2018-02-27 10:09:35,2018-03-01 00:06:32,2018-03-06 19:39:03,2018-03-19 00:00:00
43eeba2441814ee8348a64e79749a290,a2e5b98ba9cb004814ab955f08d087d9,delivered,2018-02-20 16:03:09,2018-02-20 17:00:34,2018-02-24 00:13:58,2018-02-26 20:49:14,2018-03-13 00:00:00
b7500da4a02eac89b7dcbeaf4efaf00b,9b1f58aaf85fa158888a1f21ef45d26a,delivered,2018-01-13 15:14:06,2018-01-13 15:28:49,2018-01-15 19:59:02,2018-01-30 16:22:47,2018-02-16 00:00:00
5713bef560364e39ec1630ff62449492,793864114259d54262b38703f165acd2,delivered,2018-02-16 20:16:34,2018-02-20 07:15:29,2018-02-21 16:58:42,2018-03-12 23:56:17,2018-03-13 00:00:00
59fe3d09426ad8ab2704c83289504020,f76262103d732ab3dc351f36b1cf976c,shipped,2018-02-22 18:12:40,2018-02-22 18:47:35,2018-02-26 20:33:41,,2018-03-22 00:00:00
2dc8d02ac9a7d375b768d6a6355f7eac,832053b4fe6b18b0681026ecd9234d2a,delivered,2018-01-29 22:32:39,2018-01-29 22:53:29,2018-02-06 13:42:55,2018-02-14 15:12:53,2018-02-20 00:00:00
a4e84e3db34c5696f46c600ea20891e5,6e752ed2c9a8e333b6c074f8d2c5f028,delivered,2018-02-18 17:47:45,2018-02-18 18:50:29,2018-02-19 18:51:20,2018-03-05 14:19:45,2018-03-14 00:00:00
ec4dd77cb91b7689d123349c0e06f121,0535ae315864cfff5c19849a12720b7f,delivered,2018-02-05 08:19:45,2018-02-05 08:35:22,2018-02-06 21:21:45,2018-02-20 17:48:38,2018-03-05 00:00:00
29062384ce4975f78aeba6a496510386,6a12f6bdfda32e5f5b85abdda6536326,delivered,2018-02-16 17:59:43,2018-02-16 18:10:27,2018-02-19 23:29:24,2018-03-14 16:58:50,2018-03-27 00:00:00
4fb03ddd24b3d883bf20f5f196c53890,a4e4eb0b5a6fc9aa1839273af0f6406f,delivered,2018-01-16 18:41:05,2018-01-16 18:51:25,2018-01-17 20:27:08,2018-01-20 13:06:04,2018-01-31 00:00:00
ca29d7cf8cb37d08e6a73c1128859290,364b5d0bd02e707f4b99a50ef4493acf,delivered,2018-01-13 15:02:06,2018-01-13 15:31:39,2018-01-15 17:33:31,2018-01-24 17:03:16,2018-02-14 00:00:00
b4c43445398266d7f3b66a23eec3e609,7d47c02d64c21b203491d18deb3fba61,delivered,2018-01-14 18:27:54,2018-01-16 03:34:38,2018-01-17 18:43:02,2018-01-24 11:19:38,2018-02-07 00:00:00
7791eb26e081ed5f8dd15b40c45393a3,7936eb4ddff395a867c29f51b6c25ee1,delivered,2018-02-25 21:01:07,2018-02-26 09:35:57,2018-02-26 22:44:43,2018-03-05 15:35:13,2018-04-02 00:00:00
7d147963db91d7f73bfb2c6a89516682,63a888e54bc526210f7ca0e87d5e0746,delivered,2018-02-07 18:34:41,2018-02-07 18:50:12,2018-02-09 19:48:05,2018-02-27 14:08:49,2018-03-14 00:00:00
33719438c660a7964c608082a59a58c6,1777f8820f1331cc996abb92c3fa03d0,delivered,2018-01-01 12:51:04,2018-01-01 12:59:18,2018-01-02 16:19:18,2018-01-05 22:14:20,2018-01-24 00:00:00
09fe6a53d51c53e7961252621989b67c,c5b84038071afcc85b592d40ca2f6d21,delivered,2018-01-08 19:46:22,2018-01-09 07:24:06,2018-01-10 23:07:51,2018-01-18 20:16:31,2018-02-09 00:00:00
31e50461be6957a749166e97af082d0a,a95f4bbcf95262b073e4afa481b59ff8,delivered,2018-02-09 14:43:53,2018-02-09 16:50:06,2018-02-10 15:04:51,2018-02-16 17:02:38,2018-03-02 00:00:00
429ac14af69a71d769fea6b8aa217fbe,5b0ae9e7f015176aab8cf98d22cac483,delivered,2018-01-07 23:14:55,2018-01-07 23:27:34,2018-01-09 23:33:41,2018-01-10 12:34:06,2018-01-24 00:00:00
76b47b741630b7b9d7ea28747cce5f50,d6a6573d697208be8079929f15a2c5a8,delivered,2018-02-18 19:45:15,2018-02-18 20:55:51,2018-02-20 20:45:00,2018-02-21 22:22:01,2018-03-05 00:00:00
f69425cdf960af0610de624359fd6a04,310d31ae6e46c6bc708865caf0649709,delivered,2018-02-02 10:18:03,2018-02-02 11:30:46,2018-02-02 23:12:35,2018-02-15 20:47:01,2018-03-05 00:00:00
ea88c2a0257950a370dc5a14925d3871,ec3ee99a57612737fc00398d2367be24,delivered,2018-02-26 12:47:29,2018-02-27 05:30:53,2018-02-27 17:33:00,2018-03-15 02:08:25,2018-03-20 00:00:00
1c48d9b0f20275684de911afd11024f8,e38882ed2b1e443a3dd5f4f20166f700,delivered,2018-02-13 11:58:56,2018-02-13 13:10:19,2018-02-15 23:07:06,2018-02-19 15:06:33,2018-02-26 00:00:00
d383788a5c4be0b02e2ea3ae682de7d8,ac3fbd5c32d374ded966a98ad7ed07e6,delivered,2018-01-25 15:39:56,2018-01-26 03:17:29,2018-01-30 14:42:25,2018-02-03 13:58:42,2018-02-09 00:00:00
0057199db02d1a5ef41bacbf41f8f63b,c664dc5de5b5f4184bc4ca0285b9f8fe,delivered,2018-01-18 17:05:30,2018-01-20 09:07:51,2018-01-23 14:33:54,2018-02-06 20:07:20,2018-02-20 00:00:00
2f2c37a8993eb931289ed7a8a546791e,959367aaef568c17e9c7e43bfaa6d97e,delivered,2018-01-16 08:40:21,2018-01-16 08:50:28,2018-01-17 01:09:21,2018-01-17 20:30:36,2018-01-31 00:00:00
fe7d49cdcf690228d8d476caf24ef2d5,ac095f2531fd7e51e9adeba9eaf11f3b,delivered,2018-01-17 17:03:23,2018-01-18 02:12:36,2018-01-19 19:59:09,2018-01-22 16:22:07,2018-02-02 00:00:00
015e6682b50c824bfdab6b866f937936,f6188d661010819b1eac0c417e0c4cdf,delivered,2018-01-23 16:03:56,2018-01-25 02:38:30,2018-01-26 18:32:31,2018-02-03 17:19:45,2018-02-07 00:00:00
8b39b1a490a2cc8906ec4b08ef88a40c,b6edb7a52679daccac6fd260922362c6,delivered,2018-01-20 14:28:39,2018-01-20 14:41:33,2018-01-24 15:46:46,2018-01-31 19:13:00,2018-02-26 00:00:00
aee9ab9619b5a2654b3362e66256628e,fb8453aabb385a82c8db6add6e19948b,delivered,2018-02-12 12:51:18,2018-02-12 13:08:16,2018-02-14 16:48:37,2018-02-15 15:45:07,2018-03-01 00:00:00
0dba8cb0559eb37cc0217a28496b5f07,f6243ddedb1bf96ae357422c43bb883b,delivered,2018-01-09 22:50:43,2018-01-10 10:32:05,2018-01-11 17:43:29,2018-02-28 23:48:36,2018-02-09 00:00:00
8e2f6e8aa36fa3770c9f33a7129e81a7,70d21c84f9843a2413b5921d5fb12add,delivered,2018-01-02 16:08:11,2018-01-04 05:14:03,2018-01-08 15:30:20,2018-01-23 13:32:47,2018-02-02 00:00:00
68887b90a91e3d256872f6a54a90cfda,350110bd65be64335e112291bd986a9a,delivered,2018-01-25 19:36:26,2018-01-25 19:52:34,2018-01-26 16:12:23,2018-02-02 16:32:55,2018-02-22 00:00:00
3f76c80c72931658268f24765a09ebae,adc505e7e2e015260f92b0b2aabc3e0f,delivered,2018-01-31 23:30:07,2018-02-01 03:12:23,2018-02-01 20:44:52,2018-02-02 21:42:09,2018-02-16 00:00:00
7deb5565bced95f67ceac6f5dc57d4f4,5a91625bc8965ebc869d9e5247df4673,delivered,2018-01-22 13:46:07,2018-01-22 17:37:02,2018-01-26 13:52:50,2018-01-29 17:28:00,2018-02-06 00:00:00
02645c905eb7d1591a679f9bc3b669fd,7d81b5f1ff0e0a22a9496943f1df6cbd,delivered,2018-01-26 16:09:11,2018-01-27 02:41:29,2018-01-29 17:19:03,2018-01-30 14:48:45,2018-02-09 00:00:00
271664630912f9ea979c46c772f2187a,821655ab2e1dee407394c784caea8de0,delivered,2018-01-15 14:12:48,2018-01-15 14:19:25,2018-01-16 19:21:49,2018-01-29 20:13:27,2018-02-06 00:00:00
de66a309a3d6c4b34157f77edddc248e,2728bde7012224560c53a0ac264b9f09,delivered,2018-01-04 20:32:23,2018-01-04 20:48:00,2018-01-05 22:39:55,2018-01-08 20:03:49,2018-01-22 00:00:00
c1310d06e793969c9dfc72a433db577f,412298dcdcdf0447d852b9c1542e655d,delivered,2018-02-22 17:02:38,2018-02-22 17:16:07,2018-02-26 14:32:57,2018-03-22 14:09:03,2018-03-16 00:00:00
68439574f7cf6bd7de0b37d0e1321c7a,444d998dd9e7d510c9d2372892d89c50,delivered,2018-01-31 11:23:14,2018-02-01 02:56:49,2018-02-05 12:32:28,2018-02-09 20:22:15,2018-03-01 00:00:00
133653359984cfee2030890e2e117e8b,410697da59f581a4f92b665a15051cba,delivered,2018-02-02 20:29:27,2018-02-02 20:50:52,2018-02-08 00:45:59,2018-02-20 22:33:51,2018-02-26 00:00:00
fff2cdc825f9fc0ba3c04227cfa02303,9c18c06ccf9b2fafcc5f956c5b145212,delivered,2018-02-02 10:28:41,2018-02-03 02:52:42,2018-02-08 00:26:55,2018-03-12 17:08:53,2018-03-06 00:00:00
9e6fe339029ab5da038981a664daed02,d48bd10c0b0a05b1cc751f8894c32bcc,delivered,2018-01-09 18:48:22,2018-01-10 14:49:21,2018-01-11 21:39:03,2018-02-01 21:53:10,2018-02-02 00:00:00
a285ac76dd23bfb0ca14b34b894e9af9,c5017529359ab8ce299cb3ca7b1171f5,delivered,2018-01-19 13:48:59,2018-01-19 13:58:23,2018-01-19 22:41:36,2018-02-03 01:34:32,2018-02-22 00:00:00
491796bba785a397014b993ef8006380,7ec2fa9e2ebba90c99f413e7b8c5f3cd,delivered,2018-01-26 12:03:26,2018-01-26 12:21:39,2018-01-31 17:34:03,2018-02-19 19:48:57,2018-03-12 00:00:00
6b42a19086fbc8038a2a8e561a47a897,97862b5094f2c4333b42a6d9e44f9a6d,delivered,2018-01-16 14:18:11,2018-01-17 03:34:27,2018-01-17 20:54:05,2018-01-19 15:37:39,2018-01-31 00:00:00
669b32c048dfdec5e4573854abe5e565,dcdfe35bfb51be9e9a791431222fb73f,delivered,2018-01-05 12:39:07,2018-01-05 12:48:51,2018-01-08 20:51:30,2018-01-10 18:58:49,2018-01-23 00:00:00
844e12775ac8e461b63b4b1d225bb53e,0aff8fa1aa20ee1c70cbce19d7012a70,delivered,2018-01-27 10:35:58,2018-01-27 10:55:01,2018-01-31 02:58:43,2018-01-31 17:43:15,2018-02-14 00:00:00
c6c31b3822788ef03a9e4a3433024b34,285eb664efba4f42f1c6f141d7d5c941,delivered,2018-02-24 17:54:04,2018-02-27 03:10:28,2018-02-27 17:48:46,2018-03-17 17:47:28,2018-03-21 00:00:00
96637aa17954c0d0eb8fdb2571cf7342,f903d45628e30613796b655e228d612e,delivered,2018-02-18 14:21:01,2018-02-18 15:26:47,2018-02-19 18:22:47,2018-02-22 20:58:50,2018-03-23 00:00:00
127f8f54e84665683a3c9bde5b3e768c,1396bd8f880391136e575e2176f68157,unavailable,2018-02-08 18:26:32,2018-02-08 19:01:40,,,2018-03-06 00:00:00
987e9593668be10f799158973ca6fb87,d1dac904be59e9a142e30ad313465c2d,delivered,2018-02-22 20:50:24,2018-02-22 21:08:28,2018-02-23 23:39:23,2018-03-15 22:33:17,2018-03-16 00:00:00
0767f7b9a6d2c7db242000b27ca8e063,a4cba27784dff4e827894a6cf91fc55f,delivered,2018-01-02 15:38:10,2018-01-02 15:49:28,2018-01-03 21:41:30,2018-01-09 18:23:58,2018-01-24 00:00:00
965e76a46add2947780548a4a1e9d661,6507148ae0ed3627cb681738af94815a,delivered,2018-02-05 14:05:01,2018-02-05 14:31:28,2018-02-22 00:29:12,2018-03-12 21:51:16,2018-03-15 00:00:00
522a5e4ad2f2d51be25ae597da2b8197,8738ff633d54ab19562fc3b7d23f9fd0,delivered,2018-02-25 18:05:13,2018-02-25 18:15:29,2018-03-12 21:27:34,2018-03-19 15:41:47,2018-03-20 00:00:00
741a4b710c55ef9e32632a7fbdf1078c,cdb8930e682ac290c0c645bd9307f65a,delivered,2018-01-16 10:46:05,2018-01-17 03:35:49,2018-01-24 11:16:53,2018-01-30 22:04:16,2018-02-14 00:00:00
e1cbc1e8c3204aaecc891d1392f7b4d7,3b4d546d0e5f84a84c5cd3034c557b72,delivered,2018-01-04 09:22:57,2018-01-04 09:33:23,2018-02-06 19:27:54,2018-02-15 20:25:12,2018-03-14 00:00:00
f5ef1b1dc8aed14279eeb0f4b745d887,8d17dadd38588a5614269486646477dd,delivered,2018-01-19 16:14:35,2018-01-19 17:26:08,2018-01-22 17:19:52,2018-01-31 22:09:43,2018-02-19 00:00:00
cae09e797a12dd266a6b4ef0a4185910,176dea972808adbbe398302c3e8e0b30,delivered,2018-01-19 09:36:02,2018-01-19 09:53:12,2018-01-23 23:57:03,2018-02-02 15:48:40,2018-02-20 00:00:00
302e35ab075da160f3f02ba14e56d918,79cfdb8249a19f4294a99bce2fc9b2a8,delivered,2018-02-27 09:23:07,2018-02-28 09:50:58,2018-03-05 16:17:31,2018-04-02 23:46:37,2018-03-22 00:00:00
649caa9b6696d9b2bca095239ecaa00f,ff7d7815195c6869f62b1066a1032773,delivered,2018-01-29 16:51:03,2018-01-29 17:17:52,2018-01-30 18:33:20,2018-02-04 11:02:36,2018-02-26 00:00:00
ffabc9986c47883e4eb2d89a5907c2cd,a1c94ad12e202cef0fa337db69649b11,delivered,2018-01-23 15:17:56,2018-01-23 15:37:21,2018-01-24 21:18:43,2018-02-02 00:49:01,2018-02-20 00:00:00
6eb4105b2eba30c0d6f8e720d3909cbb,98a13a25160f30babbd81bb1d9b3e61c,delivered,2018-02-21 14:24:19,2018-02-21 14:35:29,2018-02-22 01:23:05,2018-03-02 19:42:51,2018-03-19 00:00:00
7cf857cfb39ed45b92fb028838b4c2d8,15b01c0eb91f2f6397290e02db0d9e0f,delivered,2018-01-09 14:52:04,2018-01-09 15:10:38,2018-01-10 16:17:50,2018-01-15 16:32:58,2018-02-06 00:00:00
9fa477fbd91ee8d606ff71e50ac338df,b555fbd540c87c32c19f5d97cfe35822,delivered,2018-02-07 09:01:40,2018-02-07 09:10:32,2018-02-07 19:32:03,2018-02-14 16:38:49,2018-03-05 00:00:00
9e9eaca3c0a93a11ca21d05439198a7f,927de9deb8fc2609844b1bb01b1f5818,delivered,2018-01-23 22:06:00,2018-01-23 22:16:13,2018-01-30 22:49:11,2018-02-19 13:56:55,2018-02-20 00:00:00
7536412c065c3c88cab8d15d406b24d8,b52171d5370a57ed48078d937381bdc9,delivered,2018-02-23 22:40:26,2018-02-23 22:50:36,2018-02-27 20:04:12,2018-03-12 16:54:25,2018-03-21 00:00:00
99a3c8e51539b3ccb221a27cc29367f2,2d5fffafdb7a4df6df450ab48689a7b0,delivered,2018-02-13 14:34:57,2018-02-13 15:07:55,2018-02-16 00:22:31,2018-03-05 15:30:04,2018-03-14 00:00:00
f47f765aa8145f17ab00798fa7db8c41,7aa1405659e935dd74d52e7232d8299a,delivered,2018-02-27 20:58:09,2018-02-27 21:31:43,2018-02-28 23:25:36,2018-03-05 15:52:03,2018-03-20 00:00:00
d8af11fee1f5a13bf7b3584b9cce55fa,035702d60604fde0df3e3d975fcc3aa2,delivered,2018-02-10 16:31:15,2018-02-10 16:47:57,2018-02-21 18:47:34,2018-02-26 18:04:34,2018-03-15 00:00:00
e6c0c1754a4772066631827775c805d6,2082b281d48ea041b7a582aa8145a8a2,delivered,2018-01-10 22:19:08,2018-01-10 22:31:30,2018-01-11 14:49:25,2018-01-23 20:09:03,2018-02-09 00:00:00
bbf79c6b5be913c369b5855982d9208c,b774417f5519d50111815b41af44d0be,delivered,2018-02-10 17:01:42,2018-02-10 17:15:43,2018-02-14 19:33:27,2018-02-22 15:05:42,2018-03-13 00:00:00
663ccd66895e16bba443625e63a777ff,2ef0f7f70617d7905b13028bf5c25a30,delivered,2018-02-26 14:28:39,2018-02-26 14:49:36,2018-02-27 15:36:12,2018-03-12 20:48:27,2018-03-26 00:00:00
d4fea11ff5517f07ba8cd4220302d1fe,8970ed2a42455d59af7ca18d17aa8b8b,delivered,2018-02-23 22:11:52,2018-02-27 04:31:23,2018-02-28 00:09:00,2018-03-06 20:57:53,2018-03-15 00:00:00
547468fc947589458c1e3694e67b0341,5034fc24d376afb527493b6f6340bcb0,delivered,2018-02-26 14:49:52,2018-02-26 15:41:15,2018-03-01 22:46:56,2018-03-08 20:38:35,2018-03-21 00:00:00
946a24e6c014fe25b4af2d002c1b0594,8be9edf093070963f58d76ba9333ceca,delivered,2018-02-10 12:06:03,2018-02-15 03:47:53,2018-02-16 23:08:08,2018-02-27 19:26:51,2018-03-22 00:00:00
f7a5aaacd33d456c519fe9934602f152,f8fe77113f821745126f9175bbe464e2,delivered,2018-02-28 18:23:29,2018-02-28 18:30:32,2018-03-08 18:27:32,2018-03-14 18:32:37,2018-03-19 00:00:00
fadbac33feb2a1e4f63dda6c1b6908b2,b7c9fb8b2a9ac4811c342a2693f6849e,delivered,2018-02-27 16:24:55,2018-02-27 16:50:00,2018-03-01 22:48:43,2018-03-16 21:05:05,2018-03-23 00:00:00
60b7a154dfbcedf1c0b7b294d0cfae7b,66637c0e4a801a4cd3ba72818e7b5b11,delivered,2018-02-05 16:11:25,2018-02-06 04:33:10,2018-02-07 23:04:31,2018-03-16 01:33:01,2018-03-27 00:00:00
48d0293985d532c653f5d41dbf977030,3bb005ea4eafbfe73f8e720b795aa06e,delivered,2018-02-23 12:46:39,2018-02-23 13:10:13,2018-02-28 15:29:46,2018-03-13 12:27:23,2018-03-22 00:00:00
bab00350f5ef0c26654bc8eb1b90ea9f,fff0f9fbcdf9cfe4d9328bd3a7af71d7,delivered,2018-02-17 12:21:28,2018-02-17 12:30:31,2018-02-27 22:35:12,2018-03-19 22:16:51,2018-03-23 00:00:00
9a55f6c39b39d7b71a170dab3430e29f,5a99f523ebbdfb370a07029f25a23bd0,delivered,2018-01-13 10:52:20,2018-01-13 11:09:06,2018-01-16 16:27:07,2018-01-26 21:09:48,2018-02-08 00:00:00
a1d206a791daa08f58c1fb8e3ab028ff,2b6040b9e07d07c64aeb630c141c5b53,delivered,2018-02-17 01:25:35,2018-02-17 02:07:46,2018-02-17 17:25:13,2018-03-05 17:57:12,2018-03-19 00:00:00
f55e3574a0c2475fa05dc439e338b8ff,a3c31ccdbdfe55e13df10e3f0ee03fed,delivered,2018-01-10 22:05:17,2018-01-10 22:13:29,2018-01-12 00:35:49,2018-01-16 20:03:45,2018-02-02 00:00:00
0f286dcb49da58061b9ae488027e4033,227b4936c1389b6feb5a4b2d5a1a168c,delivered,2018-01-23 13:02:09,2018-01-23 13:18:22,2018-01-24 21:10:01,2018-01-29 18:46:39,2018-02-07 00:00:00
fd220bb11ef8a046fef08e7c51f11651,e323284f8ca0cc5bffa175c126763fbb,delivered,2018-02-04 19:12:28,2018-02-04 19:28:55,2018-02-05 17:22:38,2018-02-14 19:08:52,2018-03-02 00:00:00
c57f0cccbb35bc98d5199bb5bda322b5,91bfe7a07b35a7caa17a1ab6c587a5c5,delivered,2018-01-20 16:00:29,2018-01-20 16:21:21,2018-01-31 17:33:19,2018-02-01 17:21:52,2018-02-23 00:00:00
917a1e55e47868301492b1f8f765a6f8,e66a30c180b39bc69be9b943afcd94e6,delivered,2018-01-26 19:04:42,2018-01-26 19:18:19,2018-01-30 23:39:36,2018-02-03 13:26:42,2018-02-09 00:00:00
fc8b5696b23d0710ae737ff9c16f80ea,8953cac02ef5531e3b49afc55cc21232,delivered,2018-01-15 21:54:38,2018-01-15 22:10:41,2018-01-16 22:25:09,2018-01-27 12:09:29,2018-02-14 00:00:00
353f701bcba3aef1da4ccc8d5c4c3162,7cbd24070f207fef09b1a1f0487a1e92,delivered,2018-01-23 11:19:16,2018-01-23 11:38:00,2018-01-24 22:23:15,2018-02-01 17:38:08,2018-02-16 00:00:00
acc3d23f43622a2ad8db0ee9d65003cf,06c72249e5daf5bac0ada54b615fba05,delivered,2018-01-09 21:08:24,2018-01-10 10:32:24,2018-01-11 18:23:01,2018-01-17 23:04:43,2018-01-30 00:00:00
3ce23ec58b30f84a32003c7bf535d14f,bce6ef9a2c74960345850bfae20ba406,delivered,2018-02-21 18:14:59,2018-02-21 18:32:14,2018-02-24 18:48:52,2018-03-01 18:16:47,2018-03-16 00:00:00
2f31ce5a220e0b97b2d1922c86bbbb66,170fefe7a670a64ef38b1e16aedfafb0,delivered,2018-01-10 19:43:04,2018-01-10 19:55:30,2018-01-11 17:39:18,2018-01-30 17:07:19,2018-02-15 00:00:00
d314606b4bdfe800bef60e92196924f7,9129cf8276a56e1c8b1b61ed8cacf484,delivered,2018-01-25 20:02:02,2018-01-27 02:50:30,2018-01-29 19:57:08,2018-02-01 16:22:22,2018-02-09 00:00:00
6a729d9b8d092428e08072ed4eff6899,a852418fa57a3c9bc4eaed8a7323d2ca,delivered,2018-02-08 18:35:31,2018-02-08 18:50:53,2018-02-09 19:39:03,2018-03-27 21:11:31,2018-03-21 00:00:00
91691e7a660914bb835e82d2f6b12a2f,8535e7d171732dcdb3de48ff99040f6c,delivered,2018-02-01 17:39:01,2018-02-01 17:53:22,2018-02-02 23:42:11,2018-02-09 15:11:53,2018-02-23 00:00:00
2671fbea1d23cb4415ae5e3902961d61,707820300c6625542265b552fbdb4700,delivered,2018-01-25 16:24:17,2018-01-25 16:34:56,2018-01-29 19:58:47,2018-02-06 21:53:37,2018-02-22 00:00:00
54ba13fda17f8cf8f1f57095a2c7c026,59b1ec87fa0a8d2c630672eee38b8ce2,delivered,2018-02-03 13:07:28,2018-02-03 13:30:31,2018-02-06 22:16:42,2018-02-18 12:11:44,2018-03-08 00:00:00
c6633f15bb100c51b118728e245cf98e,68466ebea66e12e3c083349b1604aa5c,delivered,2018-01-06 20:10:47,2018-01-06 20:19:28,2018-01-09 15:59:32,2018-01-11 14:07:42,2018-01-24 00:00:00
49ce81a5bb55c1d1afb2627410822fa7,85569a220677a6e1458ca456d5c0ff29,delivered,2018-02-16 13:43:28,2018-02-16 13:55:25,2018-02-19 19:29:11,2018-03-15 05:28:23,2018-03-26 00:00:00
aa62ed0f229f8631e59c8b849621124b,a7cf3a94b9f48cade9a9e38fa3fffee4,delivered,2018-01-31 00:47:06,2018-02-01 03:15:40,2018-02-07 22:33:01,2018-02-20 21:43:10,2018-03-06 00:00:00
4a5a742a2a571604208cc3f88ea253fc,026134c333097d60a052ab271aa99159,delivered,2018-01-14 19:46:07,2018-01-14 19:54:23,2018-01-24 13:22:13,2018-02-09 17:03:20,2018-02-19 00:00:00
7f7b0dbca9d4f3fe1e1bd04866499f8d,04ea55920e35d12b624eed3a92b137f8,delivered,2018-02-03 21:54:08,2018-02-06 04:32:58,2018-02-09 22:52:29,2018-02-22 19:14:00,2018-03-13 00:00:00
1d855e8c92028241ca7037420e529185,6534e598b0d2df4ae408c8b114b97618,delivered,2018-01-12 00:31:57,2018-01-12 00:47:54,2018-01-12 23:39:27,2018-01-14 13:59:56,2018-01-29 00:00:00
6f241b660166c2114fd190c56928a413,84b5d5ec2e4c5409eb6d9ed090499a80,delivered,2018-02-08 02:43:53,2018-02-09 10:11:20,2018-02-16 22:39:08,2018-02-17 13:06:03,2018-02-26 00:00:00
c79b866af7c3d1b58adb819559fc2887,96d08143f5ca32f2205302e4820dd450,delivered,2018-02-21 22:23:43,2018-02-21 22:35:33,2018-02-23 00:42:15,2018-02-28 16:16:56,2018-03-21 00:00:00
a68c330c22c204ef5283a562bed75b97,6d6335349686a400eac6839dd1d060c3,delivered,2018-02-20 16:06:21,2018-02-20 16:15:30,2018-02-28 00:42:56,2018-03-05 18:18:56,2018-03-13 00:00:00
bf74f34eea55f16dd17b6212310074f8,0735e7e4298a2ebbb46649346570476a,shipped,2018-01-26 22:12:04,2018-01-27 22:12:58,2018-01-29 20:45:03,,2018-03-05 00:00:00
a09ed5d1761ac2a730a3447189e6eeea,cbef3c154e489044b5d5aa6a550ad4ad,delivered,2018-01-22 11:24:05,2018-01-22 14:18:23,2018-01-24 17:42:01,2018-01-27 09:52:55,2018-02-06 00:00:00
a9db785c3c219acb88a8a8c594045493,9e24614d3c9138935bdd12b9b0504a7a,delivered,2018-02-12 19:22:50,2018-02-13 19:15:27,2018-02-16 19:56:34,2018-03-02 17:53:57,2018-03-07 00:00:00
bbd5320df89920817b0cc073770a9c8f,220c0d585ecee4fa50f3c996c16432d4,delivered,2018-01-12 16:30:25,2018-01-12 16:50:00,2018-01-15 17:52:58,2018-01-18 20:33:02,2018-02-02 00:00:00
7305de8d799425df87d0f0c07d7ca63d,2f28f35b1daac701a19117b36b98c634,delivered,2018-01-25 19:47:09,2018-01-25 19:58:27,2018-01-26 21:09:35,2018-02-06 19:33:16,2018-02-20 00:00:00
0a7a3bb3bfcebd9e89241cf037c3bc85,9466322b97e1ac6b447e2e6404ed612a,delivered,2018-01-23 22:32:24,2018-01-23 22:53:19,2018-01-25 21:51:48,2018-02-02 20:03:29,2018-02-20 00:00:00
be6229f5b2e1673b034fe6de9141b667,8d448867c298ff9f233763eb683b27fd,delivered,2018-01-23 20:27:57,2018-01-23 20:39:28,2018-01-26 18:56:34,2018-01-31 19:33:59,2018-02-08 00:00:00
8745becbbbd36c57276dc93fed8bbe1c,e9987c23dd2a5898f664c89329981d77,delivered,2018-02-12 14:14:43,2018-02-12 15:00:26,2018-02-14 20:07:04,2018-02-16 10:22:35,2018-03-01 00:00:00
0277fae7eda81470bf6c87dc570e267a,1b7500033ab2ef2a6e9a8e9b9aa3d660,delivered,2018-02-08 20:14:10,2018-02-08 20:29:06,2018-02-16 00:57:00,2018-03-15 20:51:13,2018-03-09 00:00:00
862c4f2bb3b1157099aaf23955a73228,782b181274f4857d96fd9b59345d31b6,delivered,2018-02-08 18:40:20,2018-02-08 18:50:51,2018-02-09 20:12:16,2018-02-25 15:24:38,2018-03-02 00:00:00
60bfb63930f066b16ee32b640d38c501,9690ae19fa23072cfcb90303086e261f,delivered,2018-01-22 15:55:00,2018-01-23 03:52:36,2018-01-26 13:57:51,2018-02-15 22:21:34,2018-03-07 00:00:00
8db75604855db18d2672d5697268938c,f7c17f006f58342e6eb4afa6d076037f,delivered,2018-01-06 01:28:12,2018-01-06 01:38:22,2018-01-10 17:17:24,2018-01-17 15:48:57,2018-02-05 00:00:00
076a94fba0a6b3a82345423e9f1bd3dc,b1373bd6563737bf205587f4d78859cd,delivered,2018-02-14 17:28:57,2018-02-14 17:35:37,2018-02-15 22:53:32,2018-02-27 20:54:08,2018-03-27 00:00:00
f9b45712fe135d49c839b6dc346d2661,0c074e014f4b775ec78e28f3f35ee0fd,delivered,2018-01-05 17:08:19,2018-01-05 17:19:25,2018-01-08 23:08:11,2018-01-11 22:46:16,2018-02-01 00:00:00
a59372f164ef9ad12ea00c6d90010bfe,48cb861dced926b9bd10c73b088ea09b,delivered,2018-02-19 18:06:43,2018-02-19 19:10:31,2018-02-23 22:28:43,2018-03-09 16:58:38,2018-04-02 00:00:00
884e5d3456c8de94634174aa2fa4cb5e,9f5aeea297d6ddacd404fbb57347c6ef,delivered,2018-01-26 14:47:07,2018-01-26 14:59:07,2018-01-29 19:42:53,2018-02-02 00:51:31,2018-02-19 00:00:00
73960fc10fc7f6337ed0fe06f14bec36,e2054b87898ae5f0c78d02286317178e,delivered,2018-02-28 13:23:43,2018-02-28 13:35:33,2018-03-01 20:23:17,2018-03-09 17:32:10,2018-03-21 00:00:00
7f0bf46f4a4126baeb7987ac4a28ddf9,7a4bfd73fec5afa8ec305958566cc3c9,delivered,2018-01-13 21:08:59,2018-01-14 21:51:28,2018-01-18 19:12:50,2018-01-26 17:16:42,2018-02-01 00:00:00
a1082c701ce0f4976085760dfe7fa605,a676968396ccfe1318e256c946c7b38f,delivered,2018-02-28 16:31:46,2018-02-28 16:51:22,2018-03-01 18:42:46,2018-03-02 19:37:37,2018-03-13 00:00:00
7479602087995e8c012bedfc514562fa,93c9596ca6e519e3932fe4f29f8d54c4,delivered,2018-02-24 13:48:53,2018-02-24 14:08:04,2018-02-27 23:57:01,2018-03-02 02:34:08,2018-03-12 00:00:00
d226c6a38313ae07e11b12bad9adb222,f7bc089803fdef571f770ab60bbb8745,delivered,2018-02-05 23:24:02,2018-02-05 23:35:23,2018-02-07 19:57:50,2018-02-20 15:45:11,2018-03-07 00:00:00
5aaf5359952da832a493aaa6e4269d9f,f49b2fd3d290c3b75e8788498bcd9e98,delivered,2018-02-22 07:44:07,2018-02-23 02:31:15,2018-02-24 00:03:28,2018-02-26 20:48:41,2018-03-08 00:00:00
4f1482e926881ff58f7384a6e6bd0771,394683dab19e214dafc244669dcc96c3,delivered,2018-02-03 23:36:46,2018-02-03 23:50:23,2018-02-06 18:56:28,2018-02-27 00:09:30,2018-02-21 00:00:00
c0c017c50d82e3833bd2e0a45b66b14c,280aa7f3ab12ed7c00216fb78fa0d065,delivered,2018-01-07 13:33:41,2018-01-07 13:47:07,2018-01-08 16:27:07,2018-01-09 17:59:17,2018-01-24 00:00:00
24fe896f12fc80ca8e107a56258b67d6,8e29f1ea42a090c304ec11ad37cefab8,delivered,2018-01-17 12:52:05,2018-01-18 02:13:19,2018-01-19 01:46:32,2018-01-26 16:38:37,2018-02-15 00:00:00
4155b1b0ef6538b1c18db62c4935b752,db88c1b5e13678ba205ab7743da9a272,delivered,2018-02-17 20:52:39,2018-02-17 21:07:05,2018-02-20 00:48:30,2018-02-22 19:29:25,2018-03-06 00:00:00
ea5de982dcad5c99c514bce533478cc3,ead3dad6c0d88204add1db3b03422ff4,delivered,2018-01-04 17:42:07,2018-01-06 02:08:09,2018-01-10 17:13:38,2018-01-16 19:38:40,2018-02-01 00:00:00
19367a2c7e1dce7c26afa959e0581da2,06757e2a216429d601d7cda36642769d,delivered,2018-01-28 17:56:18,2018-01-30 04:31:07,2018-01-31 00:28:39,2018-02-05 22:53:12,2018-02-20 00:00:00
360ebdf2cf29914195eff429ee928b19,e3f04f96d9439475b2ef363500be3078,delivered,2018-02-14 14:58:09,2018-02-15 03:51:41,2018-02-16 02:04:40,2018-02-28 21:25:15,2018-03-06 00:00:00
b1cc044d321053348a5e482ca7e6b2e3,d3286ca43aa21423c6045b2806ca8e56,delivered,2018-01-30 19:29:01,2018-01-30 19:54:04,2018-02-09 13:08:10,2018-03-16 01:41:08,2018-03-20 00:00:00
25f1a44846759c52334309da493877c6,24b85efab2e4f813b6848980e003f286,delivered,2018-01-02 17:22:35,2018-01-02 17:34:18,2018-01-05 20:28:43,2018-01-11 18:11:28,2018-01-26 00:00:00
dec7dc241ccb42c75f312f0f37197d3e,424c99b572a8dcd0d175d21dec523570,delivered,2018-02-23 19:41:23,2018-02-23 19:55:21,2018-02-27 17:12:49,2018-03-01 01:29:07,2018-03-09 00:00:00
c0bd1839e07d2c2eb2f047b50da39f2e,310509e891b9c8d01507a2acd753324c,delivered,2018-02-26 09:41:18,2018-02-27 04:41:14,2018-03-05 20:53:34,2018-03-15 01:31:00,2018-04-05 00:00:00
4be15c7abcf23a32b92fdd6fe0859ed0,3926b3687da46e8225d5120e6b086ad8,delivered,2018-02-13 01:34:10,2018-02-13 02:07:27,2018-02-14 19:36:26,2018-02-21 22:13:19,2018-03-13 00:00:00
a55541361989054e33eeefbe9f6cf4d8,ca8997594ddf362159cbd41efe9a9827,delivered,2018-02-20 14:35:23,2018-02-20 14:51:19,2018-02-22 17:08:36,2018-03-10 00:57:41,2018-03-14 00:00:00
146d78b044ffaf06c38faf05f58e2c57,ea55a2936f9db506d84bca335a6832b2,delivered,2018-02-13 18:48:44,2018-02-14 18:47:59,2018-02-15 22:23:55,2018-03-11 13:46:49,2018-03-12 00:00:00
3d1c4e2abc39b60c6d972acad25ea459,08ff8ee4ba2dc2a1ad0518273d841e04,delivered,2018-02-08 10:09:35,2018-02-09 02:50:23,2018-02-09 23:21:39,2018-02-15 22:33:31,2018-03-06 00:00:00
171165c9f5a878508a44d0d428d50099,ab8a0400a0f42a7f9c3ef0880576ecc5,delivered,2018-02-09 11:43:40,2018-02-09 11:55:28,2018-02-09 23:18:59,2018-03-02 11:35:09,2018-03-15 00:00:00
4ec6e451a636b410f15897c0a67582b1,91f1ab8bf361598b065535ed7c694086,delivered,2018-02-27 14:46:26,2018-02-27 15:09:10,2018-02-28 16:23:19,2018-03-13 13:50:41,2018-03-22 00:00:00
3e141e345041b9a2a2648dca90d431c7,a7acf0a4c0a4d6ea3d93b47a489219c6,delivered,2018-01-03 21:20:26,2018-01-03 21:29:22,2018-01-09 19:39:12,2018-01-11 17:17:01,2018-01-19 00:00:00
fc6bb905fab635b31a166e561395bb01,2da8c5bb05b59fcf2023c3be4d2f5c65,delivered,2018-01-07 19:48:40,2018-01-07 19:57:19,2018-01-08 16:30:07,2018-01-17 18:32:20,2018-01-24 00:00:00
82171257a2cb92f1a042bbca64864a08,1f8ba8b0f133a1c149229baa78d0ec49,delivered,2018-02-28 12:33:09,2018-02-28 12:48:37,2018-03-03 16:56:55,2018-03-16 15:19:34,2018-03-29 00:00:00
76ccfd1f50385cff04dc3ba521500b47,140bf51a12fef6c8bb0ae5c195f502fd,delivered,2018-01-26 15:52:21,2018-01-26 16:19:25,2018-01-30 21:46:54,2018-02-05 13:45:58,2018-02-22 00:00:00
314c573c3c333b3bfdaf1b7821642d39,bccae5c7dd2a780d7ff0324eddc18ea0,delivered,2018-02-22 20:25:24,2018-02-22 20:45:32,2018-02-23 21:22:08,2018-03-15 17:42:44,2018-03-14 00:00:00
6be0c2a796120ceb227fea7dd3fc191e,2d7eb08353ddc40b714bff05e00c0454,delivered,2018-01-02 21:34:10,2018-01-02 21:50:22,2018-01-05 19:57:22,2018-01-15 21:38:42,2018-01-30 00:00:00
215f6b9ea07139e948fae84ee698ff46,1ec6a6fbe8e5d161bdc13d8e00bb06a2,delivered,2018-01-19 17:59:19,2018-01-19 18:20:36,2018-01-23 00:26:56,2018-01-30 15:15:03,2018-02-14 00:00:00
530d6b82444d29e791d959a7c3ce4559,f11542d6ec6877fdcb89dd32e17f71d9,delivered,2018-01-29 15:03:43,2018-01-29 15:18:48,2018-02-02 01:58:59,2018-02-15 17:54:09,2018-02-26 00:00:00
54652fe6ede11ad6bb14698156b3301d,6f1801be4cc2a6fe5aa24937d0934fb6,delivered,2018-01-25 14:55:45,2018-01-25 15:20:14,2018-01-26 13:59:07,2018-02-03 19:54:38,2018-02-20 00:00:00
a6717f2cd428dfe26525facd5fada0ad,03915163a75b2905841984b17a5d949a,delivered,2018-02-25 11:00:18,2018-02-25 11:10:34,2018-02-27 14:33:50,2018-03-29 19:06:43,2018-03-23 00:00:00
77c25f4b196368d4d43fb319b5d6ae80,ccc028642cff4a3356f1ddb0a62700b3,delivered,2018-02-28 10:21:56,2018-02-28 10:35:35,2018-03-12 23:48:54,2018-03-24 14:32:10,2018-04-02 00:00:00
8a089e8bded26bb207aa04ad5791f91d,9b63fc9c90f6be5237bf13b4804916fa,delivered,2018-01-07 17:14:25,2018-01-07 17:27:29,2018-01-09 15:05:52,2018-01-16 19:59:32,2018-02-08 00:00:00
4c1cb882a6632f95d9732ca92f5715f8,6b7c4885e1dd12bd058d809f39e2d660,delivered,2018-01-10 09:49:00,2018-01-11 02:48:32,2018-01-15 17:24:44,2018-01-24 22:52:40,2018-02-06 00:00:00
aad7d7dacb681055d348e02842f0590b,67d919011e9111fd930af9c0e3e016d5,delivered,2018-02-11 20:24:37,2018-02-11 20:49:30,2018-02-14 22:46:10,2018-02-19 23:18:03,2018-03-14 00:00:00
03ddab02775c66c855ad41424ae356e3,ed87333e69d2709d374534505818c9e2,delivered,2018-02-06 17:01:53,2018-02-06 17:15:39,2018-02-07 22:17:39,2018-02-19 18:11:40,2018-03-26 00:00:00
f49cd89d6dad6dd5759ecf15dfe4bb19,0f687ed7edef79545319e147f39a290a,delivered,2018-02-19 10:06:26,2018-02-21 06:20:25,2018-03-01 21:08:45,2018-03-14 18:28:23,2018-03-19 00:00:00
4420eabc0fdae293aa0f049071c5d871,be3e55a849a12f3c2480f01cc50cdcb5,delivered,2018-01-21 14:41:29,2018-01-22 13:51:11,2018-01-23 21:35:00,2018-01-29 18:22:13,2018-02-21 00:00:00
421e787a5dec780e5db14facee9bdab5,ef4b4f3a32448a53c0692f135e4e9bbb,delivered,2018-01-09 19:08:15,2018-01-10 10:32:23,2018-01-11 18:38:58,2018-01-19 09:09:47,2018-02-06 00:00:00
4b4d023762cb66a4517f22ec1497ee17,b1ee4fbe44dc61d64d62717783b66164,delivered,2018-02-25 16:57:33,2018-02-25 17:10:22,2018-02-27 19:10:26,2018-03-01 20:56:49,2018-03-12 00:00:00
31d9a6982f9690f7618f0a5d647504b0,b9e34574be980df75b9142b558bcb243,delivered,2018-01-22 16:53:38,2018-01-22 17:16:04,2018-01-23 13:59:49,2018-02-07 17:41:36,2018-02-21 00:00:00
309de5faf9baa8961fd068f3f4e44dcd,212faae3e5c3646879daad76a9f106b3,delivered,2018-01-31 00:05:22,2018-01-31 12:31:08,2018-01-31 20:46:45,2018-03-11 19:46:30,2018-03-07 00:00:00
bce7047b261dd5116e87384f4fe9afc1,10cbfffea4f804ac1cc68a8a558424f9,delivered,2018-02-14 13:47:37,2018-02-14 14:07:00,2018-02-15 20:21:37,2018-02-21 23:54:47,2018-03-16 00:00:00
751c243ac05d86027b2fea2198de7d3c,3440df7a1bfd7becf564b373e2f2bd9d,delivered,2018-02-02 10:10:38,2018-02-03 02:53:30,2018-02-05 22:41:35,2018-02-22 01:19:22,2018-03-05 00:00:00
b0108048de2b5125e5d31e6f6f2e2229,5f6ba29e61a7490f485a5d6d93710f5e,delivered,2018-01-11 19:22:37,2018-01-11 19:33:27,2018-01-12 21:26:55,2018-01-31 12:52:24,2018-02-01 00:00:00
09f2c6e797b432724b3a123f1ec897bb,c08a028e3cf76efe09f3ca8526ea2dcb,delivered,2018-02-15 16:10:26,2018-02-15 16:26:39,2018-02-17 01:08:13,2018-03-23 18:08:28,2018-03-07 00:00:00
57b9cf4a37a14014639920e1f6d81e52,7ae471bc92b0ecb06c812292ffef849b,delivered,2018-01-23 22:47:46,2018-01-23 22:57:25,2018-01-25 00:33:16,2018-02-06 19:00:54,2018-02-16 00:00:00
0f1dea9ac2c2be3ef6885442dab7ef0e,a66bb70ae2854436813837d31757b08d,delivered,2018-02-17 11:48:42,2018-02-18 12:30:26,2018-02-21 19:31:47,2018-03-13 17:52:19,2018-03-15 00:00:00
cfe6280cb115ade27e379ed940db3f1f,a43e0f37cf24e9449489d65aea6daedb,delivered,2018-01-04 20:38:39,2018-01-05 20:30:32,2018-01-09 20:18:15,2018-01-15 16:58:34,2018-02-01 00:00:00
88dc98a18a69037c35842524a4b9a058,1889da9a714df2f014fe375a0aa0ac7c,delivered,2018-01-19 09:00:55,2018-01-19 09:12:38,2018-01-20 00:54:44,2018-01-29 13:58:52,2018-02-16 00:00:00
dd860e84c8713ccc97a6a06c693db178,8e078e0f84bab49084437ab6547150a0,delivered,2018-02-15 15:15:53,2018-02-16 16:15:27,2018-02-22 01:33:08,2018-03-01 02:10:19,2018-03-07 00:00:00
0ceeef56025eee22241c8d510ada51a7,7f2715e475d14727955a85e96a62fdb8,delivered,2018-01-25 10:32:10,2018-01-26 10:31:50,2018-02-01 01:41:34,2018-02-16 16:42:43,2018-03-05 00:00:00
398fd6b442d547df72d50856acac5722,eeefdd738a57bdbadf9eec64a5a5dec9,delivered,2018-01-14 12:23:28,2018-01-14 12:35:31,2018-01-15 16:10:17,2018-01-22 20:58:25,2018-02-08 00:00:00
96e95ca6ffb5d5f7d5a8f26a525c2cc9,5c2d52dcfbeee8704168520a5e9433e2,delivered,2018-02-13 21:24:28,2018-02-15 04:11:03,2018-02-15 22:25:02,2018-02-19 15:35:31,2018-02-26 00:00:00
3ed99ad145f818a65b1bcfce6a4182fb,bef38470e63f1682262948029b5d9ab5,delivered,2018-01-09 18:38:49,2018-01-10 10:05:32,2018-01-15 16:16:58,2018-01-29 13:29:45,2018-02-15 00:00:00
7124bd2d49c395dc9b4c8ff94d6c919c,f5587866e99f9081654f4dbfa7757d28,delivered,2018-02-07 18:29:52,2018-02-07 18:50:10,2018-02-08 18:02:51,2018-02-22 10:36:52,2018-03-12 00:00:00
7830b4558355121b3b0703913ad9d100,97a7421fe26352e0209f4800087ee817,delivered,2018-01-31 16:45:45,2018-02-01 16:56:57,2018-02-06 19:26:46,2018-02-07 18:23:16,2018-02-16 00:00:00
7a2226788e3271396a9eacab9c7533ff,afa43790ae863947519d2d28d5606633,delivered,2018-02-24 12:48:15,2018-02-24 13:07:42,2018-02-26 21:16:55,2018-03-12 18:36:43,2018-03-28 00:00:00
7e8fd0c601d51838d063e75482cbad9c,33af4cacd6d2dcf53a8ae1bae9e107b9,delivered,2018-02-22 11:04:41,2018-02-22 11:31:06,2018-02-23 21:17:18,2018-02-26 18:12:33,2018-03-08 00:00:00
fa3564e25054d8ea0e296c7b00233d39,d55a841bbeba831f8dc6d1d5e81c908f,delivered,2018-01-24 13:52:59,2018-01-24 15:38:46,2018-01-29 22:08:03,2018-01-30 19:56:26,2018-02-08 00:00:00
0f30693cac68f8597594c35a1dc38a8e,9a667cf2c1f4d414eb5f05d55c22318f,delivered,2018-02-26 20:54:20,2018-02-26 21:09:09,2018-03-12 18:32:43,2018-03-30 00:11:00,2018-03-20 00:00:00
8dd7a0e54d3e1de854946bed6b8bb4ce,d12161a358a2d89b50d9bedd2f911207,delivered,2018-02-06 00:26:43,2018-02-06 00:35:28,2018-02-07 22:51:23,2018-02-21 11:29:07,2018-03-13 00:00:00
da36e5a5930096aac1b8900a3c4cfe33,adb85ff55e0f765c156f8738957050d1,delivered,2018-01-31 08:22:31,2018-02-01 03:12:08,2018-02-03 00:57:28,2018-02-09 01:33:20,2018-02-16 00:00:00
e0b42130d37ff0c40d83a9dee30d2519,aa4bcebd775c8d70e2dec7bb5a949d53,delivered,2018-02-09 23:00:26,2018-02-09 23:15:22,2018-02-14 20:38:54,2018-02-20 22:33:42,2018-03-05 00:00:00
c0985d645958d6bf06fda4f4287bfe90,94681622e0ad228d6c238a15aa9441fa,delivered,2018-02-17 10:35:46,2018-02-17 10:49:50,2018-02-19 15:48:52,2018-02-28 21:04:18,2018-03-12 00:00:00
374bd3371c572eff1218edb0eb68cb96,17df09c17e859d9c328292bf6444ba9c,canceled,2018-02-14 03:35:04,2018-02-14 03:50:30,,,2018-03-14 00:00:00
ae68db7133205767bf752b04da1d3b50,06497bec842a481bd823944e52528944,delivered,2018-01-13 22:24:39,2018-01-16 03:51:07,2018-01-18 18:53:03,2018-01-24 22:38:52,2018-02-05 00:00:00
b3aca462b5aca4e8bca35ac69f094e8e,a2d2c62f2102c803853e816591481692,delivered,2018-02-28 15:16:40,2018-02-28 15:30:59,2018-03-01 20:54:41,2018-03-12 15:52:37,2018-03-20 00:00:00
b581194c5a3e89062586392d4a0e6def,fa7e747a940377d68377ce84d5d14fb7,delivered,2018-02-15 13:53:18,2018-02-15 14:10:31,2018-02-16 19:52:29,2018-02-20 21:22:37,2018-03-02 00:00:00
9f6afd2b6bb5e6ba9d5d9fc54c3c579e,bf332e0150c69e3c4f79d9f7561768dc,delivered,2018-01-02 21:49:40,2018-01-03 21:47:14,2018-01-05 19:34:43,2018-01-09 18:18:57,2018-01-19 00:00:00
0b517c01a5b46fd3e16b389ea6f4ad3a,e8adfcdd079a803f2f9852ea1e27cc4c,delivered,2018-01-22 17:51:00,2018-01-22 18:16:28,2018-02-06 20:13:13,2018-02-28 18:52:28,2018-03-12 00:00:00
82bdf2be6cd75f6a34999c235f18948f,315a9cfa0469acc52513edc34b1987ca,delivered,2018-02-01 09:29:16,2018-02-01 09:53:13,2018-02-07 17:33:39,2018-02-15 21:22:25,2018-03-01 00:00:00
e82be22636894dbc523a70c20fc35ad8,96dc376e920227bd4fa8e2c8031dce1b,delivered,2018-02-21 18:24:07,2018-02-21 18:35:28,2018-02-22 20:09:23,2018-03-14 18:52:23,2018-03-16 00:00:00
d8734ba226623cf1c86b3cce8cbffa78,eb8db7e18d24b66f2d3681195c85b2b9,delivered,2018-01-31 15:24:27,2018-01-31 15:35:30,2018-03-21 16:12:08,2018-03-29 20:34:54,2018-03-05 00:00:00
47e8ba7c05a52927e500dfc927b74031,94d5ee043c24f4eddfb22dc2bf38deb4,delivered,2018-01-30 15:29:52,2018-01-31 13:31:40,2018-02-05 15:22:13,2018-02-06 20:15:15,2018-02-15 00:00:00
6a8677aeb56b8ee0d1a74e0435772e31,cc8b0570332e15f77abf874fc2da154a,delivered,2018-02-07 19:56:07,2018-02-07 20:15:28,2018-02-09 19:05:30,2018-02-17 14:58:49,2018-03-06 00:00:00
9446587feaf53c5f0050224c099c80e2,f1ef63497675a0ec947e46f017aaa8b6,delivered,2018-02-02 14:26:45,2018-02-03 02:53:51,2018-02-09 23:13:16,2018-02-10 12:56:02,2018-02-20 00:00:00
202e894238874491c6d7ab51da37d94c,db3a94ab9a8dfb3572f57e6f0e017363,delivered,2018-02-16 14:52:20,2018-02-17 14:46:52,2018-02-19 20:26:48,2018-03-27 14:03:04,2018-03-13 00:00:00
cf24aa38581b80bec680b5ceb9fb3085,54c27244f167fa3c4f4c58c1297d4df9,delivered,2018-01-23 19:35:43,2018-01-24 02:52:42,2018-01-31 01:45:04,2018-02-07 20:05:15,2018-02-08 00:00:00
b81af501c9ae710ed9968a6018400a09,a64ff68d66178913de53e73d3682d626,delivered,2018-01-13 10:51:25,2018-01-13 11:09:08,2018-01-15 16:13:34,2018-01-30 20:05:31,2018-02-09 00:00:00
100782076fba4576e769cf3d0a6aafd7,82da44fcf645d90efd687532e453b681,delivered,2018-02-20 15:59:26,2018-02-21 06:10:05,2018-02-21 19:28:04,2018-03-02 15:18:54,2018-03-16 00:00:00
dce45bc65432c8a78cbd021460178145,166cb796fb9a2d5c5ce8bede811f3839,delivered,2018-02-15 10:19:55,2018-02-16 07:51:01,2018-02-19 19:42:14,2018-02-28 14:49:22,2018-03-13 00:00:00
306151d434933050d958f0db23e970a7,54dd42fc9598bd2f29c6860c16fce38b,delivered,2018-01-22 18:25:04,2018-01-24 02:53:21,2018-01-25 23:42:20,2018-01-30 14:09:33,2018-02-06 00:00:00
43a69fdb52ebe93245fde3ca5e67e7ef,ec3a21fddda100aad6ac0b7af8cd6da1,delivered,2018-02-25 10:46:57,2018-02-25 12:20:23,2018-02-28 21:25:13,2018-03-19 17:16:32,2018-03-19 00:00:00
eb91575e0aa379948936984f822ef76c,087c08f1c244014ad1decff147c3c038,delivered,2018-01-08 09:54:19,2018-01-08 10:08:37,2018-01-10 10:38:06,2018-01-17 15:57:32,2018-02-01 00:00:00
458f56ee81b4430cbe1dc912203fddf9,a81a65b8827462e9fe311ab1848f82ad,delivered,2018-01-09 18:00:00,2018-01-10 10:32:38,2018-01-10 19:38:55,2018-01-18 21:37:00,2018-02-07 00:00:00
a9fb450008d4a94311a7288937b880e6,19d04e5c06403cf04a62edc4f1ded818,delivered,2018-02-22 09:03:59,2018-02-23 02:10:50,2018-03-02 00:46:53,2018-03-06 17:16:55,2018-03-22 00:00:00
4092d9bdc6d89d05a6d5be6ef304f627,81fc34430fe53bb8eb3b8de3481e0353,delivered,2018-01-12 14:33:40,2018-01-13 02:13:10,2018-01-15 18:58:30,2018-01-17 17:24:26,2018-01-31 00:00:00
ee0ab7251e08896f99e68e22fdb69764,0c9ea4a63a2c946b0a615a207cd3e465,delivered,2018-01-30 23:32:03,2018-01-30 23:54:54,2018-02-02 01:31:37,2018-02-03 01:54:50,2018-02-16 00:00:00
ba2f2f4bd29ed2679295a4c10cede333,b51d567410c3cb6190b2de9cca60c5bb,delivered,2018-01-04 15:59:36,2018-01-04 16:10:28,2018-01-05 20:52:54,2018-01-10 23:48:49,2018-02-01 00:00:00
294d3b3083f03c4f2d187ff6373375e7,b86c39462bcdf90c5fddcd51b36e751e,delivered,2018-01-04 22:32:26,2018-01-06 15:31:33,2018-01-10 17:48:03,2018-01-17 16:59:11,2018-02-02 00:00:00
44057a0c45f90ab0770ae9a42c7dc374,7c15762ae09383a4684b58647065c926,delivered,2018-01-07 16:34:21,2018-01-07 16:47:12,2018-01-11 01:06:09,2018-01-15 18:43:05,2018-01-31 00:00:00
51942abe49111ec0fb49141d451793df,e5f30c56c6505051f9f470383245a799,delivered,2018-02-09 14:44:19,2018-02-09 15:28:54,2018-02-09 23:42:24,2018-02-22 18:29:03,2018-03-08 00:00:00
92a410c4261cd2c3a4d1a865ef3ba431,45ea79a029209282acc846917f494b27,delivered,2018-02-18 13:36:57,2018-02-18 14:35:34,2018-02-21 00:27:17,2018-02-27 01:22:30,2018-03-09 00:00:00
0ef3d3e097e4e819e47197ee3389a3a1,b8008878f51a35d102758a3927f6a074,delivered,2018-02-21 14:05:28,2018-02-21 14:30:46,2018-02-26 11:27:54,2018-03-28 15:48:46,2018-03-23 00:00:00
b7e36ef3e482d9d0d18460e33a5258a8,894c7fe4f4e9dd2d89483067dac7437a,delivered,2018-01-11 09:38:50,2018-01-11 09:50:30,2018-01-11 18:27:38,2018-01-18 18:49:03,2018-02-05 00:00:00
5573c35c52d8dc509a11bb0ef66eb409,caebda8f22b128797e51f0badfd72783,delivered,2018-01-13 21:27:59,2018-01-13 21:49:15,2018-01-20 00:04:27,2018-02-07 20:48:33,2018-02-21 00:00:00
f84c7f94a29cb1d53dc607284d5bae9a,ef0053d9e6b90dad6c5cbbf3de5e817a,delivered,2018-02-05 11:52:28,2018-02-06 04:32:41,2018-02-06 22:53:07,2018-03-08 20:51:28,2018-03-01 00:00:00
637789b606a0ef62ab4c16dbeac12324,b845e05f89bce49c4cbe5377b63e9e86,delivered,2018-02-27 15:23:08,2018-02-27 15:35:40,2018-03-01 18:18:34,2018-03-07 22:53:07,2018-03-20 00:00:00
6a276c227b7bb9659f04c271e30d381d,f35e1aa8990c39ac028bd44384d805a6,delivered,2018-02-19 09:23:33,2018-02-19 10:10:39,2018-02-22 01:04:19,2018-03-09 19:52:30,2018-03-12 00:00:00
18b0e5ee71617b58ca825b6ea8d94255,53cc124c5fe39077134aa18974738d60,delivered,2018-01-13 17:26:02,2018-01-16 03:51:02,2018-01-16 22:47:04,2018-01-19 20:58:49,2018-02-07 00:00:00
900ee0470f53ec2e4e4a50a57b06a85a,131fc1a18874ae3381d8b4d6d920bd5d,delivered,2018-01-07 10:14:42,2018-01-07 10:27:26,2018-01-08 14:17:49,2018-01-30 20:38:07,2018-02-08 00:00:00
42f59e16260400b61de263422f347ef4,79e9e3045681a5b732e05d595a74f10b,delivered,2018-02-11 20:44:04,2018-02-11 21:20:21,2018-02-20 00:00:50,2018-03-06 23:16:51,2018-04-02 00:00:00
75d87a7050b2959f4d5c51a28525e2d7,b69013f022544024af2ed8bf7fae976c,delivered,2018-01-08 20:04:04,2018-01-08 20:12:32,2018-01-10 18:45:17,2018-01-24 18:42:59,2018-02-02 00:00:00
d34bae2145edd5228bf4d92832988284,c81fd58c2a3e1fcccc9436fbfe9d1002,delivered,2018-02-26 09:06:10,2018-02-28 09:15:38,2018-03-01 19:47:47,2018-04-03 20:58:49,2018-03-16 00:00:00
cd9b4eecd6f542b2bcd61d258ab097f9,e9668d96ce074626f31507fcd00213e7,delivered,2018-01-09 12:36:04,2018-01-09 12:49:10,2018-01-12 00:07:49,2018-01-23 15:06:12,2018-02-06 00:00:00
a90cb228a7ad5657d36829d1248d163f,7917fb9df8b0003b3a5cf652bb08a710,delivered,2018-02-28 17:53:49,2018-03-01 03:30:41,2018-03-02 03:23:25,2018-03-02 19:59:04,2018-03-13 00:00:00
ef9ea4b4cada599cd536834c525d980b,7eddec841ee86496bd3f41f55211666d,delivered,2018-01-17 10:05:20,2018-01-19 02:38:51,2018-01-19 15:29:25,2018-01-27 11:45:00,2018-02-14 00:00:00
3b336014b6a2b0774fb872f338dab7a2,6cd41c3423e017e6eaac4434b629c9fd,delivered,2018-01-05 10:37:58,2018-01-05 10:47:52,2018-01-09 16:51:56,2018-01-20 17:15:24,2018-02-14 00:00:00
c6f6d0d2fcec284a2c01d8913a86ed33,bf000009c73436a90b2e3d4e90c968fd,delivered,2018-01-14 07:49:53,2018-01-14 07:59:26,2018-01-15 17:52:03,2018-01-22 21:47:27,2018-02-19 00:00:00
f9b9c3c69ef08b6eda32ed086133abb6,2ee87cede5826cd6458393028d3ec739,delivered,2018-02-14 15:37:43,2018-02-14 15:50:38,2018-02-16 17:57:46,2018-02-19 19:32:29,2018-03-01 00:00:00
440efc866515b274c87852a745f91726,f8310a577e4c6ec83f3a4ba83d0619fe,shipped,2018-02-26 11:50:45,2018-02-26 12:31:14,2018-02-27 18:46:50,,2018-03-23 00:00:00
295bbf539c1fe97db23dffa5e84387ad,5dd333426be0c72b783f2a752f1a911f,delivered,2018-01-29 23:24:50,2018-01-31 13:32:31,2018-02-02 02:57:51,2018-02-15 18:43:49,2018-02-20 00:00:00
cc07a8fdd3a8e94d683c8142a117dbc1,f6529ffebe6b3440d45d89604a4239ac,shipped,2018-01-11 17:11:11,2018-01-12 17:49:45,2018-01-17 16:56:32,,2018-02-09 00:00:00
8c27cda2524caadb58840f8e864daec5,ff88f2ccc66b4c9c2c0256274f51b4b0,delivered,2018-02-24 12:50:07,2018-02-27 03:31:03,2018-02-28 22:08:33,2018-03-14 10:28:33,2018-03-26 00:00:00
ccfda78a88fec8b3debede2f6d6b284d,3306ce07307e9573fbe74c22cae74a82,delivered,2018-02-18 19:31:45,2018-02-20 07:07:16,2018-02-20 19:18:58,2018-02-27 20:46:50,2018-03-12 00:00:00
2f7ee291b72997159cb01045ac80be1c,575208314408a44ef88dc470406e361c,delivered,2018-01-08 15:00:35,2018-01-09 07:26:39,2018-01-10 18:09:55,2018-01-22 22:53:34,2018-02-14 00:00:00
c7436c65f20daf8cd6e18c35a97867c7,61f0e827727727a1a58f6eb63b553288,delivered,2018-01-13 10:43:54,2018-01-13 10:50:29,2018-01-15 22:42:48,2018-02-02 17:32:36,2018-02-14 00:00:00
24e0084057806be6a9e72129fa0f16c2,6df187f50b6f213cbbd9cc838352d072,delivered,2018-02-08 13:25:52,2018-02-08 13:48:14,2018-02-09 17:52:09,2018-02-17 15:59:13,2018-03-06 00:00:00
597e3e3289138d6fe7f715fc4ea4d674,0130ec6b73b4f7fb58e4a4a78774b47b,delivered,2018-02-06 10:54:53,2018-02-06 11:15:48,2018-02-08 19:33:31,2018-02-14 17:03:40,2018-03-02 00:00:00
dd46ed6749361613430203cd85006362,48f03c8ade4452268287d23f6aa1516d,delivered,2018-01-12 23:26:38,2018-01-13 23:28:59,2018-01-15 18:32:47,2018-01-26 19:04:08,2018-02-08 00:00:00
569d4a814b28187752cfacdd96077037,300b8e97afe5517506eb5fd157b3a9f5,delivered,2018-01-30 16:13:28,2018-01-30 16:34:59,2018-01-31 14:46:06,2018-02-01 13:46:32,2018-02-15 00:00:00
74d2901d06590ded0f5de058f78bc500,7a11dd385852e7c6d60e1a25c8c37a9e,delivered,2018-02-28 22:41:29,2018-03-02 02:11:04,2018-03-05 20:53:37,2018-03-17 11:28:33,2018-03-27 00:00:00
e2aa3c8ad14a870e32ae9718c84e0567,ab46e96282251f5c3044ab20b668d88b,delivered,2018-01-20 10:24:49,2018-01-20 10:37:11,2018-01-22 18:14:59,2018-02-26 16:08:33,2018-02-23 00:00:00
9aad2ac2f6d78890d5d6cd313694cc58,9c0855a182df90f5d5a08a743a4a283f,delivered,2018-01-16 22:36:41,2018-01-16 22:51:20,2018-01-17 15:09:26,2018-01-29 22:18:32,2018-02-19 00:00:00
733fc4efcab11035e8e397c164c173df,374d73e55f30027caa809d4a2496d65b,delivered,2018-02-17 16:22:34,2018-02-17 16:30:34,2018-02-19 16:30:14,2018-02-27 12:34:25,2018-03-13 00:00:00
0973b2846805e4eaacbdff441e3dbc8e,bfddea478823f3128b7a3bd9253988e7,delivered,2018-01-02 17:35:56,2018-01-04 05:14:16,2018-01-05 13:04:44,2018-01-16 17:33:13,2018-02-05 00:00:00
b438ae3323566a4e25ebef7b8b3e50e4,1ed2c1a5e5b04ce52f991aaa8a7b2fff,delivered,2018-02-08 00:40:50,2018-02-09 02:50:09,2018-02-09 19:26:27,2018-02-16 16:53:18,2018-03-06 00:00:00
466839bc7437c08a787345cd313ba3dd,eeb4e8c7ec332a97a5f407a634f69cdb,invoiced,2018-01-19 15:18:41,2018-01-19 16:06:32,,,2018-03-13 00:00:00
9022823fc38d81801009f09e72eb9dd9,d67b34be0c688b831f3312fff2c1be17,delivered,2018-01-21 23:29:59,2018-01-22 14:04:24,2018-01-25 18:07:42,2018-02-26 18:04:15,2018-02-21 00:00:00
3a7fcc00c5d5f8bd9daf0c246bd93a54,abb4bba6c51db8e00607f28f0af2e448,delivered,2018-01-21 14:07:04,2018-01-22 13:50:47,2018-01-23 20:57:43,2018-01-29 23:56:57,2018-02-15 00:00:00
c8b5282d408a1646c2b36a65f3d6fc80,259e30be470dc3beda52b7504700face,delivered,2018-01-30 11:12:52,2018-01-30 11:34:52,2018-02-01 02:12:02,2018-02-15 17:58:58,2018-02-22 00:00:00
3308fea2fe0cb15385c714b6c3253ba4,486a8740fed67f8f1ed121cdd41b4984,delivered,2018-01-16 13:36:16,2018-01-16 13:50:43,2018-01-22 18:29:42,2018-01-24 20:09:53,2018-01-31 00:00:00
3d44f7b0d44056fcb488f7d2fd22e820,9d46b89032f34a48706407829dbb55b5,delivered,2018-01-06 10:44:19,2018-01-06 10:57:22,2018-01-08 16:08:23,2018-01-19 22:23:08,2018-02-07 00:00:00
60a250642fbb912872c2cfad7f875144,b9a1b1524f43fd2fd495284b6a04602e,delivered,2018-01-26 15:53:52,2018-01-27 15:56:32,2018-01-31 01:09:01,2018-02-05 16:41:45,2018-02-19 00:00:00
a45f5764071ee5b932d1f802e18bafcf,0039b3e41ac6615814a0b44a8992bff5,delivered,2018-01-11 01:24:43,2018-01-11 08:48:40,2018-01-13 00:28:52,2018-01-22 20:05:39,2018-02-14 00:00:00
2a77610e00a6f4db47364ddb4871de68,b8a0349921c6b15a956ad9d7a9905cf5,delivered,2018-01-09 20:59:52,2018-01-10 10:31:59,2018-01-11 23:22:19,2018-01-18 23:33:50,2018-02-02 00:00:00
bcb07f342ee49373aba52b75c41515c2,af7fb1aecf06b1415f21521ac9a8c13e,delivered,2018-02-04 04:04:07,2018-02-04 04:15:28,2018-02-05 23:12:08,2018-02-24 14:54:04,2018-03-09 00:00:00
9790041c37fe439f3ad230642670a149,85c6f198808c7f17373e37ea59b00e89,delivered,2018-01-22 17:10:42,2018-01-22 17:19:19,2018-01-24 18:52:39,2018-01-29 17:49:05,2018-03-02 00:00:00
a0187e7c7bf053267a1187e27e16e58a,096651928eb1bccf690c61c5bf74e7b4,delivered,2018-01-15 16:10:44,2018-01-15 16:31:13,2018-01-16 22:48:37,2018-01-18 14:46:54,2018-01-30 00:00:00
73449c4661293c6fa98e4e035451a8b2,c10948fe5d50f2cd031d4db6a153b35a,delivered,2018-01-27 18:48:57,2018-01-27 18:59:28,2018-01-31 19:25:50,2018-02-15 18:26:48,2018-02-20 00:00:00
bf0448def08e9657c8f990eea9bc4057,030eadebe042e915dc4d1fd5abcfe620,delivered,2018-01-03 20:20:16,2018-01-03 20:28:22,2018-01-04 18:32:41,2018-01-10 15:58:07,2018-01-29 00:00:00
6cca0cec5b4fc97f471ac73afc03ece8,615524b12e97c076f052c4fe166ecce2,delivered,2018-01-03 19:50:16,2018-01-03 19:58:43,2018-01-05 01:34:59,2018-01-26 21:52:36,2018-02-06 00:00:00
57a5c252ff21dfb77def9d474c54edd4,8f44c4a58c3cd29ee9049c3d80829324,delivered,2018-02-15 11:14:27,2018-02-15 11:47:33,2018-02-19 19:13:14,2018-02-24 00:57:42,2018-03-01 00:00:00
99e8dc72b2020747e03965e5af86816d,9d1343a4d52ced7d0ab7414227e16f3f,delivered,2018-02-05 19:01:39,2018-02-05 19:15:26,2018-02-06 21:33:13,2018-02-16 23:13:35,2018-03-08 00:00:00
258cf5931c975cf407a296c710afe660,9bcdb996f5ba9d3b959e33b416825425,delivered,2018-02-02 17:52:04,2018-02-02 18:31:16,2018-02-06 22:35:40,2018-02-09 19:33:15,2018-02-26 00:00:00
aca2704c3ed5037a3b1c73eeea1ec038,b3e5565254cee458cd39deaf6337e519,delivered,2018-01-27 10:44:37,2018-01-30 04:31:21,2018-01-30 18:43:13,2018-02-19 19:51:22,2018-03-02 00:00:00
e599e00118212fd3f10f88ef85587204,01311fef2cb7553344ac33c95e196db1,delivered,2018-01-24 20:58:39,2018-01-24 21:18:14,2018-01-29 11:04:47,2018-02-03 01:20:19,2018-02-20 00:00:00
c44a36aa1770cc41a8fb130dfa1bba3b,83d91af0a4ef20bdf35482111320f447,delivered,2018-01-15 09:00:52,2018-01-16 03:51:09,2018-01-16 22:51:53,2018-01-22 16:33:16,2018-02-07 00:00:00
c9d34829925a92b0d2d385e3f87c9e93,92f6edd541c898794291e81f3c12d6ff,delivered,2018-01-26 01:05:16,2018-01-26 01:13:41,2018-01-26 19:16:25,2018-01-29 22:25:50,2018-02-14 00:00:00
1c2220875063bc97c980fc0259524908,cdc5535d003319bc052576caf95eabdc,delivered,2018-02-03 21:07:55,2018-02-03 21:29:40,2018-02-05 22:19:41,2018-02-14 21:19:03,2018-03-06 00:00:00
cdd28b19608da7e96804c00fdfd2faf2,6321967be34f1f61327ad2af4857f65c,delivered,2018-01-14 16:26:03,2018-01-15 16:31:10,2018-01-16 18:34:48,2018-01-22 13:32:28,2018-02-09 00:00:00
b93abe6c29d3e10323f13afd27ffa9d9,7ca7b39b4d4978ef0a4709d4fd022801,delivered,2018-02-05 16:02:44,2018-02-05 16:15:46,2018-02-07 00:09:47,2018-02-17 16:08:17,2018-03-06 00:00:00
bb39dce934e697a81c9dd50236b8d8cd,5aa3cd667f15ab59d08f0467df70f7ae,delivered,2018-01-21 15:44:24,2018-01-22 13:52:42,2018-01-23 22:38:44,2018-02-01 22:57:45,2018-02-15 00:00:00
1da43de9c3856e95d783cf969181e42a,a2549c5958509a1be730da3ec5098046,delivered,2018-02-06 18:52:21,2018-02-07 03:10:06,2018-02-08 14:07:57,2018-02-14 20:07:38,2018-03-07 00:00:00
dfda6b8e30bc9ac258d2835f931c28f0,6b4a545e81c747a0f12ec50d9f725d63,delivered,2018-01-08 11:23:52,2018-01-08 11:35:30,2018-01-12 21:22:38,2018-01-18 20:58:50,2018-01-31 00:00:00
1f6a5335ecf1406eea5f2cccc0c5946f,6e3fa438b107fb7c1bf375620936f34c,delivered,2018-02-08 20:53:54,2018-02-09 10:11:35,2018-02-14 14:22:12,2018-02-28 16:28:57,2018-03-06 00:00:00
0552997d7a7283a7761acc3a5f9bcefd,4ebc2a023f9c5a95de15d342694a46a9,delivered,2018-02-24 18:28:51,2018-02-24 18:47:14,2018-02-28 00:06:43,2018-03-05 17:18:43,2018-03-16 00:00:00
759a74a7a49e86fff1f0f615c2bea8a1,85dc702fd88ac534aa11356c9705d1e5,delivered,2018-02-02 15:03:04,2018-02-02 15:27:27,2018-02-03 00:42:11,2018-02-20 00:42:01,2018-03-01 00:00:00
4600963d4b12ee01d7393b723a34516f,c4323ed2364aa7cc92db81c5fea0007a,delivered,2018-01-24 00:23:02,2018-01-24 00:35:35,2018-01-25 16:52:59,2018-01-30 00:51:39,2018-02-08 00:00:00
7ac04774ea7d5faea51621289bb084c4,9e44f3e3ef885b79a7ffab8341f067de,delivered,2018-02-15 20:59:41,2018-02-21 12:10:34,2018-02-22 21:52:43,2018-02-28 15:11:55,2018-03-09 00:00:00
86bc43925c44a258d6bb649598734103,dde9ed4148f719476da388d68182d425,delivered,2018-01-06 13:56:51,2018-01-06 14:06:55,2018-01-12 23:25:45,2018-02-01 00:17:56,2018-02-09 00:00:00
33fb6b947580ee29bd0c6babed6049c1,c3e417956cd7a0f2b6a77345cd4b682e,delivered,2018-02-06 17:20:56,2018-02-06 18:31:59,2018-02-08 19:17:33,2018-02-28 21:38:54,2018-03-14 00:00:00
e398c7c31ed330a71788d15ed2fce3c1,5022998b373808425858c5fbb585728c,delivered,2018-01-04 18:09:42,2018-01-04 18:19:23,2018-01-08 23:33:14,2018-01-17 20:04:54,2018-02-14 00:00:00
6c2f4118a5a723bdbd456e2bcc7d85c5,ccf3859f8793a274904181491334ef4c,delivered,2018-02-20 21:43:11,2018-02-20 21:55:47,2018-02-21 17:35:49,2018-03-08 17:17:13,2018-03-22 00:00:00
fc662bafa52d2ef16078f6f6141009d6,f3ab9ca7b6a450eaa47bdcb67175ee74,delivered,2018-02-01 07:44:28,2018-02-02 02:54:18,2018-02-02 22:42:42,2018-02-11 16:48:51,2018-02-23 00:00:00
be4c5d2cf0254f1c2bee8cf45f690b96,3247cd3218e45b431e7920aca9acea3f,delivered,2018-01-07 14:08:32,2018-01-07 14:47:19,2018-01-09 16:08:07,2018-01-11 21:05:33,2018-02-06 00:00:00
4737b02132337915fba0ef3a393a93d6,863c3f24261f7f0b1a300894d650b299,delivered,2018-01-14 15:10:45,2018-01-14 15:17:29,2018-01-15 17:28:36,2018-01-22 22:26:33,2018-02-05 00:00:00
07711b948fc93b9294d8b5832d0f0a83,65f05162299b92d62d60d74b830dcc97,delivered,2018-02-15 12:21:20,2018-02-16 07:55:43,2018-02-20 01:08:11,2018-02-26 12:26:38,2018-03-12 00:00:00
e56d6fad37333104e525678504e3b8c3,d372ffc23da2cea9222083a79c94ede9,delivered,2018-02-20 12:25:53,2018-02-20 12:36:02,2018-02-26 17:08:36,2018-03-20 15:33:30,2018-03-14 00:00:00
38cafbf33f703cea7d7266c456a3fdf3,6a7aa1cff48701b0ece001860af2ef33,delivered,2018-02-21 13:26:13,2018-02-21 13:50:18,2018-02-22 16:04:44,2018-03-09 16:02:33,2018-03-14 00:00:00
a9c7a663695a09a7b9b9bf94bbd01121,bd7c369fc94a4b21dfd069c147e85620,delivered,2018-01-17 18:06:45,2018-01-17 18:19:21,2018-01-18 23:08:50,2018-01-25 18:42:47,2018-02-15 00:00:00
43de756a962b59796a31a894bf9b37df,7a89b488bf7b415c2674060d36808b4f,delivered,2018-02-23 13:56:36,2018-02-23 14:15:31,2018-02-26 22:37:36,2018-03-14 21:04:15,2018-03-28 00:00:00
b4903df9dcac3f7fd8d2625c04133301,3c29911ef9e51085789612972afb53a5,delivered,2018-02-16 11:15:10,2018-02-16 11:30:38,2018-02-22 01:41:56,2018-03-08 17:04:55,2018-03-15 00:00:00
a8bbc485329f055ce3addabfbf8d4f86,2e661a1348e46a3a18291240f6e1fa8e,delivered,2018-02-14 12:23:07,2018-02-14 12:35:31,2018-02-14 21:41:43,2018-03-02 20:52:28,2018-03-15 00:00:00
52c13ebf98c19fe6dc69e69ac09663a1,3c38956539b1fbda6560b62ee73d2c42,delivered,2018-02-23 13:12:17,2018-02-23 13:29:42,2018-02-24 01:23:21,2018-04-20 20:03:11,2018-03-26 00:00:00
2b4cbb171fffb2fac96f67bc9425ad55,1c6e766d755506bb1e7a7dfc0fe44bea,delivered,2018-01-02 15:06:02,2018-01-02 15:16:24,2018-01-08 18:57:43,2018-01-09 20:29:51,2018-01-18 00:00:00
92ea6a0cefc845d92f3b1339e0e0100a,e66d33cb50becd445c9a52eeee37adbf,delivered,2018-01-12 15:02:58,2018-01-13 14:52:30,2018-01-16 14:58:10,2018-01-26 20:05:22,2018-02-21 00:00:00
b43a43696d9a9950b681606b8c7786ec,8df2c8fa899507ec4c9709aecabbc68f,delivered,2018-02-20 10:38:18,2018-02-20 10:50:38,2018-02-22 15:19:21,2018-03-07 21:12:44,2018-03-16 00:00:00
9b92d4432c1758cd4215f3fdb1d623a3,abcc88626b6df4cc183bd4cf459bd9f7,delivered,2018-02-09 11:35:54,2018-02-09 11:49:20,2018-02-09 23:06:02,2018-03-14 14:07:51,2018-03-14 00:00:00
7f8df3bf41b446f3f9d4ac3adc08a0cc,9c8410ae611b0c9fdb5e1c9665f27aad,delivered,2018-01-23 18:17:19,2018-01-24 02:36:31,2018-01-26 19:33:57,2018-02-01 19:10:43,2018-02-15 00:00:00
b4b23a5f1e3af0a90cce47b18af0e612,9b4cb03c9a90f85c805a67ecb696ddc9,delivered,2018-01-18 00:00:32,2018-01-18 00:11:33,2018-01-18 22:26:43,2018-01-30 01:11:44,2018-02-16 00:00:00
94647755aed55676ec36da516c9d439f,04c4e37f0223344a2f02527118f33900,delivered,2018-01-25 00:00:06,2018-01-26 03:15:54,2018-01-26 18:26:20,2018-02-01 16:53:26,2018-02-22 00:00:00
635b1de13b56852d3dca9d359b7ed8dd,4a0ca65ee54229ed1da47b1f479b0a55,delivered,2018-02-22 13:19:57,2018-02-22 14:00:46,2018-02-22 22:57:00,2018-03-08 22:36:28,2018-03-19 00:00:00
b4cc15026eee314f397bdfe9767a0a9e,7b35ee727d8a06ebf3585b36583f11ad,delivered,2018-01-19 23:31:34,2018-01-19 23:38:30,2018-01-24 12:19:12,2018-01-31 14:28:45,2018-02-15 00:00:00
13ce532ef1a57ec06218af7cb3634241,ec8cce4c98a82dead34ffd130e9c6d85,delivered,2018-02-25 14:17:14,2018-02-25 14:30:29,2018-02-26 19:43:48,2018-03-03 20:18:48,2018-03-21 00:00:00
1a0d6a2456874a5f2af72c611a6f90a8,67a34b2bceb02320cdbeedd85ba1c436,delivered,2018-01-15 19:40:05,2018-01-15 19:52:24,2018-01-19 17:53:07,2018-01-26 19:06:31,2018-02-05 00:00:00
4f265ccf96fa25ef7934fec97dc27597,50ffa9db5559ee565d10298575444c89,delivered,2018-01-12 14:13:06,2018-01-12 14:28:20,2018-01-13 02:45:09,2018-01-18 21:32:23,2018-02-14 00:00:00
ff41c61254c0df3698b8689d9493ffb0,2a5f9b176a5e7313e3836750a5dde869,delivered,2018-02-23 09:16:59,2018-02-23 09:31:02,2018-02-26 10:45:36,2018-03-27 20:18:29,2018-03-21 00:00:00
839cdf42ef00fb4f5d66e449058b4d61,7baa0b7ec74d65b734e3e2ce04663146,delivered,2018-02-12 19:52:06,2018-02-12 20:47:22,2018-02-16 15:59:31,2018-02-26 20:26:45,2018-03-09 00:00:00
9437ed1c14b7061eb15c8cd9e9387b8e,8175b179573109f5fffbc355e691ba2e,delivered,2018-02-13 01:03:24,2018-02-13 01:15:42,2018-02-16 21:06:51,2018-02-26 17:04:02,2018-03-15 00:00:00
b2cf020b24748745f3e8e4d06f9b988c,bd8365e615d4cb2efaa05b9975e88b7d,delivered,2018-01-06 12:15:29,2018-01-06 12:27:06,2018-01-09 00:07:57,2018-01-23 23:09:43,2018-02-05 00:00:00
91d3db538cfff9a4f1cd5d5ad9481b05,93398976408677d44139e085d01c41a3,delivered,2018-02-01 16:32:15,2018-02-01 16:57:04,2018-02-05 11:06:03,2018-02-06 23:52:10,2018-02-19 00:00:00
5ee1e8b9ec2a16618f25fce5407f136b,31ea43aa4d2a91c8a07ac6ed7954db28,delivered,2018-02-28 19:39:46,2018-03-01 02:48:49,2018-03-02 01:28:41,2018-03-20 21:28:40,2018-03-22 00:00:00
302e27012670f8e2db4418e6c619f54c,4221d4ffdad18996eb11c8a829d6a073,delivered,2018-02-16 09:17:44,2018-02-16 09:35:28,2018-02-19 23:31:19,2018-02-27 18:28:43,2018-03-15 00:00:00
3982b25019d6a59e9e887607e489e3d5,f7b9908a78475b247396f5ba42dd409e,delivered,2018-01-26 09:32:41,2018-01-30 05:31:40,2018-01-31 23:59:34,2018-02-07 21:33:53,2018-02-19 00:00:00
526e735eb29aafd817d59ca159eb7aab,512502e3bace7f93165fa8abdca0ef2c,delivered,2018-01-23 12:53:16,2018-01-23 13:12:25,2018-01-26 17:42:15,2018-02-17 15:42:22,2018-02-20 00:00:00
3ac4f30b6ba23f340792aeebba73158b,45b2e2f0f6fc93eecf7802eb6be9a91a,delivered,2018-01-27 20:14:42,2018-01-27 20:36:58,2018-01-30 14:32:18,2018-02-05 21:53:03,2018-02-20 00:00:00
a27b4da2e65922358bc9573acde625be,428d7dfc5b5d5c2d8a28256d81d60932,delivered,2018-01-08 09:16:31,2018-01-10 10:32:48,2018-01-12 20:14:19,2018-01-13 15:37:03,2018-01-29 00:00:00
d7aea8cc5c6d288a60d3cc1d0026bfcf,8083cba74c5a628eb084c96410daecca,delivered,2018-02-13 17:38:57,2018-02-13 17:55:31,2018-02-14 23:04:56,2018-02-26 19:44:57,2018-03-14 00:00:00
76540589be9113578df9de836cf6dbf9,f7eb5aa8d9142df5a28850fde4b68306,delivered,2018-01-18 19:56:05,2018-01-18 20:14:15,2018-01-19 17:48:38,2018-01-30 21:23:05,2018-02-16 00:00:00
f015cd11f6ab9d3d6834ee99ad9bc7b3,9a235914eec4e7732fbf6fd29addabff,delivered,2018-02-11 11:18:54,2018-02-11 11:35:22,2018-02-14 18:39:14,2018-02-26 21:52:08,2018-03-09 00:00:00
20012c4dba68323c61f4536de28ed1bb,e26e08c2affcb04408e2f30cb37abbaa,delivered,2018-01-25 16:27:59,2018-01-25 16:39:25,2018-01-31 23:28:44,2018-02-05 15:54:53,2018-02-22 00:00:00
855ae4582654ba4a199f982c721df826,c996c4d9566ecdb973f7a3f326a5869a,delivered,2018-01-25 11:30:52,2018-01-25 11:53:01,2018-01-30 17:33:18,2018-04-26 23:26:34,2018-03-05 00:00:00
f58228001d45c09c8447ef1f2fa6a2df,2169bbd3d372562128f8af6eb7b9317e,delivered,2018-01-17 14:09:31,2018-01-17 14:15:31,2018-01-20 00:52:42,2018-01-26 10:47:54,2018-02-23 00:00:00
9ac3961be44625036ccce3f47ad8aaa9,820cedae2b3e3671ecca1bfd514e9002,delivered,2018-01-30 20:08:41,2018-02-01 02:52:49,2018-02-02 01:32:12,2018-02-15 00:13:21,2018-02-22 00:00:00
5882459227aea6eb6f103342a29c76e3,42f3222ef4273d065434ed6449442086,delivered,2018-01-11 18:17:56,2018-01-11 18:28:28,2018-01-16 18:52:53,2018-01-24 14:18:51,2018-02-05 00:00:00
45da61f7d9e9167809a7b49b252bccd3,67c30b8e5c9d3381e22a5737a65a810c,delivered,2018-02-17 19:14:50,2018-02-17 19:30:24,2018-02-20 23:22:04,2018-03-05 20:47:03,2018-03-13 00:00:00
38ac62af1b354671501c9bbfc55bf187,d14a98aaff22268ebdcbcd6acb7161be,delivered,2018-02-02 12:15:33,2018-02-03 02:53:24,2018-02-27 22:51:34,2018-03-06 19:35:44,2018-03-23 00:00:00
e1da6a380c23eec0e20231c7b695f47e,225c6e6a5627029ce77a11c6d501eb6a,delivered,2018-02-26 14:12:39,2018-02-28 09:29:16,2018-03-08 20:41:33,2018-04-11 20:18:23,2018-03-23 00:00:00
af74091f111e705ab46de44f0f46aee0,47b892943e7e44aab7a4973342b66d30,delivered,2018-01-01 23:45:49,2018-01-03 04:10:38,2018-01-26 18:42:41,2018-02-02 19:54:06,2018-02-05 00:00:00
068bd285dca5547429e81de9e95ff9cf,6e2f130b4259627650baa0c9ce0bd645,delivered,2018-01-14 17:25:11,2018-01-14 17:36:34,2018-01-29 22:13:15,2018-01-31 10:22:04,2018-02-09 00:00:00
3282385c44e7b281c20ad4af6871097c,43a8dd27afa9968b13e68053a4160e4d,delivered,2018-02-01 12:37:05,2018-02-01 12:55:38,2018-02-08 00:18:51,2018-02-19 20:06:38,2018-03-05 00:00:00
65693cc880b8cf8c5e24798b6e042e0f,5f5559367c34af05d2b0c45d01b768fc,delivered,2018-02-07 14:09:36,2018-02-07 14:32:00,2018-02-08 16:27:36,2018-02-15 21:08:00,2018-03-07 00:00:00
5163b056ed27c054cb24f2c9c6802644,a1f740a3239b8d8f9b28c91d604ed833,delivered,2018-01-14 21:48:19,2018-01-14 21:59:19,2018-01-15 23:04:29,2018-01-16 19:57:21,2018-01-30 00:00:00
570a37e6dd991a6c2c6b032f41487e04,12591d8c5871d885c6e6d8f2814df84f,delivered,2018-01-27 19:58:43,2018-01-27 20:11:30,2018-01-29 23:39:44,2018-02-10 18:33:49,2018-02-21 00:00:00
71425ecd58b4f20236e557902a9743f7,27f23d8561167f6d79c935f4bd5c80a4,delivered,2018-01-10 22:35:16,2018-01-10 22:52:26,2018-01-13 02:42:59,2018-01-25 23:37:33,2018-02-08 00:00:00
b247e9e61aeaf7a0176b58b04e321e8b,cc35391e93d0dc939f561f411c5051fe,delivered,2018-01-08 21:16:47,2018-01-08 21:29:40,2018-01-13 02:15:51,2018-01-24 15:46:40,2018-02-08 00:00:00
d08811a07ac44cdbf0861e11d4f8af67,f4772b596b2cd360203f3d8e39b829fd,delivered,2018-02-14 19:06:05,2018-02-14 19:28:08,2018-02-15 15:45:15,2018-02-20 01:39:13,2018-03-01 00:00:00
557feacb7d186d0cacec3e801d38fc8f,46b876ce0c7611ab7ae7c2b39e154f6f,delivered,2018-01-08 13:00:00,2018-01-09 07:21:32,2018-01-09 21:24:02,2018-01-11 13:03:10,2018-01-31 00:00:00
d3364a29f093a5f36e7eca9f148235c2,520dfb976e8d7e64c6c9275de698053f,delivered,2018-02-17 10:31:09,2018-02-17 10:49:48,2018-02-20 20:19:27,2018-02-27 20:46:39,2018-03-12 00:00:00
ab27936ade5bcfe477dffe5b67f91ffa,50ff13a465b4008d00459abe1e442a79,delivered,2018-02-09 10:00:43,2018-02-09 10:14:40,2018-02-09 19:48:25,2018-02-20 19:14:07,2018-03-06 00:00:00
b9b7f9bddf7affffff1c6da14e8144b0,a46d903e312bcaabd937e93363cae46a,delivered,2018-01-10 22:20:37,2018-01-10 22:33:46,2018-01-17 14:27:11,2018-02-03 07:12:40,2018-02-09 00:00:00
153a0c506e50c26d2279e2ba4187f892,3ea58b15fb3cf6875782305b2492fd4a,delivered,2018-01-01 22:37:33,2018-01-01 22:46:28,2018-01-02 19:29:14,2018-01-05 17:27:46,2018-01-24 00:00:00
9c9d7c2faa49c47d07ddf13a35031837,9d08186323cf285e5f5c66772ef9c468,delivered,2018-01-04 07:44:46,2018-01-04 09:03:25,2018-01-08 11:42:27,2018-01-13 01:27:54,2018-01-29 00:00:00
2f987d84716580b1465f39247276a59c,aa4a725263c6983512c603c3ae6aa188,delivered,2018-01-15 16:19:51,2018-01-16 11:57:32,2018-01-17 19:22:43,2018-01-19 21:39:10,2018-02-01 00:00:00
c5f0b9e8bd23e3d37855d76739573355,2d168556d327700dc590e84a3b12112d,delivered,2018-02-05 17:50:38,2018-02-05 18:50:35,2018-02-08 22:32:27,2018-02-20 21:55:22,2018-03-06 00:00:00
afed4d2938154fa926667651aa232e9e,9bbd165a1b2443025f44284e749d890b,delivered,2018-01-08 17:56:10,2018-01-09 07:17:41,2018-01-10 17:20:08,2018-01-22 15:11:10,2018-01-26 00:00:00
47689e1278494cce8946914ea3a7ccab,2e2bead49a3de15b31c5213fbcef6cd8,delivered,2018-02-03 23:57:51,2018-02-04 00:10:40,2018-02-07 15:13:18,2018-02-14 20:41:26,2018-02-23 00:00:00
1d067305b599c1e0dceb3864056ea527,0489975a325480c9e385e9f135bb13c3,delivered,2018-02-14 13:05:17,2018-02-14 13:15:38,2018-02-20 20:12:57,2018-03-09 21:52:36,2018-03-09 00:00:00
6c682aa3032d2639e12a64b3c2a907b7,deaa5dd4f21cf2d8741e476989fe7d5d,delivered,2018-02-12 11:51:43,2018-02-12 12:05:31,2018-02-14 23:34:30,2018-02-16 23:41:59,2018-03-08 00:00:00
2ec81b9e5f5e40c41a3e747ca4dd8d8b,7d937ae0cf8dcf549e545d4df8894161,delivered,2018-02-22 15:50:47,2018-02-23 15:54:35,2018-02-26 18:57:00,2018-03-17 19:21:41,2018-03-20 00:00:00
ae59c14f258eb3a13024c976485ca68f,64b0b9a57a9bc4b626674c1ce94bc711,delivered,2018-02-16 02:27:04,2018-02-16 04:00:28,2018-02-16 21:06:50,2018-02-22 00:26:54,2018-03-02 00:00:00
f3444b42b17fcf5eb8f23ec2d69e21a7,dc9dfd801d2cd37a2908dda88330bb4e,delivered,2018-01-09 14:58:45,2018-01-12 10:29:30,2018-01-13 00:55:19,2018-01-24 00:12:33,2018-02-02 00:00:00
6a978028a892efba783a6f3be848c512,d8c4f44803e6a10deb628cc91e68b327,delivered,2018-02-07 18:23:09,2018-02-07 18:30:25,2018-02-08 22:51:33,2018-02-14 20:16:39,2018-03-09 00:00:00
543ab3128139efe78bf5e8006ae25087,ab2ea0f54206e58856bd5b50647a5cbf,delivered,2018-02-28 22:42:01,2018-02-28 22:50:29,2018-03-02 00:15:04,2018-04-02 14:09:00,2018-03-19 00:00:00
2b0259629144c6b7b9cbbeae440287a9,86a2212bacc5a9e26edca1f35318b797,delivered,2018-01-05 03:14:40,2018-01-06 16:46:45,2018-01-09 23:16:10,2018-01-20 16:38:52,2018-02-05 00:00:00
430e7ae18173c5c5d351c37676f6d09a,828bcbf5432d3799131548454d33c916,delivered,2018-01-05 12:33:24,2018-01-05 12:48:47,2018-01-06 15:37:31,2018-01-10 15:40:23,2018-01-23 00:00:00
7681bce993e841ae140c728b7c8f1b9c,63acf8de888f1bd3574cf7432ff0312d,delivered,2018-02-02 03:42:48,2018-02-03 03:50:21,2018-02-05 21:53:49,2018-02-21 15:59:03,2018-03-07 00:00:00
3a970d6ac33a077a7c041912c4d8d560,d4808f8089e802626c8eff03e6e057ad,delivered,2018-01-24 19:38:51,2018-01-24 19:57:24,2018-01-26 21:34:00,2018-02-06 17:31:39,2018-02-16 00:00:00
63b6bb683b45ebaf42d0979fae65ad35,16a08791568d43a59571ac6de887b34d,delivered,2018-02-13 12:51:02,2018-02-13 14:35:25,2018-02-14 17:04:57,2018-04-05 19:47:28,2018-03-09 00:00:00
0db1291d4169060a3cd5b83f61c2904a,8179ac0bb632704ff51d60a196e441a4,delivered,2018-02-12 14:05:30,2018-02-12 14:15:46,2018-02-14 18:48:07,2018-02-16 02:16:09,2018-02-26 00:00:00
7cb79f6f40b26d3d858736252d254ca6,9ace60d444fcf82c7a1fc0609e8de2ba,delivered,2018-01-10 11:13:06,2018-01-12 02:35:33,2018-01-13 02:51:30,2018-01-29 13:46:56,2018-02-08 00:00:00
db86cea85c0f2e720125b41ea124a238,f16be7d4ba4fce354eb82fe49b543426,delivered,2018-02-03 16:34:29,2018-02-03 16:50:28,2018-02-05 22:41:37,2018-02-27 19:38:56,2018-03-13 00:00:00
ecbfdf489fbd7cfdb3598186d8891670,499c4320641fd7bad9530372ad01098b,delivered,2018-01-13 16:37:39,2018-01-13 16:49:41,2018-01-15 17:53:02,2018-01-23 19:41:21,2018-02-08 00:00:00
055bef2dbc886956379d21a556e11ff9,c11d593808566de4220559b14b75be36,delivered,2018-01-10 11:40:26,2018-01-10 11:46:27,2018-01-31 19:05:33,2018-02-06 17:27:45,2018-01-31 00:00:00
deb8008c703b1193a5ee13bd3df5e9a6,9099fad5d60c0f71d655957d4eba256a,delivered,2018-01-28 20:40:42,2018-01-28 20:50:43,2018-01-31 18:49:07,2018-02-20 21:06:06,2018-03-06 00:00:00
65e735700fb504519ff5b6baa3a8cb11,a9a9661d1d1f3459d0cc29a9b93a5a49,delivered,2018-02-03 22:14:03,2018-02-03 22:30:24,2018-02-07 17:47:56,2018-02-15 20:55:11,2018-03-06 00:00:00
3fdee57c3dba3da728d2e951c55504d0,b7e1c2f6ff7a227420c6c2ea91d6ceac,delivered,2018-02-11 12:43:03,2018-02-15 03:47:52,2018-02-20 18:34:26,2018-03-16 19:11:50,2018-03-15 00:00:00
93d59619dd0d3db962c4c8d0db7d88b4,e150a2e1a1747aa6a13fad14bf7458f3,delivered,2018-02-10 15:29:59,2018-02-10 15:48:22,2018-02-14 20:05:20,2018-02-23 18:57:11,2018-03-09 00:00:00
b68158eed8887928a1dea62a3d9fc407,6fc2f5ad517b6d8f74b12e58397f6615,delivered,2018-02-09 13:48:50,2018-02-10 02:49:30,2018-02-15 19:37:13,2018-03-06 11:37:48,2018-03-23 00:00:00
5d6984ec26b0281d9a0dc72539961ced,4e6c6b0b19e656a1d215b5ea1a28bbcd,delivered,2018-01-11 16:31:59,2018-01-12 16:36:25,2018-01-15 17:04:41,2018-02-06 16:32:46,2018-02-09 00:00:00
a1a050fa8f13181f869673b817ba74dc,b4541b36b7f3c92eb43d7d5513620944,delivered,2018-02-09 08:25:41,2018-02-09 08:49:05,2018-02-09 18:42:04,2018-02-14 16:52:14,2018-02-23 00:00:00
85d957400258b718b1fcaa00249b3041,fa3b91e723f25db883d9d36aba9a580e,delivered,2018-02-04 17:11:15,2018-02-04 17:29:37,2018-02-07 20:38:25,2018-02-08 18:48:44,2018-02-21 00:00:00
6581c3a6471126317f93733a373b0eaf,216bb67e5cf120c382038ecb86b5fbe9,delivered,2018-02-25 20:07:57,2018-02-25 20:27:43,2018-03-05 21:53:08,2018-04-18 21:47:19,2018-04-03 00:00:00
c2f4ff5a710ff7ff87f90b026028bf18,9ba926ad01e17e9a308791ae9cb69699,delivered,2018-02-28 14:56:03,2018-03-01 02:35:44,2018-03-01 21:39:27,2018-03-09 02:24:20,2018-03-19 00:00:00
feda53748552b66b94d435d2a3c9025b,bd2972b1121201e1c93097f8e39a9060,delivered,2018-01-18 13:39:03,2018-01-18 13:53:03,2018-02-02 02:41:42,2018-02-07 22:06:51,2018-02-26 00:00:00
df8bb1c5e34a83edbd547f2fa290801c,49514292b7c96900328c314056e19641,delivered,2018-02-26 10:49:26,2018-02-26 11:10:05,2018-02-27 18:36:10,2018-03-06 14:14:05,2018-03-21 00:00:00
e6876b2ac1419a0cfe338aa1988dc787,5d3c60d028709921ab56f866c19acb57,delivered,2018-01-31 14:13:06,2018-01-31 14:32:23,2018-02-02 19:27:48,2018-02-14 17:42:01,2018-02-26 00:00:00
a4d54099b02f1e3e36119e0417225d23,0682e8c92aae975e978f4b439046590f,delivered,2018-01-15 16:47:06,2018-01-15 16:58:24,2018-01-17 11:39:07,2018-01-26 22:05:47,2018-02-09 00:00:00
32f388f8cf046166d6cce5d0980f051d,99f9444e4b8a3b3066762a7868f78a7a,delivered,2018-02-20 18:47:21,2018-02-20 19:00:35,2018-02-21 21:06:33,2018-03-01 15:05:02,2018-03-06 00:00:00
cfed507ac357129f750f05a0d7d71b15,088d20d5878711d537176871a6e850e4,delivered,2018-02-25 12:15:02,2018-02-26 22:10:27,2018-03-08 18:06:50,2018-04-06 01:26:34,2018-03-27 00:00:00
9821d27850f7b55f02538c472eaa79f1,a33404f8a18d725b2add46f136119952,delivered,2018-01-28 14:56:13,2018-01-28 15:21:17,2018-01-29 17:09:39,2018-01-30 14:54:08,2018-02-14 00:00:00
d47de9b5f1b4feb44d50ca860da9cce3,c0a7a9931c9aecec70be96594d6504e3,delivered,2018-02-17 11:12:08,2018-02-17 11:26:56,2018-02-27 21:49:09,2018-03-20 20:41:47,2018-03-22 00:00:00
5f1a3b52805b64613f0a07d44601b19d,7c3f9afa43e2d3a66ee68b8d41bc3bb2,delivered,2018-01-01 19:33:02,2018-01-01 19:41:58,2018-01-04 23:46:40,2018-02-02 20:03:13,2018-02-02 00:00:00
563f239c78985c49134eb52e6b06af35,e7c1ebf211a1f26de5a2a2f01672344f,delivered,2018-01-07 01:19:47,2018-01-07 01:28:21,2018-01-08 21:59:05,2018-01-15 20:09:08,2018-02-05 00:00:00
3b80f5f8f9c4664e52e228a8ce5752f9,b62c66b99dc904ade0b5568a95fe904d,delivered,2018-02-27 22:34:44,2018-02-27 22:50:52,2018-03-16 00:37:36,2018-03-19 15:26:30,2018-03-13 00:00:00
821e2d51e9088af9975ede10f80a04a3,82958ac08ce23a52ec58455d42ee50be,delivered,2018-02-18 15:52:03,2018-02-18 16:08:00,2018-02-19 23:28:47,2018-03-06 21:36:50,2018-03-21 00:00:00
131c0d01eb2028569a7756743f8a6e52,38265f3432c4bf8436fc60dd5db1eb9e,shipped,2018-01-24 14:09:01,2018-01-24 15:38:38,2018-01-26 14:33:47,,2018-03-01 00:00:00
c2e2f15f541c1823bc6d1e558f9323db,7dca0aae9d8b2739eae09392212f33bc,delivered,2018-02-19 19:55:02,2018-02-20 07:06:48,2018-02-22 18:29:24,2018-02-23 21:15:45,2018-03-05 00:00:00
fc2fce216ba47a84e54367275351c67a,152e0f1f108e8820600a9572e1cc8107,delivered,2018-01-09 18:56:38,2018-01-10 10:31:43,2018-01-10 19:38:29,2018-01-25 16:37:54,2018-02-06 00:00:00
3a53d5a9a0c58d291ff3ae407b6df5fd,5612aa60cdbbd8e9d89ae0c409080375,shipped,2018-02-16 21:55:03,2018-02-17 01:26:58,2018-02-19 16:14:14,,2018-03-14 00:00:00
1afbdc6ed9143871e5b8be14ce2762e0,2f32cc670061125271017f98f73addde,delivered,2018-01-20 20:00:12,2018-01-20 20:20:20,2018-01-22 15:19:10,2018-02-02 05:02:37,2018-02-19 00:00:00
04304d72305054a178c81ab24c4d2d68,62015356bb2bebaed11bcc9bbd658a50,delivered,2018-02-06 20:33:06,2018-02-06 20:50:39,2018-02-10 14:09:00,2018-02-20 00:38:51,2018-03-14 00:00:00
aca8c2b847a4cb482f374429b5210c29,152bc3638756114e812c31f117fb4bdb,delivered,2018-01-18 10:20:36,2018-01-19 02:37:22,2018-01-23 20:58:43,2018-02-02 22:23:16,2018-02-14 00:00:00
4b543d559cb1d860ec4c814807001093,d24b43d7e710defda63c9bdcce01aa57,delivered,2018-02-28 11:49:03,2018-03-01 02:50:37,2018-03-06 17:41:57,2018-04-14 19:27:44,2018-04-04 00:00:00
2e740ecc4d15abb7cbef29f843b39942,57c0790260575dcab6952e29ee2ba0e8,delivered,2018-02-20 15:07:08,2018-02-20 15:40:29,2018-02-21 20:32:20,2018-02-27 11:39:05,2018-03-06 00:00:00
cd39022e5751efdf258a1052e7e9bc70,99edb37901193efa5288192326767ad9,delivered,2018-01-16 12:45:33,2018-01-17 03:38:51,2018-01-17 19:59:12,2018-01-18 16:28:35,2018-02-01 00:00:00
1092bd1c4047de3d8b0445f8539f4dc6,22705c3b9d99040b971bd4aeb236ecdc,delivered,2018-01-28 13:38:18,2018-01-28 14:00:14,2018-01-30 17:18:51,2018-02-08 17:13:05,2018-03-06 00:00:00
793e6ea3191b9d6ead7fc77523efd898,fda22da528e2ea3d3ab92fc76b64a014,delivered,2018-01-22 21:34:59,2018-01-22 21:53:05,2018-01-25 21:13:14,2018-01-26 10:58:40,2018-02-07 00:00:00
05248f2049e2194bcb2108983868308f,aa606152f23a5fa9ba3d0b87f7a492e8,delivered,2018-01-16 23:18:27,2018-01-16 23:29:44,2018-01-17 20:26:28,2018-01-29 18:58:35,2018-02-20 00:00:00
d860fd3dc065e22ac79622d39d28e1bc,99fd37744ebeb8563299b54c2d985c38,delivered,2018-01-08 10:22:38,2018-01-08 10:35:31,2018-01-15 14:57:58,2018-01-31 17:23:17,2018-02-06 00:00:00
a957d0a2751e196bf75d8ae7da002947,9121f857c9a2b19287d8d16a97b9faa0,delivered,2018-02-16 12:45:58,2018-02-16 13:06:55,2018-02-16 22:06:30,2018-03-02 23:34:53,2018-03-21 00:00:00
a80b9e4d406b12636bb0f6792cd1862d,95b4cc7e3b32e271d581e3dce4403c77,delivered,2018-02-27 18:14:18,2018-03-01 02:48:59,2018-03-02 18:07:22,2018-03-06 19:21:40,2018-03-13 00:00:00
a1b33a82ce718e7ad4704992b3c01624,23ecd7f57e750c54d6f770677c00caa3,delivered,2018-01-13 16:47:31,2018-01-13 16:58:26,2018-01-17 23:19:29,2018-01-23 19:26:46,2018-02-16 00:00:00
eeb07aa24e72e434c3a2617822832059,1bf1636f4db4a1a50f5d351f61ca2081,delivered,2018-01-11 07:27:07,2018-01-11 07:55:23,2018-01-12 14:28:11,2018-01-22 13:18:56,2018-02-06 00:00:00
60649d0d9e4157baeb059b34cf7d9b42,60a108918a0ccf4076b95c0614d27870,delivered,2018-02-07 09:27:34,2018-02-07 09:36:09,2018-02-08 19:41:37,2018-02-16 09:09:14,2018-03-06 00:00:00
7af48c3262020f1e61fed763bbe80920,3fceae1db8d9a8ea20c73ebb3348932e,delivered,2018-02-05 16:30:40,2018-02-05 16:52:05,2018-02-07 23:37:12,2018-03-10 12:28:25,2018-03-16 00:00:00
2e386e86851d57f3a4f9b2bde748df42,cd2aeb7652a5a67b8da8c50950351f0c,delivered,2018-01-03 22:02:54,2018-01-03 22:11:36,2018-01-05 00:20:03,2018-01-11 16:49:35,2018-01-26 00:00:00
ef499cbb85da7d399c43fe2eac17d076,fff55ba8dffa552b6fdfd86c2e806459,delivered,2018-01-24 17:29:00,2018-01-25 18:31:19,2018-01-27 00:07:09,2018-02-07 20:27:46,2018-03-02 00:00:00
5d67cca99e80d5f9cc0cda0ce73ca3a3,0b92c3b2085fc6ca1af7d396612a2a93,delivered,2018-01-12 14:52:21,2018-01-16 03:50:04,2018-01-17 19:51:19,2018-01-23 14:42:49,2018-02-06 00:00:00
97f628c23936b663758751ed856904ba,339ad6dfb04841e9de09bb05f3b55a86,delivered,2018-02-12 20:19:47,2018-02-12 20:30:22,2018-02-14 21:49:10,2018-03-09 15:06:32,2018-03-14 00:00:00
bf889dfbc028003fdf795584501b9530,83ee8100a0d0c4f437e4bce4f0f7cca5,delivered,2018-02-08 17:26:13,2018-02-08 19:10:05,2018-02-09 23:46:44,2018-02-14 23:34:00,2018-02-22 00:00:00
26aa7fd8593cb211c78df356f45b4cbb,7c2ea04fa08bad623b28654dfc2801fc,delivered,2018-01-19 14:33:57,2018-01-19 14:57:11,2018-01-23 22:55:38,2018-01-30 10:15:04,2018-02-09 00:00:00
b43a98a6615a9a0319f5ec81a6e5d666,7842cf4e1725f54e49052c3d2bf2b2fa,delivered,2018-01-22 17:51:50,2018-01-22 18:16:33,2018-01-25 15:52:57,2018-02-06 19:35:12,2018-02-19 00:00:00
6b1e15c6a0e45c136eb1b2474ca126e9,45856349acbad3f1df3fc464e53586eb,delivered,2018-02-19 08:00:02,2018-02-19 08:10:20,2018-02-20 20:25:04,2018-03-28 16:19:05,2018-03-14 00:00:00
b1adda8b2734d4a0bae4885a90722859,7fe022d44964a339398a981ce3026ea7,delivered,2018-01-21 23:34:21,2018-01-22 14:04:29,2018-01-24 17:49:13,2018-01-30 21:22:28,2018-02-19 00:00:00
9218159b7b4899ff64d48431905c03b6,0efcf77f4835470b9d86604a7a754aa0,delivered,2018-02-07 21:41:13,2018-02-09 02:35:22,2018-02-21 10:49:55,2018-02-28 13:07:41,2018-03-13 00:00:00
a3fffd40f08c6e4ea8a775049b285222,56fecd308580382b61bd71468880a9f1,delivered,2018-02-27 08:32:14,2018-02-28 09:29:35,2018-03-02 21:34:16,2018-03-12 15:42:07,2018-03-19 00:00:00
701b8d796304d25d93346f4f62a7eebc,556ab1ee7c3634931dbf4d769b6f6e6d,delivered,2018-01-23 20:45:31,2018-01-24 15:57:37,2018-01-25 20:33:32,2018-02-02 19:14:49,2018-02-19 00:00:00
45942e54bf1edb4b2c481b77f7f8486c,744eaeaf58a86dbe348c4bf07a5b13e4,delivered,2018-01-17 19:03:21,2018-01-17 19:10:39,2018-01-18 17:42:16,2018-01-25 19:28:10,2018-02-07 00:00:00
45231e392a71d6e8a9081c85ec33aa15,c96b4cfef71ae1ab097480c18abc21e2,delivered,2018-01-03 13:44:16,2018-01-03 13:52:33,2018-01-04 22:39:04,2018-01-05 16:56:49,2018-01-19 00:00:00
505bd68247a13876bb61245104daf074,7e3cd1f802c695e446c446288bcffc97,delivered,2018-01-02 00:40:15,2018-01-02 00:47:24,2018-01-09 17:35:51,2018-01-16 15:38:43,2018-02-01 00:00:00
4107a5429304c314c4b73f29822ba268,0f9fc4ae62bfcdbcf167260cbf33695e,delivered,2018-01-23 20:14:35,2018-01-23 20:38:52,2018-01-24 15:52:10,2018-02-05 12:15:19,2018-02-26 00:00:00
950d953d1c32b47c840a17f3661427a4,83ee6d8c8198e3ecd30aa108a28d4b81,delivered,2018-02-21 20:53:04,2018-02-21 21:08:51,2018-02-24 00:21:47,2018-03-09 21:24:42,2018-03-16 00:00:00
ca8371fd938708a12fe7ddb1d5d7d14f,dc31258635460c1b340ee7c16485a60b,delivered,2018-02-16 22:05:21,2018-02-17 00:15:43,2018-02-19 23:53:11,2018-03-06 23:21:52,2018-03-16 00:00:00
368b6ae3d06e7116cfbfaf1b888becb6,4b89b978ee6465a083e3e6e52792994f,delivered,2018-02-24 11:59:46,2018-02-24 12:15:28,2018-02-26 18:58:58,2018-03-02 22:47:00,2018-03-16 00:00:00
61e7a0e72661ce2a29fef077d8007f27,cd84779cce6243c1a17f802b7bab05c6,delivered,2018-01-09 06:28:45,2018-01-09 06:38:28,2018-01-10 10:39:28,2018-01-22 23:46:40,2018-02-02 00:00:00
4ebbbd231e136e72a341eb57a1d74159,f2b2630bceb7c033a4bd84433622b4ec,delivered,2018-01-14 21:42:27,2018-01-14 21:54:21,2018-01-16 13:53:57,2018-01-18 21:11:40,2018-01-30 00:00:00
cc3518a32accaeeca420bab0fedd0661,ab8f0f8aebb8b6b7369a7aee659fdcb1,delivered,2018-01-03 11:59:24,2018-01-04 05:14:56,2018-01-04 23:22:30,2018-01-23 22:36:11,2018-02-06 00:00:00
d4b8d4d2db125937bf34083422aea427,652c1f8e1a06d78d745521cf576288cc,delivered,2018-01-17 16:12:47,2018-01-19 02:37:25,2018-01-19 22:23:01,2018-01-26 01:40:43,2018-02-01 00:00:00
e6572de73e295b8613a4716a3a1f15d6,d43f51543fb5e83578f7ce4f13fc49c5,delivered,2018-02-19 15:20:06,2018-02-19 16:27:25,2018-02-21 18:56:04,2018-03-12 23:38:43,2018-03-14 00:00:00
bf0e3e56f8900efaafc1325b7c74372c,fee3120f2dacfdc90f4bdb6dd83c49b8,delivered,2018-02-25 21:26:25,2018-02-27 03:10:35,2018-02-27 20:53:03,2018-03-12 17:42:27,2018-03-29 00:00:00
9831b84779bb2216541f702f5ed7c331,e4810f3375c0f016838e715c1b7a0339,delivered,2018-02-17 20:56:20,2018-02-17 21:07:07,2018-02-19 18:18:52,2018-03-01 23:19:29,2018-03-15 00:00:00
a548910a1c6147796b98fdf73dbeba33,8a2e7ef9053dea531e4dc76bd6d853e6,delivered,2018-02-28 12:25:19,2018-02-28 12:48:39,2018-03-02 19:08:15,2018-03-09 23:17:20,2018-03-14 00:00:00
40b8e198f9be930c141b807fe417dd07,abd4f44cab431f33b0c4f242377666f4,delivered,2018-02-01 19:59:24,2018-02-01 20:14:04,2018-02-05 16:52:52,2018-03-02 20:29:24,2018-03-12 00:00:00
ff0b6187cf7193bed62f8974ee957d5f,07fcbc2e9b0e4d8b1f9698560ee91a16,delivered,2018-01-17 22:34:38,2018-01-17 22:50:04,2018-01-19 03:09:56,2018-01-23 19:02:54,2018-02-16 00:00:00
0923cc4965fb98b0adcc8a7c6ee32f7c,f7adc1671125754d305c2d29d2bbd075,delivered,2018-02-21 07:09:21,2018-02-21 08:05:33,2018-02-21 19:26:41,2018-03-20 20:38:53,2018-03-23 00:00:00
c03c0621cf2e7845908985db3355f9e0,6582b23efa7ebcb533c64649530bbe60,delivered,2018-02-13 13:04:57,2018-02-13 14:35:28,2018-02-14 22:48:50,2018-02-28 19:48:46,2018-03-16 00:00:00
7ab0dc48b021e455a7c0ab4cf53f6bdf,d16a12e3be31ee48928e0a5f8a837ad7,delivered,2018-02-20 15:47:11,2018-02-22 02:31:05,2018-02-23 22:37:00,2018-03-02 13:08:01,2018-03-13 00:00:00
7f949bbc94c8580ad60e90fd93358395,236ec63256bb9c3e17bf8a07a310e353,delivered,2018-02-14 23:28:31,2018-02-15 20:46:36,2018-02-16 21:22:24,2018-02-27 00:41:38,2018-03-13 00:00:00
0c73113256d69beb31380c221529f19b,33728393eaaf9ce7c3ba59d63f31c26a,delivered,2018-02-09 11:37:38,2018-02-10 11:30:28,2018-02-14 20:03:30,2018-02-16 02:36:58,2018-02-23 00:00:00
6b5fb7a597834a8211623075d4b8e079,0c449d43caee651308a153c58e09c9f7,delivered,2018-02-08 14:14:37,2018-02-08 14:29:32,2018-02-09 19:45:57,2018-02-14 20:25:07,2018-02-26 00:00:00
95573e80e3966d4340d792f4f6c865b7,c7693063f3ceb1ce930b140d748b5972,delivered,2018-01-16 09:07:17,2018-01-17 03:36:51,2018-01-17 18:15:58,2018-01-18 14:29:25,2018-01-31 00:00:00
898b6a712c7a937ddd5c83464360d51d,8b5e899f6beae4402997de27e382c736,delivered,2018-01-22 11:29:04,2018-01-22 14:22:18,2018-01-26 22:53:01,2018-02-01 23:31:37,2018-02-21 00:00:00
11f78390cf30f82fe5d8aa95fda7173c,50f4d5f949e82950a8dc92f2b21dd3d3,delivered,2018-02-14 13:43:36,2018-02-14 14:07:00,2018-02-19 17:07:49,2018-02-26 20:22:20,2018-03-12 00:00:00
f0089d43f99d1bc295c05699b4facbed,cab9419f31815dbc6727651e6408569f,delivered,2018-02-25 15:14:28,2018-02-25 15:27:50,2018-02-26 19:48:36,2018-03-09 19:59:02,2018-03-16 00:00:00
fa2fd7d7b1621c17e9a3e934e8e2f5a8,96e2d32c707893b312fabc1c8bf98086,delivered,2018-01-14 20:22:46,2018-01-14 20:31:30,2018-01-15 17:33:50,2018-01-16 20:32:22,2018-01-30 00:00:00
f06c19bf3191f1d176e8a11472b8f156,a79d3252e4c023b140a52486dcb0a916,delivered,2018-02-17 01:44:07,2018-02-17 02:07:56,2018-02-22 03:37:32,2018-03-01 23:12:09,2018-03-13 00:00:00
4226897596086a3e840fd72442221850,5b6c9b4cc753bfd2ba753bcb51b56a56,delivered,2018-01-25 23:23:03,2018-01-27 02:47:22,2018-01-29 18:09:03,2018-01-30 23:26:24,2018-02-09 00:00:00
118b09c1cf1b29c8401cb7833d29c10a,c5ef4b508381ea9766c2d7e798985bae,delivered,2018-01-09 22:03:32,2018-01-10 10:32:05,2018-01-11 22:38:04,2018-01-31 15:28:48,2018-02-08 00:00:00
ee44ba984c6672cf6f87358e64b63a64,8bd2b8776a440399acfa350e269736b3,delivered,2018-01-15 09:45:25,2018-01-15 09:56:30,2018-01-25 05:06:11,2018-01-26 23:28:52,2018-02-05 00:00:00
cb415863b9b9ae1341b2deaebdc88c9b,292fe6d44f8a0af68671aabb4682a730,delivered,2018-02-06 17:30:15,2018-02-06 18:22:10,2018-02-09 14:13:22,2018-03-02 18:09:00,2018-03-02 00:00:00
a54148130ca55b63a313eced8c392850,e98b07a762a24e72b12e0bf2617eaf4a,delivered,2018-01-07 19:50:35,2018-01-07 19:57:21,2018-01-08 19:37:18,2018-01-26 19:53:18,2018-02-09 00:00:00
275d92b213bfe10256116957faea6d60,0f96da4e84f2c6fa860116a023c1744d,delivered,2018-01-16 13:06:14,2018-01-16 13:13:22,2018-01-18 13:44:55,2018-01-30 13:42:48,2018-02-06 00:00:00
e11ea6be9b7b180e46f0b9186f39354a,aad53c950158343811d07a7ce61c0f4c,delivered,2018-01-23 10:06:14,2018-01-24 02:53:04,2018-01-24 20:15:42,2018-02-09 14:37:50,2018-02-16 00:00:00
99cf68b71ac96d8b4c0f20dec410d8fd,074ed25364c115f9e35c10d260b87780,delivered,2018-02-01 14:04:51,2018-02-02 02:54:12,2018-02-05 17:35:53,2018-03-20 19:06:33,2018-03-01 00:00:00
1162cd6cea2c1d4d79492aef88f50618,707460e412768135516dc216222de9da,delivered,2018-02-09 06:57:50,2018-02-09 07:15:18,2018-02-14 17:52:20,2018-03-07 18:17:37,2018-03-07 00:00:00
d129a390b12dad8097fca575b31aba6c,4ed298b95353f35d266831f8944d77a5,delivered,2018-02-06 12:15:10,2018-02-06 12:30:23,2018-02-06 23:45:40,2018-03-24 21:08:25,2018-03-12 00:00:00
0b9ac892eece5e74725c3699a0eec646,e5a66e97402372af6d227dd7b60f97a0,delivered,2018-01-25 20:35:25,2018-01-27 02:41:22,2018-01-30 19:33:54,2018-02-08 19:46:32,2018-02-19 00:00:00
303a6a45fae43f865173d8b5bfff6518,1110dc7c2758d3b492037875d703da52,delivered,2018-01-26 11:26:07,2018-01-26 11:39:37,2018-01-26 22:52:22,2018-02-08 19:07:19,2018-03-01 00:00:00
85c4170fce54fdeff14d1bdfbc01ccb5,b460f02848cd2af7ce345937c3f53f6c,delivered,2018-01-18 00:39:32,2018-01-18 00:51:11,2018-01-20 00:33:03,2018-01-26 18:15:39,2018-02-08 00:00:00
ecd2748a24a9595ee9ae3ae645a01ae4,a70de1d2619f2113a39a18ad83dce472,delivered,2018-02-07 17:51:28,2018-02-07 18:14:59,2018-02-09 18:41:50,2018-02-17 16:13:01,2018-03-08 00:00:00
f16d63adfff7b3be52e70c9ff8a02968,ded22bf833ef4e2bf4a5de7f74356b0b,delivered,2018-02-14 21:52:02,2018-02-15 21:46:28,2018-02-16 22:23:02,2018-02-20 00:08:42,2018-03-01 00:00:00
07dba073c2b18c2c748f28ed51c87ee8,39fd6d063a9335b98a5045cada7081dc,delivered,2018-02-08 21:14:22,2018-02-08 21:28:11,2018-02-14 21:45:16,2018-03-09 01:19:23,2018-03-13 00:00:00
a452f232f2844160f507c536f84d9ffe,58070208c2da84fb6139732d3f7617dd,delivered,2018-02-05 12:21:04,2018-02-05 12:30:24,2018-02-07 21:04:27,2018-03-01 13:47:17,2018-03-12 00:00:00
d31122a9dce1042519a69fd29fc249de,d3e3005d486334fc20aac8234e1ff764,delivered,2018-02-16 10:31:31,2018-02-16 10:50:23,2018-02-19 12:42:36,2018-03-13 21:26:49,2018-03-13 00:00:00
ba8dd052f0697464c9b19669d50cf248,ae77c163c374034318661b9b9d780c91,delivered,2018-02-06 08:27:11,2018-02-06 08:49:40,2018-02-06 19:43:20,2018-02-08 15:48:58,2018-03-05 00:00:00
708819b15b92924c2b0045e5e0a41c5a,db1391f5393765bd6ca2ebf18b16bdaf,delivered,2018-01-17 15:48:03,2018-01-18 02:11:37,2018-01-19 01:09:16,2018-01-23 15:42:37,2018-02-19 00:00:00
7ea04d381a2ba7d7f14be55b878830a5,f54d024dc9788318f1b4e2ef9c80829b,delivered,2018-01-16 10:12:36,2018-01-16 10:29:58,2018-01-18 21:51:30,2018-03-02 17:22:47,2018-02-08 00:00:00
5ddeb5159e6cdaa562843c1e6b32ba84,8245c54a0dee956adc20bec650d55c82,delivered,2018-01-31 18:32:55,2018-02-02 02:54:37,2018-02-02 23:17:06,2018-02-05 21:56:46,2018-02-23 00:00:00
4b27760ac4ae035083d524268ca2ea4a,e166fcb0b227d4282b7d11bdbe3ce82b,delivered,2018-02-04 20:24:34,2018-02-04 20:35:32,2018-02-08 15:44:55,2018-02-19 21:51:08,2018-03-05 00:00:00
638fa07954d987db6c7cc971c365eca5,bb6d19b76e0f5f72f87d72c33ade1136,delivered,2018-02-20 23:02:50,2018-02-20 23:15:30,2018-02-23 23:11:58,2018-03-02 15:09:05,2018-03-19 00:00:00
44a5ad3dfcc50ed80b03ffd522a27cd4,d1a7a58bca769116d3a13b423bd6530e,delivered,2018-01-10 19:34:38,2018-01-10 20:10:24,2018-01-24 11:14:48,2018-02-20 21:39:33,2018-04-02 00:00:00
a048e5da1c33fe118dd9627eb8d35d16,7890b92d81dc0d0d7325b2cda4cd14a6,delivered,2018-02-14 18:25:34,2018-02-14 18:47:53,2018-02-16 14:07:53,2018-02-28 18:56:52,2018-03-08 00:00:00
3953deef7b2a9104cefd114e1219bd9c,aec85558896424034ea880e902abbfbd,delivered,2018-01-10 22:19:44,2018-01-10 22:31:31,2018-01-11 19:24:40,2018-02-04 20:25:26,2018-02-09 00:00:00
93a4103fd6a1562ec4442ddb02a38c5d,0ec7fc82a014f62c13bf934aa074185d,delivered,2018-01-30 08:34:27,2018-02-01 02:56:13,2018-02-01 17:54:52,2018-02-08 19:28:35,2018-02-21 00:00:00
f70bcdfa88e05f7e1233b958f9c7824e,1344fbf68f664eebc30ce0152fe87f01,delivered,2018-01-12 21:58:11,2018-01-12 22:08:18,2018-01-15 23:39:14,2018-01-28 18:14:44,2018-02-05 00:00:00
d29eca3633b0b60adf268cae9133cd93,cbbd508281ea66e2f36b4acfc28a85b0,delivered,2018-01-17 23:34:21,2018-01-17 23:50:02,2018-01-18 21:35:34,2018-01-30 14:16:38,2018-02-01 00:00:00
8a8d4a399c6ef91d4c20458be5048c3b,54ccd7be1a0550989644a7633454f6a9,delivered,2018-01-08 14:06:59,2018-01-08 14:18:49,2018-01-08 21:39:11,2018-01-15 20:18:45,2018-02-02 00:00:00
efd3e6079ebd4d192d41aa488cbc1757,32057ee964e8c08387a897d367b0777d,delivered,2018-02-14 22:40:28,2018-02-16 14:31:07,2018-02-20 12:08:49,2018-02-26 23:59:10,2018-03-13 00:00:00
ca03e4a81e799aa7d57d3c2c3401319e,72f98f3871a3a422ba1f8dd5670a6232,delivered,2018-01-22 11:43:20,2018-01-22 14:22:53,2018-01-23 19:27:15,2018-01-26 18:48:37,2018-02-06 00:00:00
11d1d2c41d418db52862561ad533739a,4a8767e3ddb2511930c15cfcf6dff50f,delivered,2018-02-09 13:48:09,2018-02-09 14:09:03,2018-02-15 20:07:54,2018-02-21 23:39:08,2018-03-06 00:00:00
f8355c46f4d1be555ecad989a0d0c143,ca0a1d30c91a8d47a2924787babc05fd,delivered,2018-01-15 17:18:20,2018-01-15 17:30:48,2018-01-17 17:03:56,2018-02-19 22:42:05,2018-02-21 00:00:00
4e279bc55cb8b7abc5a2c1ecdcb6b08e,ad09bfb021e70165d9590b7976cc6f33,delivered,2018-01-10 16:46:22,2018-01-10 16:58:31,2018-01-11 21:48:51,2018-02-01 12:03:58,2018-02-09 00:00:00
95e8ad87dd94e0a48ffb1fd18f13be66,7dc0baedb6fe189dcb7ed56ef53ee9ca,delivered,2018-02-24 13:47:56,2018-02-24 14:27:54,2018-02-26 22:39:07,2018-03-19 20:04:13,2018-03-19 00:00:00
f4309c5ccc24874aba5de216dc1616f0,265ca4a2dfc340879f5a626c4d58a741,delivered,2018-01-23 12:48:41,2018-01-23 13:02:17,2018-01-24 22:51:38,2018-01-25 20:34:57,2018-02-07 00:00:00
06613112cdd7761776322081835b1b96,fcb575e0338a61a52183a700115f416d,delivered,2018-02-27 17:19:46,2018-02-27 17:30:35,2018-03-06 00:27:01,2018-03-09 22:26:34,2018-03-19 00:00:00
055f84fd2ebf314ebec85f8e1312f4f4,82ff01ff3cdbae8ef85c10481d360d1a,processing,2018-01-13 17:32:09,2018-01-15 10:10:50,,,2018-02-14 00:00:00
edf4d697d6281d6f40f101a31462c929,1f7f094865cd0e20a6acb5cdba5c5f19,delivered,2018-02-23 20:36:44,2018-02-24 02:35:46,2018-02-27 02:09:16,2018-03-23 23:48:40,2018-03-28 00:00:00
03c7d8b2c13e98ae77a8167d1a8be2bf,ff5231b8a2bfe583c3ff95675d3f4c0e,delivered,2018-01-18 19:34:36,2018-01-18 19:53:13,2018-01-19 16:54:27,2018-01-22 20:35:49,2018-02-02 00:00:00
aa1c3aeff82c1b948ca7036036bb4cae,db34b92431fe812d551d2ea6f6424ff9,delivered,2018-01-26 21:42:41,2018-01-26 21:58:41,2018-01-30 14:26:09,2018-02-06 18:52:47,2018-02-22 00:00:00
3339caccb4f94a45abaf8ed1990cfc36,9a862d529004b7051c686f79baba08fd,delivered,2018-01-22 15:42:00,2018-01-23 03:52:50,2018-01-24 10:24:59,2018-01-26 20:09:19,2018-02-06 00:00:00
56f1dce758e68c71032960e398462d6f,475fca6e147c656cf97e55f7fc807681,delivered,2018-01-28 21:14:26,2018-01-28 21:32:15,2018-02-01 18:16:30,2018-02-14 20:13:51,2018-03-01 00:00:00
30dbdad7616e8b72efea1c866a43f1da,231f0ffb269612f46dc8a039a9f7d60d,delivered,2018-02-28 13:40:35,2018-03-01 13:35:34,2018-03-03 11:36:50,2018-03-07 15:32:49,2018-03-21 00:00:00
7fc849fe7b19291b174ea1ab2a8759a5,fbf1d555f02296c5d568ba0a59b1d0ec,delivered,2018-02-28 15:04:19,2018-02-28 15:15:34,2018-03-01 23:53:05,2018-03-12 17:58:27,2018-03-21 00:00:00
8860c46d734c9f3a3172bc4a71ec5490,432e733246f0e2b2691830b104eeb5c3,delivered,2018-01-29 10:14:11,2018-01-29 10:39:07,2018-01-30 00:16:46,2018-02-09 14:33:36,2018-03-05 00:00:00
a573cb4336fd3982959f7ddd2ec8724b,838eac29ae41a93183c71d6acf722bc1,delivered,2018-02-25 21:03:03,2018-02-25 21:15:25,2018-02-28 19:25:12,2018-03-07 23:56:35,2018-03-19 00:00:00
4df36fe83cf894ed979421fecd300bdf,f31e6301ab31f25b5603bb6567861c43,delivered,2018-01-06 12:43:25,2018-01-06 12:53:30,2018-01-09 14:03:50,2018-01-18 16:51:54,2018-02-08 00:00:00
a9f75df1cef311cb1a83706ed6992b41,c84a6e2da1eeb1774d66c63160a82805,delivered,2018-01-19 17:49:59,2018-01-19 18:20:30,2018-01-23 12:28:33,2018-01-26 20:32:59,2018-02-09 00:00:00
2bcb35eae24dc9a57f35090df6a7cb67,6a3371f582b157ebaf97408844a22269,delivered,2018-02-26 10:34:45,2018-02-26 10:50:48,2018-02-27 20:14:51,2018-03-07 17:38:11,2018-03-26 00:00:00
64065ff7503353586b3dacf9aec56ae7,954e58351016ce296c9b714dad1c5d76,delivered,2018-01-06 20:38:07,2018-01-06 20:48:21,2018-01-10 18:37:21,2018-01-18 11:56:56,2018-02-09 00:00:00
3ee2cb486f75ff2899da20d9bec72017,92b4a5ec884cb9c319b6daed5d1436c3,delivered,2018-02-24 19:01:20,2018-02-26 14:10:38,2018-02-28 23:39:48,2018-03-20 14:06:51,2018-03-23 00:00:00
0660b9ab6d1e2653ba4395a095e58cad,77f27aecab797512134865f2631de5e1,delivered,2018-02-27 23:25:30,2018-02-27 23:35:31,2018-03-05 15:39:02,2018-03-20 21:22:05,2018-03-26 00:00:00
6a42b7608f87f127149196afa0554473,a06aadc1e2a90865df8fe7ce1f570e04,delivered,2018-01-06 16:18:32,2018-01-06 16:32:15,2018-01-08 21:27:52,2018-01-25 17:53:13,2018-02-05 00:00:00
3d62214bc821ec54aac1a2e240b42650,bf66bde8b6fef4caee9c8115c25693e1,delivered,2018-01-22 08:45:18,2018-01-23 11:10:51,2018-01-26 20:03:24,2018-02-05 20:17:54,2018-02-20 00:00:00
2db84a082bda455eb1da10727e7ca621,12f0a2db64cb3b8ffbe0a340acb99050,canceled,2018-02-02 15:29:05,2018-02-02 16:00:26,2018-02-06 14:54:44,,2018-02-20 00:00:00
10b69324b897d3c3504084db8492f98a,3b859974ffa4d29d352bf5fe3008291f,delivered,2018-01-23 11:35:37,2018-01-23 11:50:49,2018-01-24 21:43:07,2018-02-15 16:48:45,2018-03-01 00:00:00
2733b7a9eda2b9f2ffa314fd4b45b330,277c6406dfd76e437ad282e61cfea438,delivered,2018-01-22 11:39:08,2018-01-22 14:25:59,2018-01-23 23:37:38,2018-01-29 18:41:44,2018-02-15 00:00:00
da9e49f2e3064ed64f05c5f9e32ec773,5f932996c6408714b55c073f7fd7fb69,delivered,2018-01-28 20:46:50,2018-01-28 20:56:19,2018-02-02 00:43:07,2018-02-05 17:43:12,2018-02-14 00:00:00
4dc9488e447d685ac0ab217f7cb9b885,87608b39402a92d8234efb049a82d291,delivered,2018-01-11 21:11:31,2018-01-11 21:27:31,2018-01-16 19:09:09,2018-01-30 19:04:21,2018-02-06 00:00:00
0ccad283af81aa4910d7cd1e092326d1,4fd707ca46413cc24f686cddf08ca175,delivered,2018-02-22 08:18:52,2018-02-23 02:09:03,2018-02-27 18:09:24,2018-03-14 23:21:09,2018-03-19 00:00:00
615774e695ab140dcb5e1c0aeb15b9cc,f8260ac0cb6df254a4c7ec7dd62a3aaa,delivered,2018-02-26 09:32:34,2018-02-26 09:50:13,2018-03-09 22:21:16,2018-03-16 14:41:05,2018-03-28 00:00:00
effe6b3c0a442e88e41a15c0cdd09a83,b2dfb42b62eed0666aef0b9e660de51b,delivered,2018-01-19 18:06:15,2018-01-22 14:12:41,2018-01-25 21:12:45,2018-01-31 17:57:48,2018-02-09 00:00:00
a7798126c7238a769777af04c3d19e71,4213d56a7812724b33d83ec2c5bc169c,delivered,2018-02-14 08:50:48,2018-02-14 09:07:52,2018-02-16 00:11:59,2018-02-27 21:04:35,2018-03-08 00:00:00
83055c0065bec470a99316217bb2b639,db362d7742e55c0f476bfcece3a19917,delivered,2018-02-20 20:10:07,2018-02-22 02:10:46,2018-02-22 22:49:07,2018-03-01 16:07:31,2018-03-12 00:00:00
5505392067e8b24913b7142f3c6489e7,0c1699c37326ecf93e3a029ef1159431,delivered,2018-02-13 17:00:33,2018-02-13 17:10:27,2018-02-15 15:13:18,2018-03-01 22:18:44,2018-03-06 00:00:00
ef1d0da21b77b4213e3001de2f170c17,a0d17b4cb7478d0e7667e0b46bfa800e,delivered,2018-01-06 19:30:37,2018-01-09 07:25:43,2018-01-09 17:19:50,2018-01-11 15:53:13,2018-01-24 00:00:00
afb217f83ceec9590ca2726247af3b50,f869fd9a4d35098605f1064d07ef3dc1,delivered,2018-01-28 11:57:53,2018-01-28 12:10:29,2018-01-29 23:57:03,2018-02-05 12:22:43,2018-03-01 00:00:00
b83ed42a4c8f73cee33121aa4ca4cb14,b4a4141e8a62c1869c0c0d428fe24e1c,delivered,2018-01-31 16:57:52,2018-01-31 17:13:51,2018-02-05 21:09:09,2018-02-14 22:36:31,2018-02-26 00:00:00
d93a680cc497c0df20ea2023a89dc68e,ae75ad8219b66770df6013a8aaaf8d64,delivered,2018-01-20 18:29:52,2018-01-20 18:38:06,2018-01-29 21:28:00,2018-03-13 21:06:07,2018-02-20 00:00:00
e57f9e7c60adf9829a8cadaf9d153e5d,b8494b9943cd16f91008627a6ec8ac85,delivered,2018-02-07 12:41:18,2018-02-08 07:35:58,2018-02-09 19:58:29,2018-03-02 00:28:43,2018-03-13 00:00:00
d09430535a1c386621c95790a3bbc0dd,c4094c75188203c52729c56102e09b30,delivered,2018-02-26 23:29:37,2018-02-28 09:29:19,2018-02-28 22:37:59,2018-04-02 17:08:37,2018-03-22 00:00:00
36fe204caef0ee36f62366de0896a87f,8bf4138fe28c4cdbe9e5ded6940cd844,delivered,2018-01-19 21:53:38,2018-01-19 22:16:19,2018-01-23 03:33:45,2018-02-09 16:05:25,2018-02-16 00:00:00
e641b9f6a659a79390e82e48859707dd,bd2a328b9b4edaf2c99ac219ebd7366e,delivered,2018-02-01 11:37:43,2018-02-02 02:54:05,2018-02-05 12:27:13,2018-02-10 18:01:09,2018-03-07 00:00:00
eb92f6fdb8dcd9a9ab21c341b4a3ca5f,78a0a4fe355394a8f2ab9efd5fa38206,delivered,2018-02-09 02:14:32,2018-02-10 02:10:23,2018-02-14 18:38:23,2018-02-22 14:37:50,2018-02-23 00:00:00
134383561b50fa8eca9c19b2c792d74c,adb0a60bfe536590838a68ebcabe33ac,delivered,2018-02-22 14:21:59,2018-02-22 14:35:24,2018-02-27 23:46:47,2018-04-16 21:16:46,2018-03-19 00:00:00
974da4d4968e7a6e5751745b368f3afa,149004735ff052f067f70ce31aca8498,delivered,2018-01-20 10:09:41,2018-01-20 10:19:11,2018-01-22 22:29:41,2018-01-24 17:10:28,2018-02-06 00:00:00
6e44a8c682fac139d29384acf3a1059d,729891ea1ef5f05ecd5a65a7d6b4efbc,delivered,2018-01-26 09:34:38,2018-01-26 09:53:01,2018-01-26 19:49:05,2018-02-05 20:42:52,2018-02-21 00:00:00
f93c284c30e466bf61eeac67b49f1c7f,dc07131f2ce18145a1ea6017d9101a33,delivered,2018-02-25 06:42:40,2018-02-25 06:55:23,2018-02-28 23:44:31,2018-03-10 13:48:44,2018-03-21 00:00:00
3b2ed015a009d565797abd448a431da5,ff1aa5b5c7890d273cc15e9ab91393d2,delivered,2018-01-26 20:15:00,2018-01-27 02:40:14,2018-01-29 23:23:19,2018-02-06 02:58:45,2018-03-01 00:00:00
f2006b46b9e70d59e442b6da97cd35fe,a64c4b3ab7406e717790566ebf570407,delivered,2018-02-10 11:07:40,2018-02-10 11:47:41,2018-02-16 18:52:02,2018-02-28 16:03:10,2018-03-12 00:00:00
c387bbffbee248ae797d4676d8967e36,13e424a5e34d53d87217feabf8c22d36,delivered,2018-01-12 15:48:25,2018-01-12 16:08:36,2018-01-18 21:52:09,2018-01-25 16:09:03,2018-02-14 00:00:00
4bf603cde1e3f217c4f534a43c79f36a,3745f821304d2d872da468c124e48b3e,delivered,2018-01-28 12:23:34,2018-01-28 12:40:04,2018-01-30 13:06:38,2018-02-06 17:12:14,2018-02-23 00:00:00
e42a84e9da2661784849b93dd02c579b,8ae3bda18f32c07a6b7920172f335d9f,delivered,2018-02-10 21:13:52,2018-02-10 21:35:24,2018-02-14 12:15:46,2018-03-02 17:16:47,2018-03-09 00:00:00
47cdfa4d3f0ebffd3064a5a7f1a1a901,7e9dd7f39416a450cea8e6457e20738b,delivered,2018-02-12 17:14:14,2018-02-14 09:46:53,2018-02-15 13:48:28,2018-02-26 19:04:48,2018-03-16 00:00:00
671671623167a42e49d7edfb4fb5f687,3ba35ac5e5254aef087324d19b05e37f,delivered,2018-02-24 17:17:20,2018-02-24 17:27:19,2018-02-26 18:19:14,2018-03-07 14:56:51,2018-03-21 00:00:00
52b841d05323dfdaea310461719973cc,7e8a28d1a18520713f1767ccb03a494e,delivered,2018-02-08 10:49:42,2018-02-08 11:10:53,2018-02-09 23:24:50,2018-03-01 19:57:06,2018-03-13 00:00:00
e03f2a110a3c771d1e0e126f139503d9,9c66d0ea4755e0f35408a0cd71cc68a4,delivered,2018-01-18 10:26:40,2018-01-19 02:37:00,2018-01-22 22:23:17,2018-01-29 23:43:55,2018-02-02 00:00:00
aec22e7fdce5eb4bb18379fa44aa0662,2d91d851c42c4baa050a2137d3b6dcce,delivered,2018-01-30 17:04:51,2018-01-31 16:51:21,2018-02-05 18:18:50,2018-02-19 18:17:18,2018-02-21 00:00:00
fbefd1a1d596025d72cd7cbf21c4f804,7535f9ce5c5ca7c248ed0ff6ed129d04,delivered,2018-02-28 11:52:37,2018-02-28 12:31:09,2018-03-08 02:33:31,2018-04-08 16:53:36,2018-03-20 00:00:00
7b997f4d6833a33d2df92a0a939a5b25,e4e8b2a1871ee98d1af88a1c049ba181,delivered,2018-01-26 00:44:01,2018-01-26 00:58:07,2018-01-29 16:48:47,2018-02-15 20:28:38,2018-02-21 00:00:00
3461b5e9de904818a15cac893bccf912,728199a7264bd80e44707c122bb04edd,delivered,2018-01-12 16:26:06,2018-01-16 03:50:22,2018-01-18 21:54:42,2018-01-26 13:44:10,2018-02-07 00:00:00
891331814ee1cbcb8f77a53b2b136099,8f64da415df0a6866db60da16526f3ad,delivered,2018-02-26 21:47:30,2018-02-28 10:11:13,2018-03-05 18:14:45,2018-05-23 22:04:43,2018-03-16 00:00:00
1d23106803c48c391366ff224513fb7f,b2e6ad00199e893fdee50615ccfda0fd,delivered,2018-01-26 16:19:34,2018-01-27 02:52:27,2018-01-29 15:18:55,2018-02-09 21:38:39,2018-03-02 00:00:00
607eee584aa2eb64b8e9464c5e590efc,9b3879ba197eaf4fad695002924c353e,delivered,2018-02-24 19:47:16,2018-02-24 19:55:46,2018-02-27 17:44:31,2018-05-04 20:32:36,2018-03-23 00:00:00
5f156d65bf7998fce0ebdb3a046e78a3,aae8fcc018dceb4958fd6d509b6b6434,delivered,2018-02-03 18:10:49,2018-02-03 22:49:43,2018-02-06 01:18:40,2018-02-28 12:53:41,2018-03-08 00:00:00
4f6daad34df49e10c8072b33faafcb2a,73eb345e2b03af4125d07ca4a250d06a,delivered,2018-01-01 02:48:41,2018-01-01 02:58:25,2018-01-05 18:36:58,2018-01-30 18:43:20,2018-02-05 00:00:00
94a7404baf903097588d30faf47784d2,457207ed970fb24526a47a9a9a271a46,delivered,2018-02-08 23:26:46,2018-02-08 23:35:35,2018-02-14 18:42:13,2018-02-20 19:32:46,2018-03-07 00:00:00
3a6b05ecacce688f20fecd1824db1c58,6ef189a5fb5fd30cda5d5e7aa2f96e4f,delivered,2018-01-14 18:16:33,2018-01-14 18:28:31,2018-01-15 21:42:57,2018-01-17 20:30:06,2018-01-30 00:00:00
f20029eae2937bfb674b22b89f0e876b,cdd7ca4b71dd8f94507266b6c29b3165,delivered,2018-02-18 20:34:47,2018-02-18 22:07:12,2018-02-22 00:23:25,2018-03-02 20:58:35,2018-03-12 00:00:00
efd3b94ce05ae57bce1f417fdbbc16aa,5d9ae8a689e16a1d0baee896734fea4e,delivered,2018-01-17 14:28:37,2018-01-17 14:50:50,2018-01-18 21:21:45,2018-01-22 22:43:18,2018-02-01 00:00:00
853927b32b0ebc007ece729a314338cd,be0e2abfe1e57a99b37f471ba7380aa6,delivered,2018-01-24 15:42:08,2018-01-24 15:58:13,2018-01-25 14:52:43,2018-02-21 00:19:44,2018-03-05 00:00:00
1af76094e8921f4fe77e6ccc5878f313,1964cbc4f686c7de6ced7a1e10479987,delivered,2018-02-15 16:08:06,2018-02-15 16:46:38,2018-02-19 14:28:55,2018-02-20 15:03:57,2018-03-01 00:00:00
c20889d460a5439e1529017fc9a867da,93ecffc5232c696502c0835ea9ac8bb1,delivered,2018-01-19 13:54:38,2018-01-19 14:16:21,2018-01-25 19:56:51,2018-01-29 21:25:06,2018-02-09 00:00:00
b3f52fa6786dcd3666e35723730fbb94,1e433a0ebefc0d9ba791b8f2e0e627f8,delivered,2018-02-02 19:29:55,2018-02-02 20:12:01,2018-02-05 18:37:12,2018-02-07 22:15:04,2018-02-26 00:00:00
d94353ea4014f1fc7b6eaadcc9c90fe7,d499816665f38ec594f2b11a3d732079,delivered,2018-01-30 15:13:25,2018-01-30 15:33:30,2018-01-31 17:54:38,2018-02-05 18:42:58,2018-03-01 00:00:00
390e38291abc646f3d82c77980db5e7e,7420160ba52f4dc16e3fd5dcecf31843,delivered,2018-02-08 12:37:45,2018-02-08 12:56:32,2018-02-09 00:16:30,2018-03-01 21:11:03,2018-03-20 00:00:00
c9bd5b826046d7a922af1b95bdd4d39f,5a86f91f644f261e5d90e015e2d45636,delivered,2018-01-29 22:20:16,2018-01-31 14:31:54,2018-02-01 19:29:31,2018-02-14 18:51:42,2018-02-22 00:00:00
14d1d66db4507c974f85b272b16a2e6d,bf3b87e64c9e80c8c5782d1dcd709ba7,delivered,2018-02-22 00:49:10,2018-02-22 01:08:53,2018-02-22 21:04:28,2018-03-01 23:35:15,2018-03-08 00:00:00
b34456bfbeeab3b57566ff099173e885,c7f1bd63e0681d50969d7f0eeb4b6dc4,delivered,2018-02-12 12:48:55,2018-02-12 13:08:10,2018-02-15 19:56:33,2018-02-27 16:33:09,2018-03-21 00:00:00
71e297393a1e63537a76e338c10dbff8,42141ff96dcb5e2c803d4419826e46f8,delivered,2018-02-26 08:50:45,2018-02-26 09:08:39,2018-03-07 23:16:47,2018-04-13 22:45:38,2018-03-16 00:00:00
9e1cc8d31c00bfb769e00998a4b665c9,c9b7848f3a59efb83e4b34507faa7c63,delivered,2018-01-24 12:13:16,2018-01-25 02:58:02,2018-01-26 21:50:49,2018-01-31 14:29:13,2018-02-16 00:00:00
098a986ddd350e605574040b04554267,9feb947affcba60e3865d3df152ff086,delivered,2018-01-10 13:21:34,2018-01-10 13:29:29,2018-01-10 21:24:47,2018-02-03 03:17:23,2018-02-09 00:00:00
7cd974a86e085cb5b455b7cffb6f4d46,5e4422ad2e2fe371c8d5d7ffb1ace380,delivered,2018-02-20 13:46:13,2018-02-22 02:30:52,2018-02-22 21:04:29,2018-03-09 21:24:51,2018-03-21 00:00:00
41302ef57ccbb4cb215dd5ead09b286e,32dde81e7516761c7efe1e877adaac22,delivered,2018-02-24 18:45:45,2018-02-24 18:55:25,2018-02-26 21:23:26,2018-03-05 22:52:40,2018-03-16 00:00:00
cafe1030b50f6fbe232a1532e95c89a6,5736944f51ca2a7e68fa3180b5b499da,delivered,2018-02-19 16:50:58,2018-02-19 17:55:41,2018-02-22 00:50:35,2018-03-19 22:46:39,2018-03-09 00:00:00
89213fd88487a78eb20c786df6abc9fa,46a4ac4dcaf4f17c44f5d7c5a5afaf86,delivered,2018-01-16 18:56:38,2018-01-18 02:11:33,2018-01-19 21:08:15,2018-01-22 18:56:40,2018-02-09 00:00:00
5c821b37fad60b510aec78ab1883a584,d7ce53e72912943db6ebbd0c2d5e9c84,delivered,2018-02-28 15:59:59,2018-02-28 16:16:04,2018-03-02 00:42:36,2018-03-22 15:17:37,2018-03-22 00:00:00
3c6ba7a3320c8c63c76d343c388ba219,42cb6791d77b43e03043928246e7e635,delivered,2018-02-22 09:36:58,2018-02-22 09:50:30,2018-03-07 23:05:25,2018-03-26 23:38:41,2018-04-05 00:00:00
26cc9c222792e6af792575ab34ee3ecc,21bdba219d8d2f0f3795d2d97d8e30d4,delivered,2018-02-08 19:10:12,2018-02-08 19:32:18,2018-02-09 19:28:46,2018-02-20 21:03:57,2018-03-05 00:00:00
f24bbebc2c8ba687b65f1be751dd8982,541884ec125bd7f617b86a0f92b8e3b7,delivered,2018-02-20 18:27:39,2018-02-21 18:31:57,2018-02-24 00:51:34,2018-04-19 16:49:31,2018-03-14 00:00:00
e9fc4383978e3a12dcb8a7f429d12a9d,8627b27e02dbf7c31fbd7f80bcf86f77,delivered,2018-02-28 20:08:29,2018-03-01 20:09:32,2018-03-02 22:07:22,2018-03-12 16:16:36,2018-03-20 00:00:00
3dd70a36f5f41e56af19f4948fdc0745,cac55ff10981d6526f8745b3b2061ea5,delivered,2018-01-08 20:42:55,2018-01-08 20:51:23,2018-01-10 00:29:00,2018-01-12 23:25:26,2018-01-31 00:00:00
128874d639055ad5609b5269defad1c3,863865c82cd0d41a60fc51307be1d19e,delivered,2018-01-28 12:48:36,2018-01-28 12:58:22,2018-01-29 19:23:37,2018-02-03 01:03:22,2018-02-20 00:00:00
8b7d4b3e8eca5cae93f948e0d7b67406,76d4a3d0005fc2a1c3d995a062bfc72d,delivered,2018-01-25 10:24:24,2018-01-27 02:43:27,2018-01-29 14:04:20,2018-02-05 19:48:59,2018-02-19 00:00:00
298ac355d24f2f302767f584d6364be9,c5483f1b885da26c62ce8d93412fe607,delivered,2018-02-18 09:34:47,2018-02-18 11:00:19,2018-02-19 22:44:40,2018-03-09 23:54:41,2018-03-16 00:00:00
4bc6b6965bf5778f7d262b5f8913a721,2c32cd114924f08948dc2c1311663076,delivered,2018-02-23 11:34:56,2018-02-23 11:55:52,2018-02-26 18:29:19,2018-03-13 14:59:07,2018-03-15 00:00:00
26d400a875f601666c17347c2350beb3,0057f8b7c332d630b992d6a8ca79748c,delivered,2018-02-15 14:23:43,2018-02-15 14:35:32,2018-02-21 19:28:01,2018-03-05 23:34:17,2018-03-07 00:00:00
dae2457b7553ecd04b2141637d26f78e,3215e826a9197694f39b117ea398f7c0,delivered,2018-01-14 19:46:54,2018-01-14 20:31:01,2018-01-22 22:43:24,2018-01-24 17:13:06,2018-03-05 00:00:00
6c51f58aa6e93a65c7002b68ba2806cd,a09d60347e2da4735fdbe1ddf07eacda,delivered,2018-02-17 21:38:03,2018-02-18 22:26:59,2018-02-21 23:35:35,2018-02-25 16:19:39,2018-03-06 00:00:00
9e7137975355579bd52d6ad4e682f833,d7f9d42d9ed5c5d53824a2c8be1b64b5,delivered,2018-02-02 13:45:00,2018-02-02 14:51:46,2018-02-06 22:29:05,2018-02-07 21:22:59,2018-02-21 00:00:00
9386d40609a844441d3fc71a2d763aeb,7743f235e69a51423e995b0682ac8c95,delivered,2018-02-06 09:43:59,2018-02-06 13:35:05,2018-02-06 22:33:00,2018-02-21 20:36:59,2018-03-12 00:00:00
359d397d63a00fc9587ae56bd9e5479e,0311e8645872f2e940fcdbd0373e8ef3,delivered,2018-01-14 15:33:16,2018-01-14 15:48:30,2018-01-15 15:46:59,2018-01-26 09:39:26,2018-02-08 00:00:00
01b84214591ddd4edad9fa4a1f344f84,828c30ae3a51aea1d168e88e6e735bf7,delivered,2018-01-03 19:12:28,2018-01-03 19:27:03,2018-01-04 16:36:40,2018-01-16 02:33:43,2018-02-01 00:00:00
dabaa5a0b44ef0e0e333e9814418298c,b67450e5415709b21b5f1f49a1974d2b,delivered,2018-02-19 19:32:17,2018-02-19 20:35:27,2018-02-20 18:55:00,2018-02-21 20:27:27,2018-03-05 00:00:00
79d2ece798690d902556990b5c617be8,db7822800b949810547673c25902bca7,delivered,2018-01-28 18:55:36,2018-01-30 04:31:15,2018-01-30 16:22:52,2018-02-05 23:33:43,2018-02-26 00:00:00
2525cd7ce3320dde22109e4066be3f7c,41ddb6b40ea0a93e0db456b9da68eed7,delivered,2018-02-26 15:59:27,2018-02-26 16:32:26,2018-02-28 16:25:42,2018-03-15 14:08:41,2018-03-26 00:00:00
80b74dde5b336c1f75c610521dedec08,940f2ce7cb288f723f854cdbf763b43a,delivered,2018-01-27 21:52:14,2018-01-28 21:58:02,2018-01-29 18:11:37,2018-01-31 13:52:05,2018-02-14 00:00:00
7fa9efca67559f2f13c0656e55967397,420b67c85ceff09ec8d61df18ee62125,delivered,2018-01-31 22:18:04,2018-01-31 22:30:41,2018-02-06 17:15:06,2018-02-07 15:09:34,2018-02-16 00:00:00
8b43a48f7c3254d79efa87d9d4b68578,7b43541b68a832baf60802c3119dfe80,delivered,2018-01-22 23:53:16,2018-01-23 01:24:51,2018-01-24 00:38:26,2018-01-26 17:29:07,2018-02-14 00:00:00
3d062cd73698941c34fd1917e8f39482,ba5cdde41a363eb9644384100a76383c,delivered,2018-02-13 19:29:31,2018-02-13 20:07:32,2018-03-07 14:44:27,2018-03-07 23:38:59,2018-03-08 00:00:00
8ebbdbcc79e51da16021583a29f2ee21,3975ac6ad466b998b9ed73750192cbbc,delivered,2018-02-15 10:14:59,2018-02-15 10:27:32,2018-02-15 21:38:05,2018-03-15 00:24:35,2018-03-12 00:00:00
83a5f8854981c7b3edeb547ad11c5e04,e4d42b5f401deb9467f9dc41bc4c2b3b,delivered,2018-01-23 15:35:06,2018-01-23 15:51:33,2018-01-24 22:05:31,2018-01-26 16:52:00,2018-02-07 00:00:00
bdb9bdd2b7e7f7fa3429262ba9cfeca4,9c5a04b217ec8c874f1ef224f8847bf7,shipped,2018-01-05 21:34:39,2018-01-05 21:48:04,2018-01-09 23:47:35,,2018-02-07 00:00:00
a17af8e6044c5ccaa87b1d97559dc554,8df8172ff39578fa8f41cccb8d28d9e7,delivered,2018-02-16 17:59:44,2018-02-16 18:05:31,2018-02-21 15:13:26,2018-03-09 23:51:33,2018-03-28 00:00:00
60f2ddc8d4430b5d01a1b3aa873d2d03,9242e7e435577f88adf6cd4f7503883a,delivered,2018-01-11 14:20:28,2018-01-11 14:29:22,2018-01-17 01:08:46,2018-01-18 17:16:41,2018-01-30 00:00:00
e95d501ef62dcec5a8d1a7eb222a02b9,97d63feda8926a333e24d685b9be138f,delivered,2018-01-28 17:22:43,2018-01-28 17:32:20,2018-01-29 19:33:51,2018-02-20 19:07:20,2018-02-23 00:00:00
26047a1aef2518e6b2d19aaac4cc1520,1b99a7edf8652baa0b57211cbb1b5c04,delivered,2018-02-21 17:27:57,2018-02-21 17:51:42,2018-02-22 19:45:16,2018-02-26 19:47:54,2018-03-07 00:00:00
9811e9a18a958540d5b173727b2edf95,5ac358d3a472d17707c45cb260a464ae,delivered,2018-02-11 16:09:29,2018-02-11 16:27:47,2018-02-14 23:38:31,2018-03-05 22:44:00,2018-03-15 00:00:00
d1e0a6cc55d1db3058bb6803fc08ccc3,5d723e545d7fa13747195838b1408c15,delivered,2018-01-15 14:03:20,2018-01-15 14:11:18,2018-01-17 02:28:41,2018-01-18 18:49:55,2018-01-30 00:00:00
2e54a200a6bb88a705239b059efa8fd7,e68eea004762425de1b42e922bb1a29c,delivered,2018-01-10 18:54:16,2018-01-12 10:28:13,2018-01-17 18:41:30,2018-02-09 21:38:32,2018-02-16 00:00:00
9d80c772b0c65884e80514abb626b94d,1c7d3f9a5cad0ae81ecee8c4d1e50e10,delivered,2018-01-03 18:50:22,2018-01-04 05:23:29,2018-01-04 16:46:04,2018-01-08 15:04:19,2018-01-22 00:00:00
3d5f593a3675d379285142d8c932bb6e,f656ac8f37b7201ead107c3dd7e82a4c,delivered,2018-02-05 11:39:46,2018-02-06 11:35:43,2018-02-06 22:38:25,2018-02-15 15:22:44,2018-03-02 00:00:00
c064f1af2555ae9dbb9efd65b5381684,4a67c8053442ff805d7354795303c17c,delivered,2018-01-18 20:47:13,2018-01-26 17:03:42,2018-01-29 21:47:55,2018-02-06 23:16:51,2018-02-14 00:00:00
97790d570870606aaa458c9ddad507c4,5a20ca69160161786b074d55001ca9b7,delivered,2018-01-07 20:16:56,2018-01-07 20:27:37,2018-01-08 20:47:57,2018-01-18 12:59:58,2018-02-06 00:00:00
dd95d0db9c5b772bb855486678dc8a87,f78eff62f9eea9cdabb344137d1f6ed8,delivered,2018-02-07 19:04:42,2018-02-07 19:29:55,2018-02-14 18:24:00,2018-02-19 18:04:38,2018-03-05 00:00:00
fc6e9a6cd6985d3d454cccfdfdf66931,bc24781aafb6ba52afdae67ebb4ba3f0,delivered,2018-01-25 19:50:58,2018-01-25 20:15:38,2018-01-29 20:12:52,2018-02-06 00:34:19,2018-02-19 00:00:00
641b2871fe2ce7418e69b4c4fa21bd40,889d677f2cb18ab09f29222f50db131f,delivered,2018-02-15 11:44:09,2018-02-15 11:55:34,2018-02-20 22:18:33,2018-02-21 14:24:57,2018-03-02 00:00:00
10a94cfc443be920ad332f21f5285d0a,8c0ed8ab496f6c6c4dbba03d73a43557,delivered,2018-01-02 15:21:34,2018-01-02 16:31:41,2018-01-08 23:28:00,2018-01-20 17:47:05,2018-02-05 00:00:00
f1c179e3b024edd6b12fa92fb91590a6,4ae72d0daf2448a49bf98ec1b8cf68b5,delivered,2018-01-29 09:02:09,2018-01-29 09:18:43,2018-01-29 22:19:02,2018-02-05 19:48:16,2018-02-22 00:00:00
a402af38a74c44926247db438245d95c,3ba47b09546c2da91ef141efce2d5888,canceled,2018-01-30 22:12:10,2018-01-30 22:34:14,,,2018-03-06 00:00:00
ffef9e1de5dd07b397b373f9bb72cccf,f46860fe1b54585612e3fffdbf52e43a,delivered,2018-01-11 10:02:13,2018-01-11 10:14:27,2018-01-15 22:34:16,2018-02-06 01:05:12,2018-02-09 00:00:00
e23ca832ba25d2d20b0ebacdfe401989,320820724a43fe701ae97500b3760a81,shipped,2018-01-24 14:17:10,2018-01-24 15:16:07,2018-01-25 20:15:08,,2018-02-23 00:00:00
a7e71dd247a252f0f215e6230cdd5d1e,6e119961531891f055b01aeb4f93552e,delivered,2018-01-13 09:38:07,2018-01-13 09:48:35,2018-01-18 20:08:46,2018-01-27 15:36:39,2018-02-01 00:00:00
7a4f9c8e2172d566e71f204a6187268a,ac6dec66b774a07045cdd6078ec77e46,delivered,2018-02-07 14:07:46,2018-02-07 14:32:00,2018-02-09 14:34:04,2018-02-19 23:06:37,2018-03-08 00:00:00
fcc8173153ab317f1827da42e62661f6,f0b07dbbb28c0b794c5f937e2a8c34ca,delivered,2018-01-27 19:16:37,2018-01-27 19:30:42,2018-01-29 20:33:29,2018-02-02 17:15:17,2018-02-20 00:00:00
50a635228cdece6885554281ca470d78,7324d9346e8232531da71467241de8d1,delivered,2018-02-26 15:54:24,2018-02-26 16:15:40,2018-03-09 22:05:53,2018-04-09 10:46:52,2018-03-29 00:00:00
dddb0be31f3ee940cb28224f09315978,09925cbe133c99a8fc4512393f569b3b,delivered,2018-02-22 11:40:05,2018-02-22 12:20:23,2018-02-22 23:09:19,2018-03-06 00:47:27,2018-03-26 00:00:00
d194a451e2505ee2c351841d07e83eaf,408684c3090959e9e7a9e4988abdc6c6,delivered,2018-01-30 10:05:05,2018-02-01 02:52:55,2018-02-01 18:48:35,2018-02-20 21:23:17,2018-02-23 00:00:00
1f0c014f0e64850a2020368551656dba,d829c6a67a93d7fc7f62dd56abbcc4de,delivered,2018-02-22 19:04:46,2018-02-22 19:15:32,2018-02-23 22:38:05,2018-03-17 13:07:53,2018-03-14 00:00:00
dba741d70126a95feb85435175370edc,a4426f6a2cfe4a7cea7146f236bf41ae,canceled,2018-01-24 19:18:04,2018-01-24 19:57:20,2018-01-26 20:12:58,,2018-03-05 00:00:00
712019d1870cae651794147ac4d25da0,0c0cff01107d9555110f6a6f0df65dd6,delivered,2018-01-06 23:01:03,2018-01-06 23:10:24,2018-01-08 22:26:16,2018-01-27 17:06:30,2018-02-07 00:00:00
c12a7300c1fdbd202faf783e3010203e,71bf942d4b32f3f76c91966ad20c076b,delivered,2018-01-13 00:07:22,2018-01-16 03:38:53,2018-01-19 21:29:35,2018-01-22 18:38:52,2018-01-30 00:00:00
bd46eb8290e43e3407aed6543ff41989,f031886e4798f6cde1431e8963394725,delivered,2018-02-21 06:27:09,2018-02-21 07:25:07,2018-02-22 17:53:17,2018-02-23 21:23:31,2018-03-07 00:00:00
d9a857b8ca6c8ca6a97e6977be3e47bb,4d6ea1b19aa670516d625c6da25d954f,delivered,2018-02-08 22:22:54,2018-02-10 02:35:55,2018-02-16 16:43:29,2018-03-05 22:38:34,2018-03-14 00:00:00
cf89399a034c96945092cc819f31801d,eb3e00534a970a5f3309eac06880f0f6,delivered,2018-02-11 11:13:55,2018-02-11 11:28:08,2018-02-14 20:05:14,2018-03-01 01:43:14,2018-03-06 00:00:00
a5e316a920122ee655d3a9fa01582514,c6018222eb46fd32b78fa3300a9636d5,delivered,2018-01-24 16:38:33,2018-01-24 16:51:26,2018-01-26 14:06:35,2018-02-02 16:04:10,2018-02-16 00:00:00
3f44656d9d3ebf0e6a4932454ad04ca0,336b6f8b290fd1dcbf2f9011c0fa6f5a,delivered,2018-01-02 16:17:43,2018-01-02 16:30:27,2018-01-03 21:42:45,2018-01-09 17:37:03,2018-01-31 00:00:00
09bc4b63b3a1b631632aebe28d64df0a,075bf71fb03ea50d4da3b57efb26ce30,delivered,2018-02-19 00:26:12,2018-02-19 19:20:28,2018-02-20 20:17:06,2018-03-05 23:51:24,2018-03-14 00:00:00
6cdb0cc1b8e91c029df0df00b4194736,9ea952089cea6df4958262671fe0aa84,delivered,2018-02-25 14:46:48,2018-02-25 15:07:44,2018-02-28 15:56:47,2018-03-10 14:38:37,2018-03-16 00:00:00
e1e667177bf730d0964be7732d806213,fc13b8bee7302ebebe10949e338c3bc4,delivered,2018-02-04 01:17:31,2018-02-06 05:31:44,2018-02-14 15:25:18,2018-02-21 18:35:49,2018-03-07 00:00:00
5f0b0411ca9f0f3502f937000fcb1447,6c11f829f63b1bf47ad07aae66f314d8,delivered,2018-02-03 22:10:39,2018-02-03 22:29:36,2018-02-07 21:36:38,2018-02-19 18:28:39,2018-03-01 00:00:00
ae33d9911d4d85073c77c28678de681c,11d69e8cf762813644bd7404602a502b,delivered,2018-01-03 17:06:02,2018-01-03 17:17:34,2018-01-04 22:09:06,2018-01-10 18:13:24,2018-01-29 00:00:00
a2860430c7bee71b1b90ffc78a95df6d,cc3e81acaff70da9f1f6bf9fa1430550,delivered,2018-02-14 18:27:03,2018-02-14 19:20:23,2018-02-15 19:51:42,2018-02-21 05:38:55,2018-03-08 00:00:00
8c264bdab8e3874de8f4af9227b4b982,d782ee1fb732ce94cceb663a9f35ac08,delivered,2018-02-15 21:25:43,2018-02-15 21:35:22,2018-02-17 17:58:28,2018-02-21 23:18:53,2018-03-09 00:00:00
8a321ac5f4ec102c87791bd745cb3fbf,8779b7cd60feec38f2186e9ebab8b034,delivered,2018-01-14 22:38:49,2018-01-14 22:49:39,2018-01-15 22:29:42,2018-01-17 21:54:48,2018-01-30 00:00:00
5b5df11336181a5d1e7a021ea5642bd6,b2f27ac68d800789258e48b15e8335d9,delivered,2018-02-20 17:32:52,2018-02-20 17:47:49,2018-02-21 19:34:11,2018-03-13 10:42:31,2018-03-26 00:00:00
463dc1b7fe6a8f19d740aba99d88ab73,f8f4be39e47db4b1a363cd95dec7a5f2,delivered,2018-02-28 15:11:27,2018-02-28 15:30:36,2018-03-02 00:25:03,2018-03-15 21:13:36,2018-03-28 00:00:00
1d28af766063913e28a09606c0ee6fee,c57438c44211c48b6e71a6e50c40ab83,delivered,2018-01-22 18:38:28,2018-01-22 18:57:11,2018-01-24 22:37:01,2018-01-29 13:26:50,2018-02-16 00:00:00
8ed46f28f884bd76db1f8d95fc27a5f4,6e7901ae39eb9c64958a51ff4a025cfb,processing,2018-01-15 16:52:44,2018-01-17 11:30:51,,,2018-02-19 00:00:00
dc1b1cb0a0bef9a1b53b35be77247cb3,ef7c85f2ad75eed987fd08a601715fd9,delivered,2018-02-21 11:45:27,2018-02-23 02:31:11,2018-02-23 22:16:35,2018-03-06 22:57:22,2018-03-19 00:00:00
c9283076b0f196acde755765fcfaec9b,a854caf1b1cc61e8c864be51d1e4338a,delivered,2018-02-20 09:23:20,2018-02-21 06:15:19,2018-02-28 01:26:56,2018-03-14 22:19:29,2018-04-27 00:00:00
dfaf7d1351211f9eda13848b34364c9f,db39c3b26a6c6256f40c8d74205e8f2f,delivered,2018-01-19 01:15:06,2018-01-19 01:31:24,2018-01-19 23:56:53,2018-01-22 21:38:29,2018-02-09 00:00:00
cebc01d93a6f61df440ecaeb708edb5d,409192c05c81efb2fda3a7d3e3d0e35d,delivered,2018-01-17 14:20:22,2018-01-17 14:30:42,2018-01-20 01:08:46,2018-01-23 18:43:31,2018-02-01 00:00:00
53f47eb788d813aec3149697d6501eb5,a6f6f997537338e883ff387f4a8f4a0c,delivered,2018-02-25 22:54:42,2018-02-25 23:07:52,2018-02-27 19:15:36,2018-03-22 19:32:52,2018-03-21 00:00:00
a3480694574e74545579bf7d974318d0,6cec2e523363d463153fd692edba1f61,delivered,2018-02-14 17:54:39,2018-02-14 18:08:22,2018-02-20 00:04:42,2018-02-26 18:27:19,2018-03-06 00:00:00
53c76273765484d43a78ad7375d2298b,367f881e0ee513cc57aff2ee105b0e88,delivered,2018-01-31 18:03:57,2018-02-02 07:31:21,2018-02-06 00:51:18,2018-02-16 23:51:58,2018-02-23 00:00:00
a5d65a8f94a1020f43ab5107168d43d3,79b6cc1cb0df21abe957c9173a05eeb7,delivered,2018-02-11 08:14:07,2018-02-11 08:28:24,2018-02-15 19:14:03,2018-02-20 21:28:42,2018-03-07 00:00:00
d32d839e4c6f7772888cc70c40f23abe,f282c09c41cb14c6a88481deb1c0b25e,delivered,2018-01-18 23:19:22,2018-01-18 23:30:34,2018-01-19 17:48:36,2018-02-01 17:39:04,2018-02-15 00:00:00
c3d5f2db50cfc2b9526cff19df97ee48,57c3723a1b21222d0a785abd4146a06c,delivered,2018-01-29 09:30:09,2018-01-29 09:37:22,2018-02-01 11:58:22,2018-02-20 15:32:47,2018-02-23 00:00:00
04467aceefd2346ed54c7fd9e40721a6,8cbe6c3bbaaae2aa9f5d97827a7968d0,delivered,2018-01-25 16:21:03,2018-01-25 16:34:51,2018-01-30 16:03:48,2018-02-05 22:46:29,2018-02-20 00:00:00
1c4321d51d7e6f9ac2ae011396ecde38,8dc26b31e83f4d58759c682f919a7b95,delivered,2018-02-24 16:10:19,2018-02-24 16:27:31,2018-02-27 21:33:24,2018-03-01 23:56:50,2018-03-12 00:00:00
982f203457d0f597a575b40512d66b1d,ba58818419b9defea2521f95ed2d82ee,delivered,2018-02-20 19:07:20,2018-02-20 19:28:34,2018-02-21 19:33:30,2018-03-08 18:10:46,2018-03-16 00:00:00
245ab579b02d5d10ea1183942b060d54,35b21cec4edd637b7520d3312530724f,delivered,2018-02-07 13:30:34,2018-02-07 13:51:22,2018-02-08 22:26:47,2018-03-02 17:06:40,2018-03-14 00:00:00
f28fdc3611b69cc93b0bbd8b1b3afc30,d91e4fe979aeb231f2696fd3712a86d7,delivered,2018-01-26 22:21:10,2018-01-26 22:38:11,2018-01-29 16:56:50,2018-01-30 22:58:38,2018-02-09 00:00:00
cb1aefa2e40fed6fb68c34d30e3c0e7c,09e28006e0a25bff69fc0f9cf24e147e,delivered,2018-01-08 13:14:49,2018-01-09 07:26:44,2018-01-09 21:48:20,2018-02-01 22:51:48,2018-02-07 00:00:00
338d51c0465ed6b6de1c296960745fd9,8c6a7b82afcd5b6d193721e01b18f5c1,delivered,2018-02-14 16:20:41,2018-02-14 16:35:41,2018-02-16 02:04:40,2018-02-16 17:55:43,2018-02-26 00:00:00
38f4de107b2ebaed574ce9233ad3f261,d4ae6fb4f627d842499fed248067a69f,delivered,2018-01-19 19:26:20,2018-01-19 19:37:14,2018-01-23 16:44:29,2018-01-30 19:08:59,2018-02-09 00:00:00
810d4c0ffa550c04303153fb9c0f0e11,fe00d4958dfeaf621e1840302cb7e47f,delivered,2018-02-20 17:34:05,2018-02-20 17:47:53,2018-02-22 16:43:55,2018-02-27 16:29:10,2018-03-06 00:00:00
c6ee046b85d59deed2e71242e970d437,e5b90e0dde0fa26f1a9a6b2624f71a6b,delivered,2018-02-18 22:03:31,2018-02-19 17:47:29,2018-02-20 19:18:56,2018-02-25 13:26:39,2018-03-06 00:00:00
3b2285d4d80f742f34cc959e041722a9,e908b924226c39f055d910e21acdef87,delivered,2018-01-22 14:29:31,2018-01-22 14:38:22,2018-01-24 00:05:07,2018-01-31 23:22:47,2018-02-16 00:00:00
16647da0639fd5db20f1e8de9305bc5c,0a28710d39c87618a19f30a66d3a70e4,delivered,2018-01-15 20:36:27,2018-01-15 20:50:43,2018-01-23 15:27:02,2018-02-05 22:33:41,2018-02-22 00:00:00
5ab8c9146a69c23d2d92d7b5399705ce,3523eda934adb63d616d08e834a135b7,delivered,2018-01-05 21:44:30,2018-01-05 22:38:03,2018-01-09 20:17:54,2018-01-17 21:38:54,2018-02-01 00:00:00
7e3df478d7ab6ef28c022acd6bc4df2f,119d2be4d56085b41d34fededa11b1bc,delivered,2018-01-31 14:25:28,2018-01-31 14:50:10,2018-02-02 01:18:13,2018-02-03 01:28:53,2018-02-16 00:00:00
2307f3782fd14d75b1098608959769ff,834fbe386c3ff163d252b37b5487e118,delivered,2018-02-21 22:53:10,2018-02-23 02:31:11,2018-02-26 21:42:22,2018-03-05 22:38:44,2018-03-13 00:00:00
32a9917a34f07cd1a2c04102e4989e4f,cfd87c1d660bf2efc5ce870c62ca3f78,delivered,2018-02-17 12:44:07,2018-02-17 12:55:49,2018-02-23 00:45:26,2018-03-13 22:14:23,2018-03-19 00:00:00
56f663cba1638e1a90a2fb8e4716a2db,1d68bd2a2634f0efc973f13b9ade0384,delivered,2018-02-13 16:43:33,2018-02-13 17:27:17,2018-02-15 15:23:14,2018-02-22 19:56:35,2018-03-07 00:00:00
d7085875e0a68ee25df2db4f1ec9fc61,5de02bda3b4477547636e31d0bc5d0f5,delivered,2018-01-26 17:28:49,2018-01-26 18:00:12,2018-01-29 21:09:23,2018-02-02 18:18:51,2018-02-22 00:00:00
74b9959056734d2fa68d5570ea482664,f8fe44962522b924e8ec219034dfe81a,delivered,2018-01-15 23:24:52,2018-01-15 23:37:21,2018-01-17 22:21:30,2018-01-27 14:48:53,2018-02-14 00:00:00
5182f75b9ed284e0a569ea4f61e9bfc5,b23ab0e59ed0b8ef4cdb901dcbf5fdd1,delivered,2018-02-20 15:40:22,2018-02-20 15:55:27,2018-02-22 00:22:20,2018-03-16 18:58:43,2018-03-14 00:00:00
0d906917988b5c890f8a5d80c26f8f32,88cd6a53a7d139e711f3fcbb57675255,processing,2018-02-04 14:21:50,2018-02-04 14:35:32,,,2018-03-07 00:00:00
9ee1e0b23de00d0f485da371304385f4,b74843e8f80a6bcb5946b73358cd43ed,delivered,2018-01-26 15:50:13,2018-01-26 16:19:27,2018-01-29 17:22:47,2018-02-15 15:25:18,2018-02-26 00:00:00
d3f44296d90a42d3ec4b52b18654e87a,a2afcfb0d0d3096573368c4dbe8af57e,delivered,2018-02-16 10:06:13,2018-02-16 10:15:31,2018-02-16 21:28:14,2018-03-06 20:51:42,2018-03-13 00:00:00
351c4682748b3e66dd18732d650baff2,39f165573c5cc30c87842ab706dd1f72,delivered,2018-02-22 16:14:25,2018-02-23 16:10:29,2018-02-27 18:23:45,2018-03-23 15:58:42,2018-03-19 00:00:00
71cc257b20c7f9b439b625fa41c3fb36,c609385ba193036d6348ba274c22fe7d,delivered,2018-01-03 23:07:36,2018-01-04 00:56:53,2018-01-04 20:54:42,2018-01-11 21:13:04,2018-02-02 00:00:00
e6d0bbe2424dd2fc97db5851253f90d3,5880e46677c68394bda62479fd673340,delivered,2018-02-17 21:51:05,2018-02-17 22:07:15,2018-02-20 11:30:12,2018-03-09 23:22:47,2018-04-06 00:00:00
5f9c456bbb57754ed7f95c12c8f759f5,d2f2ab0eca82f59cdbbdbcbc3c194b01,delivered,2018-01-19 09:08:27,2018-01-19 09:19:23,2018-01-22 14:42:21,2018-02-01 02:27:48,2018-02-16 00:00:00
299ad5e33a5f4fe1efcac35b99b0fad8,1ff04bdc0e385bc213c9abb01256c365,delivered,2018-01-31 11:25:45,2018-01-31 14:23:48,2018-02-01 21:31:38,2018-02-03 13:13:28,2018-02-16 00:00:00
aab6724caaf81418088249e2a0ea5d17,fbf7bc76c6c3f2fdd47489cc38542f64,delivered,2018-01-16 19:58:37,2018-01-16 20:10:37,2018-01-17 21:04:59,2018-01-23 17:24:24,2018-02-07 00:00:00
bbf1da6f38b4bbebb7ecde7ce65cd47d,8a8d243de0512b01020a23288af87a67,delivered,2018-02-21 07:41:25,2018-02-21 08:30:33,2018-02-21 21:53:14,2018-02-27 22:26:59,2018-03-19 00:00:00
ec3bdf0a23bf186cbcc4708cbd0245b2,80c5a8a72a0e717fbf9633153eb9e3df,delivered,2018-02-28 12:50:34,2018-03-01 12:55:57,2018-03-02 01:09:40,2018-03-15 23:13:28,2018-03-21 00:00:00
db2e05029f564b8953ddf3766e3b99f5,e392266c72da3c0c12da2d2bf0bdc386,delivered,2018-02-15 07:45:24,2018-02-16 07:50:44,2018-02-16 19:32:34,2018-03-23 21:19:00,2018-03-08 00:00:00
d22e18fae4fa9ff5b0e28b9685e84365,1d205e700fb461d9ea633cc2b9728b4c,delivered,2018-02-24 11:28:39,2018-02-24 12:07:54,2018-02-26 19:59:07,2018-04-09 17:17:37,2018-03-21 00:00:00
df14f6645d1232e2c0e88fd8566e0a87,4baab2b6b4a4953c559534cf576b7797,delivered,2018-01-06 10:54:08,2018-01-06 11:07:45,2018-01-09 00:57:55,2018-01-15 22:26:11,2018-02-06 00:00:00
9cac107eb297225b3dde9b28a2bff0ff,771177e66a083545a681bd14f8ec0200,delivered,2018-01-26 09:34:28,2018-01-26 09:53:01,2018-01-29 18:33:09,2018-02-06 20:09:06,2018-03-05 00:00:00
ea9f636a11e6bf8cfdfc6acf40590c66,57a2c0ff4809a28d3c599e94da1a7a07,delivered,2018-02-07 20:28:55,2018-02-07 20:49:01,2018-02-09 21:24:07,2018-03-07 03:33:48,2018-03-05 00:00:00
3dd242e43d7215f993ec284c79f1e099,a06b47239f454c6ccb325302f638cd59,delivered,2018-01-11 16:28:08,2018-01-11 16:49:04,2018-01-19 20:48:40,2018-01-24 19:18:58,2018-02-05 00:00:00
06ffc260a153bba52d82a18f91e8f760,4d89aa17cabb9666287aeec3288d07fb,delivered,2018-01-16 08:57:33,2018-01-17 08:51:28,2018-01-17 21:58:08,2018-01-24 01:03:37,2018-02-08 00:00:00
8d171a848151e69e8f090fdbb50d4010,a10afcc34f66a704819e459a8f524ffa,canceled,2018-02-13 14:38:55,2018-02-15 04:07:13,2018-02-16 00:19:33,,2018-03-09 00:00:00
49765b9af39e0642708191e9a462490a,c967bec15d1cef4b1802136624a22d1b,delivered,2018-02-13 15:04:30,2018-02-13 15:15:26,2018-02-14 17:55:11,2018-03-03 15:22:45,2018-03-06 00:00:00
e813a30360cebcbde709b43acab13bda,b682318d8a8bcef0b05be97579624d66,delivered,2018-01-25 22:09:06,2018-01-25 22:18:04,2018-01-31 13:04:10,2018-03-02 20:38:54,2018-02-21 00:00:00
46fa06f347967f46cbaba58808c81eca,957be0f308e6fa876ef69064f6e24426,delivered,2018-01-05 18:10:09,2018-01-05 18:17:22,2018-01-09 14:41:28,2018-03-01 23:58:44,2018-02-07 00:00:00
e07a84ec1cfd8380eecb3f1a2afa7eb6,3791df675a28c5b326e0056d5128ed44,delivered,2018-01-31 22:18:51,2018-01-31 22:35:37,2018-02-01 18:12:27,2018-02-15 19:03:51,2018-03-05 00:00:00
8d99860c3f335f2c5790a0c85105019d,de5507e5bbd54d137188ab6ac67bbfe8,delivered,2018-01-22 11:58:44,2018-01-22 14:18:59,2018-01-24 17:49:14,2018-02-01 19:41:41,2018-02-21 00:00:00
a54b6622315e2bf96c8f5656b0a9dd15,f661fbd1d54448ae61558371f7311adb,delivered,2018-01-01 18:15:03,2018-01-01 18:28:49,2018-01-02 16:19:26,2018-01-11 18:23:55,2018-01-18 00:00:00
57a32b48976d15effc1117f106592956,9200ada562e42ab28f0ac4b63aded67a,delivered,2018-01-02 14:01:00,2018-01-02 14:13:23,2018-01-03 22:29:47,2018-01-20 00:15:04,2018-01-31 00:00:00
ec43c57e035991962d29648ea5463096,b4fd952974f786b6a9877053a27c0bdf,delivered,2018-01-20 08:59:19,2018-01-20 09:16:44,2018-01-22 19:21:30,2018-01-27 12:28:47,2018-02-06 00:00:00
7cb684204f6e5b3df6e066a7b2249706,2e23eff24c84bd8b13dbbba9ccf75b6a,delivered,2018-02-06 15:41:08,2018-02-06 16:11:40,2018-02-09 21:09:01,2018-02-19 22:07:40,2018-03-08 00:00:00
4059a20ed837ba80adc17e94bf2f852f,5ad589ec5a8cc1bdbac761dfda386ff9,delivered,2018-01-31 10:51:27,2018-01-31 14:03:51,2018-02-01 19:05:47,2018-02-08 22:23:05,2018-02-26 00:00:00
5175f15824e2cc42b048406820e7d7ce,548b752138038c6732385029fefe9166,delivered,2018-02-12 23:55:18,2018-02-13 00:08:10,2018-02-14 19:54:57,2018-02-26 22:37:06,2018-03-06 00:00:00
54e30fbd73b01605796983a14e438a57,58b3f9d97adc1124fc58d45224de7912,delivered,2018-02-20 19:48:21,2018-02-21 19:49:21,2018-03-01 23:39:00,2018-03-09 21:42:26,2018-03-12 00:00:00
2315c6b3f23fdb4ea2dfeaa8f865dc50,826e35bc02d6756a7248bfa8f8fae2cf,delivered,2018-02-01 15:08:27,2018-02-01 15:34:48,2018-02-02 20:45:03,2018-02-14 19:28:34,2018-03-02 00:00:00
0a93b40850d3f4becf2f276666e01340,a70076d8d4bfce15f8081951c43bf187,delivered,2018-01-20 14:24:50,2018-02-20 11:51:27,2018-02-21 19:34:13,2018-03-02 22:37:49,2018-02-23 00:00:00
99e4a1f9377bf28f08f54a2eecccbf0d,e7aa4699c1185ffeb66ec319049b09e1,delivered,2018-01-16 08:50:08,2018-01-16 09:09:46,2018-01-16 22:21:29,2018-02-01 20:42:07,2018-02-16 00:00:00
368b20312c68710e9d75cbb5cef5c469,b85a55907f00013ed7b953a50de74e12,delivered,2018-01-01 22:40:31,2018-01-01 23:36:56,2018-01-03 12:33:09,2018-01-09 20:14:51,2018-02-02 00:00:00
6ce881977271c8a9ee70289bea9f843e,5a6b832708217e795c324c1572a0e7ad,delivered,2018-02-15 17:24:49,2018-02-15 17:35:31,2018-02-17 00:07:57,2018-02-28 04:05:45,2018-03-07 00:00:00
573de7df35639ded5e09b11ea2542d17,e175224a1568dc4b37ece75a8dcc1763,delivered,2018-01-03 19:20:34,2018-01-03 19:29:26,2018-01-05 17:53:00,2018-01-08 22:04:15,2018-01-19 00:00:00
38ece426df6061a1672fecbd2cd3001f,ae71451a12e82001865a77949127781d,delivered,2018-01-27 19:06:52,2018-01-30 03:47:51,2018-01-31 00:55:41,2018-02-08 17:58:31,2018-03-02 00:00:00
0a40f88667e7bbb7ef87efaa9a2177ea,2b351cba14fa5f852a79a52516d5e823,delivered,2018-02-23 21:45:45,2018-02-23 22:07:37,2018-02-28 02:35:24,2018-03-06 13:59:28,2018-03-15 00:00:00
823543bada3fd3a5ba1f68e7a35fb9eb,a3413efece911dfc80dd67c37ed1fa30,delivered,2018-01-30 13:04:47,2018-01-30 13:15:33,2018-02-02 01:38:46,2018-02-05 16:45:47,2018-02-21 00:00:00
49d85b61244a54a41fd61ce06cca96d4,39d546b787598d01eb255ee2ce0c60c7,delivered,2018-02-23 14:58:23,2018-02-27 04:31:13,2018-02-27 19:34:18,2018-03-23 15:35:12,2018-03-26 00:00:00
5f5f8f264b5202f9bf45ae2ea217572d,9ab762624f5a915c317327e3ea094fd7,delivered,2018-02-20 08:44:22,2018-02-20 09:07:27,2018-02-20 20:52:50,2018-03-06 18:17:06,2018-03-20 00:00:00
a93e58aa5de1eb22f8b27f0a45c0f15d,f6035281a2f3e97451b8961d5b141f1a,delivered,2018-01-06 22:45:05,2018-01-06 22:57:19,2018-01-08 19:35:40,2018-01-19 18:33:26,2018-02-06 00:00:00
6ea5512a5c86fbad911fe650286caa81,601e6917d565f2eefc44448851e9a6da,delivered,2018-02-25 14:47:46,2018-02-27 04:31:19,2018-02-28 20:08:54,2018-03-24 17:48:24,2018-03-19 00:00:00
618a75a5455f1971e39c8bec6af25e8f,6be5849e706666bb0b9ac0fc130efe0f,delivered,2018-01-25 15:01:29,2018-01-25 15:20:21,2018-01-25 23:07:32,2018-01-31 21:14:12,2018-02-23 00:00:00
cad95e56b8bc5ed2c10ee964ba21ac96,ae13ef7e41b712ff329871b5760be19e,shipped,2018-01-30 14:44:20,2018-02-04 23:31:32,2018-01-31 21:12:05,,2018-02-15 00:00:00
e05a09fdfa909b44bbe0d68635a0f585,66bb855c7ef28a416ec9369dff7f44a8,delivered,2018-02-03 20:30:33,2018-02-03 20:50:00,2018-02-05 18:14:56,2018-02-21 09:57:09,2018-03-06 00:00:00
568b0f8bb1f7efe803f006abfd707e5e,05f92287b410b4a1b426167861698d3e,delivered,2018-02-26 11:06:56,2018-02-26 11:15:34,2018-02-27 18:09:22,2018-03-09 20:03:55,2018-03-22 00:00:00
ff280fe8985905ec69a41d6510cdcbe4,e63ff7ae3729eaf3129add7373322482,delivered,2018-01-30 20:36:55,2018-02-04 23:31:36,2018-01-31 21:15:01,2018-02-06 18:56:42,2018-02-15 00:00:00
d56ec35ab3257ad373bdbca2a1516715,c19d9a703628a4464d27d3af8f127fee,shipped,2018-01-19 18:32:44,2018-01-20 18:31:10,2018-02-03 08:38:38,,2018-02-22 00:00:00
34460fd86afdbe00b34351b5187d1519,9df1046f1b58fd8e2476e06ae75fae34,delivered,2018-02-19 17:06:57,2018-02-19 18:10:26,2018-02-20 19:36:53,2018-02-26 21:18:00,2018-03-16 00:00:00
564252847a480a1317340b48e2001bc0,ebcaf5e6c516329b9ea33f50442dd7bf,delivered,2018-02-14 11:06:08,2018-02-14 11:15:27,2018-02-21 16:33:08,2018-02-28 17:48:17,2018-03-09 00:00:00
f3a50308e4cfa086a4e579f79bdff1d8,1c06e71f1c3bf003fdc2cf7087d825b1,delivered,2018-01-15 10:31:40,2018-01-16 03:38:37,2018-01-16 17:03:57,2018-01-23 21:56:50,2018-01-30 00:00:00
fb4ea753f638936f56b4df5d03dc07bb,0ccfdd2d2cd158609cae8977fb5327fc,unavailable,2018-01-13 20:11:23,2018-01-16 03:36:36,,,2018-01-30 00:00:00
85a0c0cf54ea8b1b295945416eb5ee3e,252c595d77cc6e66adfa5d0af8dedc47,delivered,2018-01-14 22:14:22,2018-01-14 22:28:51,2018-01-15 16:33:04,2018-01-16 11:59:38,2018-02-02 00:00:00
0f1e7bf8658039bb445eae8393801c9c,a08364b857475227d6659db0c604ac14,delivered,2018-01-09 21:25:42,2018-01-10 10:31:49,2018-01-11 11:55:27,2018-01-24 21:22:33,2018-02-09 00:00:00
9d10088c30388865cc0ea9b722e5d775,b0003b9796c2618b5b73045812b9ae1b,delivered,2018-02-05 00:07:37,2018-02-05 00:15:33,2018-02-08 14:43:00,2018-02-14 21:36:33,2018-03-08 00:00:00
b552f6623b3b474d4cff0a44146cd120,bf16ebb1ed47bce228a5b9f57fd4ff82,delivered,2018-01-16 22:08:15,2018-01-18 02:11:31,2018-01-19 21:32:34,2018-01-24 20:09:46,2018-02-06 00:00:00
d43703ed017fdf31282e58bc07edb65f,2339e7533d5a6fad8b3a5b6e3f1be6c2,delivered,2018-01-07 19:05:23,2018-01-07 19:12:26,2018-01-09 17:32:46,2018-01-31 23:52:25,2018-02-07 00:00:00
4cf27cd829748acdd11dfe19fe746e8b,585ea62b22e7805f0300e27a091c9d52,delivered,2018-02-12 22:05:11,2018-02-15 03:55:42,2018-02-19 23:25:17,2018-03-15 15:37:36,2018-03-12 00:00:00
53e3eb2bb46d323b3d7e3e7bc476e4fa,a10b24d46b3fa4207038ed45fa1e5d9c,delivered,2018-02-12 13:09:04,2018-02-12 13:30:20,2018-02-15 19:58:49,2018-02-17 11:19:08,2018-02-26 00:00:00
9bf502b0984ae3ada99e73e7e7c7e1bd,e753a29c47554a21b2c76a76d398742b,delivered,2018-01-24 23:14:57,2018-01-24 23:32:46,2018-01-25 21:52:37,2018-02-01 20:42:03,2018-02-21 00:00:00
fb66173878dcc988e4e3e1151901b298,5add6659c12e55e5d6379c8ce5786512,delivered,2018-01-25 23:02:11,2018-01-25 23:14:27,2018-02-01 23:29:00,2018-02-28 22:03:06,2018-02-22 00:00:00
1955c39b31fcfb4acc9cd5b9ab577c7a,b9cf59ea6d3f983467e3959a23101a78,delivered,2018-02-01 11:56:38,2018-02-01 12:15:46,2018-02-02 17:44:23,2018-02-20 18:58:39,2018-02-26 00:00:00
b40a0752445a5228f3063cc30201bb11,15b359e85cd990ffbc6e10ef35ded3fb,delivered,2018-01-17 18:11:31,2018-01-17 18:19:22,2018-01-19 19:46:49,2018-01-26 19:55:44,2018-02-09 00:00:00
f03ccc35dd341e035efa0ca47c83cf10,744d01ca128476ca3fa04dff32ad2244,delivered,2018-02-14 21:13:52,2018-02-14 21:25:23,2018-03-05 22:13:57,2018-03-23 19:06:26,2018-03-08 00:00:00
a44e04ddb3679ae302d3a586f69a6bf2,248dd234449ae68be3b93a1eba9ff33f,delivered,2018-02-19 22:35:15,2018-02-20 22:30:35,2018-02-22 19:13:09,2018-03-01 21:48:15,2018-03-12 00:00:00
6bbc91e028da6d54999b583c9be6e413,0b20fc582fea416e9e4d5b39dc2add1b,delivered,2018-01-11 17:07:50,2018-01-13 04:54:59,2018-01-15 19:42:12,2018-01-26 20:21:25,2018-02-02 00:00:00
ccf8a8b92abacf806c88702be2848cce,69c43764dac33aa14705f91af3565860,delivered,2018-02-25 13:23:22,2018-02-25 13:48:03,2018-02-26 20:43:31,2018-04-03 17:07:49,2018-03-27 00:00:00
565f70f153b3d8a2684d6808ba284de7,2fa7b0fe956bffb7394467ca776543f2,delivered,2018-01-30 13:50:27,2018-01-30 14:15:19,2018-01-30 23:41:34,2018-02-01 22:32:50,2018-02-15 00:00:00
0e87535f7a903b23b73699e49e8e79d0,19d4599c6f298b0bf3e1f792bd7f9c37,delivered,2018-02-01 10:55:54,2018-02-01 11:15:27,2018-02-06 15:12:10,2018-02-21 22:18:13,2018-03-01 00:00:00
9edc784457fc74368eeab9b7012495f0,cd37bc7c650eaf90f1675508bb70c809,delivered,2018-01-03 23:40:14,2018-01-04 01:07:52,2018-01-04 22:37:05,2018-01-12 20:59:11,2018-02-01 00:00:00
6bd0ccbdad2eab45930f72fbd6d128ef,4417d6c2ba733e15d2757f966ee1dcca,delivered,2018-02-18 13:14:02,2018-02-18 14:15:38,2018-02-21 01:32:58,2018-02-24 13:38:54,2018-03-12 00:00:00
9406240a4e41945ba492020a2702f757,8b11a6a651a679c460d857345bb7dade,delivered,2018-02-27 10:55:44,2018-02-27 11:09:56,2018-02-27 23:56:46,2018-03-13 21:32:23,2018-03-29 00:00:00
2610d2bf99596ad39295eda07c7f6b01,1770a1b01f679a013b14e30f222910ed,delivered,2018-01-17 08:48:37,2018-01-17 08:59:21,2018-01-17 21:47:06,2018-01-23 18:43:39,2018-02-07 00:00:00
31a7dd4d08e48968ab49478c64c7075a,f2ad8c1d461bb9d11944d8ab973f3836,delivered,2018-01-14 17:18:45,2018-01-16 03:39:56,2018-02-09 16:38:01,2018-02-14 16:07:43,2018-01-30 00:00:00
8d6f2d65fb984460ec10037e22a06fa2,3b4509c643e02e104700ed7e0d1da174,delivered,2018-01-21 23:36:32,2018-01-22 14:17:58,2018-01-24 00:09:04,2018-02-08 19:11:49,2018-02-21 00:00:00
9d1f77072af56fc8c0390f8e6f055a9b,abd590638fceea05312db82e077760f7,delivered,2018-01-10 03:07:47,2018-01-11 02:35:48,2018-01-15 14:52:38,2018-01-19 15:13:17,2018-01-31 00:00:00
905aa2fd9fefde45aa8b7866b02554ae,2b039e6da2b5cc14db88cb39fc3d06ac,delivered,2018-01-30 09:43:09,2018-02-01 02:52:23,2018-02-05 15:57:06,2018-02-08 17:37:00,2018-02-26 00:00:00
adb1748adc3299b13377d760724388f8,8430f7e352ca68176149c17ddcbdad1b,delivered,2018-02-21 18:14:58,2018-02-21 19:01:11,2018-02-23 19:24:52,2018-03-01 16:45:53,2018-03-16 00:00:00
0eb0fc0795a4151d4ab39640998b0af4,e085f7dd45cff397f388c800b5f5c7a2,delivered,2018-01-06 16:48:29,2018-01-06 16:56:25,2018-01-10 18:29:00,2018-01-30 22:16:08,2018-02-16 00:00:00
9318f6ca4d567918c67845ec20774303,bb3edf2993d2101d1004787b868e17c2,delivered,2018-02-27 15:18:42,2018-02-27 15:35:30,2018-03-05 23:52:19,2018-04-10 13:35:21,2018-03-28 00:00:00
a3e866227b2e2569279dc36cbab3944b,0c292ba8f76828610bd7c666ffed392b,delivered,2018-01-29 00:39:25,2018-01-29 00:49:05,2018-01-30 14:57:16,2018-02-03 13:49:46,2018-02-20 00:00:00
ced41f3dceaa40cd6e2168c43527b29a,b9fac19ff1ab49a185c3d0f51c6c1d26,delivered,2018-02-17 01:19:46,2018-02-20 07:30:54,2018-02-24 18:47:01,2018-02-28 17:04:42,2018-03-15 00:00:00
1958f9c53ded478c55050913c2367266,48adc72445a356b2021e9417287f0dd7,delivered,2018-01-03 22:33:07,2018-01-03 23:19:19,2018-01-08 19:20:13,2018-01-13 02:18:48,2018-01-19 00:00:00
cc798828f930d073a9b9592d56bd167c,c4f1520e30ecacaf4625b73784fa4c92,delivered,2018-01-18 16:03:36,2018-01-18 16:16:54,2018-01-19 23:42:04,2018-01-30 09:41:12,2018-02-08 00:00:00
854f8cb8dacdc3abc4cce7a7df6fcc1f,58512a1043fd8047a4f96d5fa665fd2d,canceled,2018-02-02 09:09:27,2018-02-02 09:15:27,2018-02-08 22:06:59,,2018-03-06 00:00:00
3235a845429a20753974e4bd70773c6f,09eefd631794ec720959fec7a3693db8,delivered,2018-01-24 01:39:38,2018-01-24 01:54:11,2018-01-26 19:54:52,2018-01-29 22:48:53,2018-02-23 00:00:00
bab4c3b7d9e904b2e991490cd65ccae7,32352977d8f006ca69685799ba6d9275,delivered,2018-02-08 21:57:26,2018-02-08 22:08:55,2018-02-09 22:09:00,2018-02-20 13:43:15,2018-03-12 00:00:00
0bd742b9af9192bb314ed381e518eb50,267155aade3f34620d2f244df28a04e4,delivered,2018-02-27 18:52:33,2018-02-27 19:10:44,2018-03-12 18:21:51,2018-03-19 20:54:20,2018-03-21 00:00:00
151204eb9ce2aab5379ea84daffed8e2,7dbbf2eaef71edacbeab83c079cf2097,delivered,2018-01-25 22:10:39,2018-01-27 02:42:23,2018-01-30 23:51:49,2018-02-16 12:29:01,2018-02-23 00:00:00
3669a1658de0b6df4a21845696974094,6cb4c7f27681594075676ae0db2b2986,delivered,2018-02-18 03:46:21,2018-02-18 03:55:25,2018-02-21 20:56:41,2018-04-02 18:44:24,2018-03-21 00:00:00
0fafef9491abc81f2975be1c75036a86,b0fd29cea8606dd1d6022c31f77730a2,delivered,2018-02-10 14:29:06,2018-02-10 14:48:06,2018-02-16 20:33:04,2018-03-10 15:03:41,2018-03-06 00:00:00
b5da536992b01709ece25ec74fbd0ebc,a8a69725fa8daeaf353b71d2bee13b59,delivered,2018-01-25 18:55:20,2018-01-25 19:13:15,2018-01-26 19:19:51,2018-02-07 23:18:19,2018-02-22 00:00:00
68cf1c197f0444a28730011879182f7a,79ae30e29d8be7c88da3d742493b835d,delivered,2018-02-12 15:03:10,2018-02-12 15:15:21,2018-02-22 03:09:22,2018-04-05 00:22:14,2018-03-08 00:00:00
943625151a5d8d00da80e96a90930e03,2953e41dea84f8fe69dc569138b6002f,canceled,2018-02-17 09:59:29,2018-02-17 10:10:26,2018-02-20 16:48:58,,2018-03-06 00:00:00
09f86d1a5a7c2e8dddd1850a65f5a5d4,f89efd7759fe87042b0c51914b702dec,delivered,2018-01-08 13:30:14,2018-01-08 13:48:00,2018-01-15 16:33:05,2018-01-23 18:49:50,2018-01-31 00:00:00
a04b6ad9c324577c000835fca4587931,84da725dbe39aa4d9c3005e868b26b0c,delivered,2018-02-08 08:43:00,2018-02-09 02:50:32,2018-02-19 15:09:22,2018-02-27 18:51:20,2018-03-07 00:00:00
26ccc2faacfa3bde877ac3d843a8eefa,d1603f4303610971154e335f5004957d,delivered,2018-02-07 01:24:26,2018-02-07 01:50:08,2018-02-08 19:41:38,2018-02-14 17:49:07,2018-02-23 00:00:00
215e5ab8d123b9e04a3c1185d90fe780,d1720c09f0e1fcf547f272d8b9c1fc67,delivered,2018-01-30 16:26:24,2018-01-30 16:52:45,2018-02-02 16:58:55,2018-02-24 00:33:02,2018-03-05 00:00:00
07a8cc4e00c23ade7ccb29786d3de771,7928d81a48c28a0a11b381fee83ae5fb,delivered,2018-02-26 18:12:34,2018-02-27 15:50:29,2018-02-28 22:08:13,2018-04-04 19:04:13,2018-03-21 00:00:00
1b2998ac4c3495c47a6f8cb5c2d65f35,2bec50359568aa1da8a53641e3d74e78,delivered,2018-01-24 21:31:07,2018-01-25 02:38:24,2018-01-26 13:42:41,2018-02-09 21:13:12,2018-02-22 00:00:00
54f0988d1c9f5f7f90410c09b2cbc6e5,58ef17eb85a447ae62ef8be1c5f06b0e,delivered,2018-02-25 22:27:06,2018-02-25 22:47:37,2018-02-27 18:19:16,2018-03-08 16:11:46,2018-03-19 00:00:00
842b4431d67fe173503b4239cbffb841,b31700129fac4f7d452b4b5216fde4d6,delivered,2018-02-15 21:02:45,2018-02-15 21:10:32,2018-02-19 11:27:07,2018-02-28 23:13:04,2018-03-16 00:00:00
b8667450c5709608993ae7ff3880e3c0,a8e85fd5c346013715e2d92ad37bd3fe,delivered,2018-02-05 19:59:57,2018-02-06 13:47:56,2018-02-07 14:43:01,2018-02-15 18:55:18,2018-03-02 00:00:00
7a00da9515dc144e302458e696d61943,164564995667621b6653afd715ba0e6f,delivered,2018-01-16 21:51:54,2018-01-17 13:50:06,2018-01-17 21:33:56,2018-01-22 19:55:41,2018-02-07 00:00:00
4c3cc41d9fad33476cbf842592458f36,0fb46241bc33c52217f4f777890f5482,delivered,2018-02-17 16:11:09,2018-02-17 16:26:30,2018-02-20 12:37:45,2018-04-12 00:58:24,2018-03-16 00:00:00
ff89ef7b3952bba5ac06d61c4a79ffbe,1815fdaaae692479110428598596b5e5,delivered,2018-02-27 18:36:39,2018-02-27 18:50:29,2018-03-01 01:11:25,2018-03-13 23:44:26,2018-03-19 00:00:00
64cfbc6d10f3a5091889f0fab6233167,3cabcdcf200795a34aea30893f5210c8,delivered,2018-02-20 13:14:39,2018-02-20 13:28:07,2018-02-24 03:44:55,2018-02-27 00:59:01,2018-03-06 00:00:00
0a9716da94d89975e6637874280aadad,37a666dbb2abfacc9f41952996a06793,delivered,2018-01-06 09:59:00,2018-01-06 10:07:12,2018-01-09 23:47:26,2018-01-10 20:51:54,2018-01-26 00:00:00
297e551552467114902e52c9509d4d64,92b41d8cc0de13afd2fed016933b8c8a,delivered,2018-01-26 16:09:05,2018-01-26 16:19:50,2018-01-29 21:54:41,2018-02-05 18:34:59,2018-02-26 00:00:00
2940b66c3bb11fa44b30088f5126bb3f,30dd0ba0ff44c4ed6f79a37b2d333d1b,delivered,2018-01-21 05:42:43,2018-01-23 03:39:04,2018-01-26 00:05:32,2018-02-09 00:49:37,2018-02-20 00:00:00
153a52cca2eafba8af5b3ca18eeb5d5b,b2cfcf3f9855e586fe7a9585ba22808d,delivered,2018-01-17 22:43:12,2018-01-17 22:52:23,2018-01-19 00:28:38,2018-01-31 00:55:43,2018-02-09 00:00:00
ebb921d271b8b17989e08220637b921f,9ad3cb19919815536d4ae2c46d69279c,unavailable,2018-01-03 21:01:54,2018-01-03 21:14:27,,,2018-01-26 00:00:00
dc39d8fbbdc748fe466dd8af6bec5b6d,eeca7a31bee228b240306b42ae2cdbce,delivered,2018-01-23 09:24:24,2018-01-23 09:35:52,2018-01-27 19:19:43,2018-02-16 23:22:52,2018-02-15 00:00:00
ab46b23c27822b224f0e2fcca0f25e63,d06fde36eadfb52477c545e5922b1c9a,delivered,2018-01-10 21:12:16,2018-01-10 21:29:03,2018-01-26 20:53:17,2018-02-06 18:24:51,2018-03-06 00:00:00
4a1858ee1b9863a7a8d72174e32a9d24,8982db0647e13b564849511aae99364e,delivered,2018-02-22 12:46:17,2018-02-22 14:08:27,2018-02-28 02:13:54,2018-03-01 20:29:12,2018-03-08 00:00:00
8afb063e8c6757ee2a1a8fb16029aa8f,3b01b28ff924c07381c3a6d37ea2458a,delivered,2018-02-20 18:49:15,2018-02-20 19:28:32,2018-02-21 19:47:00,2018-03-10 13:11:44,2018-03-19 00:00:00
8ab0c0ecda227b5dbcee5c23f28f0ef4,7c914fa77c2a8f1179c445cf9f539d0f,delivered,2018-02-19 22:26:15,2018-02-19 23:30:27,2018-02-22 21:42:52,2018-02-23 15:53:57,2018-03-05 00:00:00
758ad4ad8206be158e3d67c55c82e9d5,c7fd3571ba905f15ab33cc108103bef5,delivered,2018-01-02 13:26:14,2018-01-02 13:37:22,2018-01-03 17:49:07,2018-01-08 17:45:09,2018-01-26 00:00:00
ac4c31fcb560d160001849fc155285c3,dd11273e6cc22bcc6eb8258d902cb5bd,delivered,2018-01-16 18:22:12,2018-01-16 18:31:35,2018-01-18 22:51:54,2018-01-26 21:07:33,2018-02-14 00:00:00
0ee7b1f086c44cbf2dc1efbdaa69bc19,5b89802df153a87a24a6f52d70b239fa,delivered,2018-02-05 04:38:08,2018-02-05 04:50:21,2018-02-05 19:37:37,2018-02-21 22:29:08,2018-03-05 00:00:00
80aa2135c5b3fe41dc3d30aa45bffc92,2e1bab943be16f7ecac46e1648222eab,delivered,2018-02-21 09:19:28,2018-02-22 09:15:33,2018-02-22 20:03:50,2018-03-05 22:36:59,2018-03-13 00:00:00
63648126e49f90edc171d5a2a5fc433e,b275c3a32500fd86fb187b62b90c0d6c,delivered,2018-01-16 15:32:35,2018-01-18 02:12:39,2018-01-19 17:49:17,2018-01-25 20:48:33,2018-02-07 00:00:00
52cf38023b42cb0b26ced61e1a900c47,4cee3893b1b6c2163c3cb0d202ea8387,delivered,2018-02-15 16:13:46,2018-02-16 07:50:53,2018-02-16 21:07:34,2018-02-27 16:48:54,2018-02-23 00:00:00
35d68a1aa52f9ac1fa9aaaef9fadf355,b384da580de5e67a8bc4f8f585fdebf6,delivered,2018-01-25 09:46:25,2018-01-25 09:54:28,2018-01-25 23:52:18,2018-01-31 21:03:59,2018-03-01 00:00:00
9707e5dd2b32ab5cc39155a27eb3d0ec,1d38a317a5e9df61d2bfbebf4cc20068,delivered,2018-02-08 21:15:15,2018-02-08 21:28:07,2018-02-21 00:53:15,2018-03-26 19:42:19,2018-03-15 00:00:00
77bd88a9ba867a32a9055726235442bd,c5b92a8419dbb181b577750f8673772b,delivered,2018-02-09 13:46:08,2018-02-09 14:10:29,2018-02-14 20:33:19,2018-02-21 23:26:48,2018-03-05 00:00:00
54d65ba100747f2456fc1d1e314ceb26,db59c47f100c554beb2fdf19d892b32a,delivered,2018-01-19 12:55:53,2018-01-19 14:59:29,2018-01-19 23:28:57,2018-01-29 19:19:07,2018-02-14 00:00:00
38e9145bfbed86212bf884f4a8420fcd,bbc078fbe2bb34f9a55897b99fd5c55a,delivered,2018-01-09 10:21:48,2018-01-09 10:32:47,2018-01-09 22:44:40,2018-01-22 17:04:50,2018-02-02 00:00:00
9dcef670d743a0deba5b2598d7121679,bb6e58e6cad6ad02bcb618a15406c16d,delivered,2018-01-30 11:10:42,2018-02-04 23:31:46,2018-01-31 18:25:16,2018-02-07 22:17:37,2018-02-21 00:00:00
b32669c7ee374ba5372e0824e5ec560c,b80ecede4483f7ca92378b5b0903bb6e,delivered,2018-01-09 22:19:35,2018-01-10 10:32:53,2018-01-10 21:21:53,2018-01-17 12:55:12,2018-02-02 00:00:00
31ac77590bcdea7aa29b868757084904,a56ca9095e2e7e3dc2d068c86fa81d68,delivered,2018-02-08 09:31:51,2018-02-09 02:49:54,2018-02-09 23:43:00,2018-02-14 15:13:49,2018-02-26 00:00:00
9146e206bcd61ac9fb10f3a26336a7ec,defa9b41656fc8b4cb457e88cf9de970,delivered,2018-02-15 14:09:43,2018-02-15 14:27:08,2018-02-19 17:47:19,2018-03-12 16:41:47,2018-03-16 00:00:00
69302450678de30da931f0e8fd5a436e,bfd60c18d33201661d6e6e6030b0b43e,delivered,2018-01-02 12:52:36,2018-01-03 12:47:11,2018-01-04 15:59:04,2018-01-19 19:52:48,2018-02-01 00:00:00
871ea4c791e2d977d094700806eef385,eeed3fa6671024bfde19e218cfc0a263,delivered,2018-02-21 21:33:45,2018-02-21 21:55:35,2018-02-28 23:37:23,2018-03-27 22:32:12,2018-03-20 00:00:00
bf2c243928e9edad4fb07ba1555dda13,1af43268b86b9037edf4d105bb81dddb,delivered,2018-02-20 12:07:01,2018-02-20 12:15:36,2018-02-23 02:13:40,2018-02-27 18:18:54,2018-03-06 00:00:00
23d00a56e9a6088d2263041613defe1a,d0f4990e0c61ef713a886046f56ff6f8,delivered,2018-01-29 14:38:46,2018-01-29 14:55:28,2018-01-30 17:36:56,2018-02-26 19:23:22,2018-02-21 00:00:00
4d9c8dea9380270c4d8151980f6c579c,2f944f4db017e0ca821988940060dde1,delivered,2018-01-19 14:07:30,2018-01-19 14:17:19,2018-01-22 12:42:35,2018-02-02 02:38:30,2018-02-14 00:00:00
3eeb4f7586da186783c7820e81bf90ac,49c9dbcc5c5326a91545d815205828d9,delivered,2018-01-12 16:51:23,2018-01-16 03:51:07,2018-01-19 01:13:09,2018-02-03 21:04:46,2018-02-05 00:00:00
0ae4c9a0bb0c65a89aaf840c9b08ba43,cad95dd35e0f2ec6f2f0522a3fad9542,delivered,2018-02-16 17:33:53,2018-02-17 17:27:24,2018-02-19 20:25:14,2018-03-05 16:57:07,2018-03-13 00:00:00
2b70ebd5decca916c54070ce4d12c91f,6b279b8b23832fcf32b7e264479e84f2,delivered,2018-02-06 16:57:50,2018-02-06 17:15:31,2018-02-07 17:39:13,2018-02-14 13:36:34,2018-03-02 00:00:00
3d5297364b0d752cbbb48a11a58eef00,ab78499b2e8cce30443e32123634ec98,delivered,2018-02-01 14:54:43,2018-02-01 15:10:32,2018-02-02 17:18:58,2018-02-20 10:52:49,2018-03-01 00:00:00
fd95ae805c63c534f1a64589e102225e,e37441c531a1f8693c41af79875a123f,delivered,2018-02-22 23:33:59,2018-02-22 23:47:53,2018-02-26 22:06:58,2018-03-03 00:32:41,2018-03-13 00:00:00
9e3645ad2be5ec175726706b2c3ac642,22b89dce93d025aaff2c256dc12a391f,delivered,2018-01-01 20:22:49,2018-01-01 20:32:35,2018-01-05 19:23:49,2018-01-12 22:48:57,2018-01-29 00:00:00
62f872bdf7d50fa3d2366c245f92d002,79b19b4903258723b72eefbaf47e00c8,delivered,2018-01-19 12:24:24,2018-01-19 12:34:23,2018-01-19 23:42:05,2018-01-26 16:28:43,2018-02-16 00:00:00
fbe41a4974e4a492e085d90e5be0b3e3,3afe7d56a3df6e202fc6b851b1cfce3b,delivered,2018-01-01 08:45:04,2018-01-01 08:55:31,2018-01-02 22:33:59,2018-01-05 14:18:41,2018-01-29 00:00:00
34f7d354b559b06f85fde0f588dd5152,c5d214fb2765464a463da875f08ee692,delivered,2018-02-28 17:51:13,2018-03-03 02:50:37,2018-03-05 22:08:15,2018-04-13 17:14:21,2018-03-27 00:00:00
fa9832914e7afeaf41fc9fbda5ca335f,b71fef05a7e2a9b61b51d713c151cf6c,delivered,2018-02-14 20:48:53,2018-02-14 21:07:27,2018-02-15 19:13:10,2018-02-27 13:35:41,2018-03-06 00:00:00
ca8862808b07015785a10db067bb138b,47484fc268dc9ae2936efec8aad5721d,delivered,2018-02-24 12:37:05,2018-02-24 13:20:18,2018-02-27 01:57:37,2018-03-10 17:03:20,2018-03-23 00:00:00
982bb20d431aa26aea1947414cc5fe20,1dba772601939807153437cde6fa35b1,delivered,2018-01-14 23:53:33,2018-01-15 00:08:57,2018-01-16 16:27:09,2018-01-27 11:13:48,2018-02-08 00:00:00
40fceec24d509aa4b63f4b0ba9f2621b,d498b6125c1dfef15bd1ef7758b3d442,delivered,2018-01-29 11:02:53,2018-01-29 11:21:15,2018-01-30 19:55:23,2018-02-21 12:54:47,2018-02-21 00:00:00
6385ad73102c7c147e1d5c294fbef8ef,d6d14552ae24882f995122185c4c9b1b,delivered,2018-02-21 05:26:50,2018-02-21 06:45:13,2018-02-21 23:42:23,2018-02-26 23:26:46,2018-03-14 00:00:00
5a4c4faee643fc4fdbe78f3aa2bf4ae3,b049b4481eca74b1f9914208f59be120,delivered,2018-02-28 20:43:51,2018-02-28 20:55:58,2018-03-01 19:45:44,2018-03-05 19:38:44,2018-03-21 00:00:00
670c84e9a6fd7e747802d559696aa1e5,08130920035362156f7b45a92f9b564c,delivered,2018-01-02 12:16:36,2018-01-02 12:29:24,2018-01-03 17:44:28,2018-01-11 11:45:25,2018-01-29 00:00:00
bb789ec51c304aae58b4ba3c11cb2fb3,758573835dc9cd119b2395c5cf9d4b76,delivered,2018-01-07 19:33:00,2018-01-07 19:47:09,2018-01-08 19:39:21,2018-01-11 19:39:32,2018-02-05 00:00:00
491be78d50927ad70bd11d0d0ece3560,8a021120539f766fb61146d15fede9ba,delivered,2018-01-06 22:19:31,2018-01-06 22:30:22,2018-01-13 02:13:59,2018-01-23 20:56:38,2018-02-05 00:00:00
2cb6f509b0ff4794888a4f664f857dca,db50b097b47375c976c50b3e472e3e94,delivered,2018-02-21 14:09:11,2018-02-21 14:30:38,2018-02-22 17:55:13,2018-04-09 22:18:37,2018-03-19 00:00:00
64b68fbc3e28283e10fc7a8cdb828f2a,31509a3a88210ceda20f69725abb5225,delivered,2018-01-28 00:43:41,2018-01-29 07:18:14,2018-01-30 18:52:41,2018-02-16 23:40:08,2018-02-22 00:00:00
41a75aec932b24ba50e98ba8b50b625d,001450ebb4a77efb3d68be5f7887cb1e,delivered,2018-02-26 08:35:13,2018-02-27 08:30:28,2018-03-05 14:19:44,2018-03-13 18:22:54,2018-03-19 00:00:00
cd2079cf74c5ccc03fd848508b776152,016c54a71587052826a1ce53c8c6b1d5,delivered,2018-02-06 15:15:03,2018-02-06 16:11:34,2018-02-09 21:36:45,2018-02-14 21:22:22,2018-02-22 00:00:00
40d158e9f78f7dd903dd0490fd1baf40,ec22baf60e1cd69bdca2844eae245dc3,delivered,2018-02-04 23:00:07,2018-02-04 23:10:24,2018-02-05 22:17:24,2018-02-07 18:45:54,2018-02-21 00:00:00
ae5d90764ed49cd5e5e72cd3df5b787e,f470ef6c3f70afc022449af9a10aa4da,delivered,2018-01-23 17:02:54,2018-01-23 17:11:22,2018-01-29 20:37:05,2018-02-07 21:19:46,2018-02-20 00:00:00
8cee1e77f3ff782a0f7fc304065941b6,b14de24553a648f6c1bf49e3f61e1056,delivered,2018-01-08 13:05:42,2018-01-10 10:33:00,2018-01-10 18:04:44,2018-01-13 02:43:53,2018-01-24 00:00:00
efe03a561138a005da4b1e37d1b2ef36,e4189070d8fcd5b35adf9af96e225b2c,delivered,2018-02-08 19:10:59,2018-02-08 19:28:30,2018-02-19 19:48:59,2018-02-23 16:55:00,2018-03-02 00:00:00
d619e17315e239a94dd71fc0e714b79d,a57274dcdb6fc292e2782a69fad35a01,delivered,2018-01-23 16:59:13,2018-01-24 02:34:57,2018-01-24 18:14:38,2018-02-23 19:57:08,2018-02-23 00:00:00
ea5a5e11ad8f97f731325b326cc2f3e5,7536b44a83b05083df3c3834d161b373,delivered,2018-02-18 14:26:06,2018-02-20 07:15:24,2018-02-21 21:05:03,2018-02-24 16:18:34,2018-03-06 00:00:00
5f476a80b69ebf2744c36c282812abd5,9d2ac55f79eb6e680f3ebbd5c6f47b9c,delivered,2018-01-24 18:05:14,2018-01-24 18:31:58,2018-01-31 17:48:56,2018-02-05 19:26:45,2018-02-09 00:00:00
0e6d9d386c1cd507df2b07bac0e8b4c8,cc277f38f00523ab10cdacc109bad31f,delivered,2018-02-02 14:29:22,2018-02-02 15:31:20,2018-02-05 16:05:23,2018-02-20 01:19:11,2018-03-01 00:00:00
ca801e184e659bcf7b7e4f4995d30ba8,3c1d60349e1db4cbac79fe57b73ed57f,delivered,2018-01-03 15:02:13,2018-01-03 15:10:29,2018-01-10 01:07:45,2018-01-19 15:14:04,2018-02-02 00:00:00
a7ecb6cd7ccbea584ec3f96ecc6fc8b1,a53aad9dffb6d554e7f8356c2017baa4,delivered,2018-01-14 17:18:57,2018-01-14 17:29:19,2018-01-16 21:10:13,2018-01-17 23:22:26,2018-01-30 00:00:00
96eb3b1e9be34336c89369e6efa182f5,efb6de351a6330ac5f2b85b9b4004e8f,delivered,2018-01-16 12:35:44,2018-01-18 02:13:17,2018-01-19 20:48:34,2018-02-09 17:04:07,2018-02-21 00:00:00
36f00f5d4fdfd85a9efdf83931e3a47e,18e81821d7e7326070a3cf464c4822bb,delivered,2018-01-23 13:24:10,2018-01-24 02:52:37,2018-01-24 16:12:38,2018-02-02 17:58:29,2018-02-15 00:00:00
a404ea50be6a196526edbedda3d1d083,8d09e89261d5af4e728f330a0c6ca0e1,delivered,2018-02-26 20:00:27,2018-02-26 20:15:32,2018-02-28 15:56:43,2018-03-23 21:32:19,2018-04-19 00:00:00
00eef7fe9e315a85d1a61a50cccb2494,db19e8cffbc71ab7e1c29a1d6e4935e0,delivered,2018-02-11 13:18:12,2018-02-11 13:28:18,2018-02-16 20:07:14,2018-02-24 18:45:00,2018-03-07 00:00:00
3354a9e699cdd99dae33906e55a8ca17,034ecc550de79becac426a8ed79722f9,delivered,2018-01-15 10:18:09,2018-01-15 10:30:26,2018-01-17 19:29:07,2018-02-15 15:32:30,2018-02-09 00:00:00
d39427c386e367ef8a3e77bcaef4cb7f,a50e121890928010391cbc82c8b8e83b,delivered,2018-02-01 20:44:36,2018-02-01 21:09:59,2018-02-02 16:37:01,2018-02-07 20:26:51,2018-02-23 00:00:00
02557013eeaffd86a6cc5ffd80a4b54e,df578de48490fad348557aca8514d6be,delivered,2018-02-17 22:48:59,2018-02-17 23:06:52,2018-02-20 16:49:18,2018-02-22 11:06:23,2018-03-06 00:00:00
62d2be1fdefb1437c1d94932ecd95545,076879610b2df756d7bfaf2b8422d327,delivered,2018-02-08 10:02:25,2018-02-08 10:15:34,2018-02-08 18:56:22,2018-02-18 10:21:44,2018-03-06 00:00:00
61933015cb23bfe0cc59155373172d78,cec67855e440dab26bed6e4f780ea6f0,delivered,2018-02-18 16:15:59,2018-02-18 17:27:03,2018-02-20 21:23:17,2018-02-21 22:51:56,2018-03-07 00:00:00
2b25df22054b449145255218a1d25552,46d2e019708c24dcdd7876d13010570b,delivered,2018-02-13 19:01:08,2018-02-13 19:15:29,2018-02-16 19:55:57,2018-02-19 21:25:25,2018-03-01 00:00:00
a196d7c6ecd939360a6dfbee0ebacadb,0c8211ae93a1392896f80bf97ac79163,delivered,2018-02-14 20:06:59,2018-02-14 20:27:28,2018-02-16 01:35:22,2018-02-25 13:22:23,2018-03-13 00:00:00
4177ca666e20ede4166d23a0d6d955db,a49649042977d36694f2c5e4d1b72019,delivered,2018-02-11 14:49:50,2018-02-11 15:08:06,2018-02-15 18:41:49,2018-02-18 20:09:05,2018-02-26 00:00:00
191c7fa4da1a93f10fd41e2cd46e9af1,94f80f7707b4afbce4f4ed64ccade8aa,delivered,2018-02-11 01:45:29,2018-02-11 02:45:40,2018-02-21 12:29:52,2018-02-22 22:55:52,2018-03-07 00:00:00
7284a4f946c71afdbdd5e508d8f7814f,857c689eb18e76f316740bb9ee3ae189,delivered,2018-02-20 13:30:36,2018-02-20 13:48:49,2018-02-20 23:49:17,2018-03-14 18:04:01,2018-03-15 00:00:00
d36a352334f4e3df2f3ce48893af82fc,9dd46d53f1d993cb9e280aadf7ba62da,delivered,2018-01-13 09:01:52,2018-01-13 09:29:23,2018-01-16 20:15:54,2018-01-24 15:32:43,2018-02-09 00:00:00
f100cd7a3bb7126a954ad2cbc2b3715a,fb944bccd653c5ddbd20241772e5c11d,delivered,2018-01-04 21:27:37,2018-01-04 21:35:26,2018-01-08 21:28:17,2018-01-09 22:43:52,2018-01-23 00:00:00
dcb69a3c1f97a14c7189a209c641f1ca,452c98cf218f8ed6604f9795df24e78c,delivered,2018-01-04 11:59:36,2018-01-04 12:09:19,2018-01-04 20:32:12,2018-01-17 21:03:38,2018-02-05 00:00:00
1ca14127ecae7a3d413ed6b2f2447d44,36fd3beaf034e87d9acec32723c50fcc,delivered,2018-02-25 18:03:24,2018-02-25 18:10:38,2018-02-26 18:53:50,2018-03-06 13:21:53,2018-03-16 00:00:00
327ee18cf93b73d75911ca52f0c73ed4,22d32625b59ff10115c8863926933a99,delivered,2018-02-27 19:38:59,2018-02-27 20:09:31,2018-03-02 00:33:11,2018-03-05 15:58:40,2018-03-19 00:00:00
9a4a6043b37a47e2c964bbc055f2e837,0c6d59647f04b19897e2fd48ae191f27,delivered,2018-02-10 18:52:05,2018-02-15 03:50:48,2018-02-15 19:17:07,2018-02-21 14:55:10,2018-03-13 00:00:00
2c4e110ad02f4c35c966c165a7b9c248,6acfcfaec055a8b185e30dfc1b2420f4,delivered,2018-02-25 13:30:53,2018-02-25 14:08:00,2018-03-01 23:35:10,2018-03-20 21:04:00,2018-03-20 00:00:00
c78fd57b912d62acf68d11da7a7c500b,5e9fc468240a6ca5418c30a89c1010ee,delivered,2018-01-08 17:42:23,2018-01-08 18:31:50,2018-01-09 18:07:38,2018-01-29 19:15:17,2018-02-07 00:00:00
4e8c19bde0793e367a90575bb84cd956,80fce2f155c56d38186ae276a2280006,delivered,2018-01-09 22:34:47,2018-01-10 10:31:33,2018-01-12 14:52:43,2018-01-18 19:16:39,2018-02-01 00:00:00
60f57fe756bf90250589634133afea3a,7c8614fa7b6d8e01edd96e32f3454bd1,delivered,2018-02-16 17:29:09,2018-02-16 17:47:38,2018-02-22 03:28:44,2018-03-15 20:48:40,2018-03-05 00:00:00
421965457f0703d25ba727b4d31a1ad3,e8bc2481bc34c782733e3fd5fb60a06c,delivered,2018-02-25 08:43:55,2018-02-26 08:48:36,2018-02-26 19:42:36,2018-03-03 13:51:49,2018-03-16 00:00:00
a20eb879de62e2e2ef54074f5f71db9f,f112b34d0cf6556f7c5c029ff5c67ba3,delivered,2018-01-30 10:01:23,2018-01-31 17:54:04,2018-02-19 11:04:00,2018-02-20 20:15:11,2018-03-26 00:00:00
d43d694cf81ca89d8e50c6f3c199f0de,1e46b29a43929d0f05b69dc61a3668aa,shipped,2018-01-18 15:07:13,2018-01-19 16:59:45,2018-01-23 23:14:50,,2018-02-09 00:00:00
315098e810ac2e1d1f22bf3db2a143e3,d066bb1d9c73f09ddf40e60deca1b926,delivered,2018-01-22 18:20:32,2018-01-22 18:34:01,2018-01-23 16:47:05,2018-01-29 11:58:55,2018-02-15 00:00:00
57497f963890881878c6c1e61af37960,f5f0e5b259279be1f47ece5fcb5d8d16,delivered,2018-01-31 21:59:56,2018-02-01 21:55:33,2018-02-02 15:26:54,2018-02-06 21:11:39,2018-03-06 00:00:00
f0b3358d0acb067d9c09d3fb376a5e0d,9898e7a6254ea0e7e8bd2bd10a2ce2f7,delivered,2018-01-02 13:37:04,2018-01-02 13:49:26,2018-01-08 14:34:46,2018-01-12 20:57:06,2018-01-30 00:00:00
a4f28b3c6ced3a0b8f60b9043bc27f9f,3c68ab97a9868961c8497b3ce754a992,delivered,2018-01-03 14:10:34,2018-01-03 14:31:33,2018-02-03 15:38:26,2018-02-26 20:15:03,2018-03-26 00:00:00
ec332d1339fbc535b68e413e12bd2cb6,2fb1ac74d64b8d5498f89a0ff9047a06,delivered,2018-01-19 20:26:39,2018-01-19 20:37:27,2018-01-22 20:09:55,2018-01-29 20:51:59,2018-02-09 00:00:00
5213c9e107ccd1c4753c20f7be696c49,89ee8f2ce27588d9f8a8b7d0458e43ca,delivered,2018-02-15 18:45:11,2018-02-15 19:06:16,2018-02-19 23:08:16,2018-03-05 18:28:34,2018-03-07 00:00:00
e9acbfa0efe448cca0db0508f8641ac9,9c35af750f6493203e9f84b7d21d3493,delivered,2018-02-19 09:46:08,2018-02-20 07:27:06,2018-02-23 00:04:51,2018-03-15 16:48:36,2018-03-14 00:00:00
5f53ad559baa843298f7772942dbc6fb,7ce5a437177a6a42ca15e3a62a494ee7,delivered,2018-01-20 22:57:00,2018-01-20 23:20:11,2018-01-22 15:11:57,2018-02-03 18:28:40,2018-02-19 00:00:00
d59cc61c2dae8aad29577564430a4e6b,e48fe5d0e0da16a99b9ed1e40ddeac72,delivered,2018-01-19 11:16:31,2018-01-19 11:36:13,2018-01-19 21:11:32,2018-01-31 22:48:57,2018-02-19 00:00:00
2f3e2209a4db6baec6526ced407bbce9,29fe12563a56d3735707d3faed2c7292,delivered,2018-02-16 16:39:19,2018-02-16 16:56:10,2018-02-20 23:22:02,2018-02-23 01:22:53,2018-03-05 00:00:00
cfa3e6925faeafb049f7bf5f1a133757,5af9164d1406a7f016a689a9e7c38427,delivered,2018-02-08 09:03:13,2018-02-08 09:15:32,2018-02-08 23:12:21,2018-02-19 21:58:32,2018-03-06 00:00:00
fb83309baace638203791fe6688ac3ca,c3bb3dcd5ab97143e278f40cb0eb15f8,delivered,2018-02-07 18:56:06,2018-02-07 19:10:31,2018-02-08 20:49:22,2018-02-23 18:05:41,2018-03-05 00:00:00
90ec36af71b9d7450e0db5083efc90fe,23dfa700f73ff0d3f5aabab3256d13fb,delivered,2018-02-05 22:23:38,2018-02-05 22:35:24,2018-02-14 23:22:39,2018-02-27 18:38:31,2018-03-02 00:00:00
bc902a69924e1523c0d7dd83bc7bde91,19e73dcc18902f71beeca531f73c1e91,delivered,2018-02-21 18:32:20,2018-02-21 18:48:42,2018-02-23 18:52:55,2018-02-27 00:25:07,2018-03-07 00:00:00
07c25d3d928865cf442fac10a30163c0,c5ae7356add4217aa8e2d1677f60e49f,delivered,2018-01-12 10:40:17,2018-01-13 02:28:27,2018-01-15 17:08:52,2018-01-24 17:34:57,2018-02-15 00:00:00
7d51427ec940da2e27bc824dd56a2300,532b4a0dfe9bb0a12b26792a2a224d5f,delivered,2018-02-21 16:37:59,2018-02-22 02:10:46,2018-02-27 20:41:54,2018-04-03 17:28:42,2018-03-19 00:00:00
66d8a3a22419ac03fa5c0219f3db61a0,6a90652e183891d3da8d47a2d64baa91,delivered,2018-02-28 10:44:53,2018-02-28 10:55:47,2018-03-06 19:15:21,2018-03-29 21:04:01,2018-03-28 00:00:00
ac5f181248028b06eda09434ddb48d5e,7b2fd6202ba5bd0155e95bceb7aaa6ff,delivered,2018-02-20 16:08:32,2018-02-20 16:28:16,2018-02-21 20:27:17,2018-03-08 21:50:32,2018-03-22 00:00:00
a57e4cb553fb02d95f5acfab1d068804,a29d711b1c8981c8e968a69bf604980b,delivered,2018-02-06 13:13:27,2018-02-07 02:55:45,2018-02-07 19:44:56,2018-02-08 17:32:23,2018-02-22 00:00:00
384d96ed56bf3f9dfecc4e2c539111a7,b29d12296af23879b38b929ec276ef24,delivered,2018-02-09 14:59:24,2018-02-10 14:50:29,2018-02-14 20:26:40,2018-03-08 22:58:39,2018-03-05 00:00:00
9ce475d5a0f449a5b6f9c86c7e98e331,85ce617f99db2ef021c899b10d81ea0b,delivered,2018-01-18 18:22:38,2018-01-20 09:10:39,2018-01-31 23:52:26,2018-02-23 21:54:44,2018-02-15 00:00:00
d16d1d91feaf7e5d293ea1ebb0a60b7f,a6fbea1bf9c455de2ba3f34d3564f5a7,delivered,2018-01-03 19:05:58,2018-01-05 17:08:34,2018-01-08 20:38:12,2018-01-09 15:30:19,2018-01-19 00:00:00
2df86a1fe8ce1dbff076f3eef50a664e,9d58f19e8d5d306f2d15eb225c3adeb5,delivered,2018-02-28 18:49:29,2018-02-28 19:08:48,2018-03-05 21:56:32,2018-03-06 15:47:50,2018-03-13 00:00:00
45f11d8a4d2495c964276e1b076dfdd4,eb40cea0854ef03e33b8d95642ffabf7,delivered,2018-01-07 00:53:38,2018-01-07 01:07:05,2018-01-26 18:41:54,2018-02-05 18:08:58,2018-02-09 00:00:00
0bf20dbe580a4ca2a717523e7bf6c610,076ef990626d218176fa27d3d6e2773f,delivered,2018-01-22 18:30:11,2018-01-22 18:37:27,2018-01-24 01:53:11,2018-02-04 13:37:40,2018-02-06 00:00:00
cbcad9f5b09ead6b9ae965fd9f598ba8,b65b5017b8e86bde50b8930ed0958286,delivered,2018-02-16 09:01:38,2018-02-16 09:35:26,2018-02-16 18:57:32,2018-02-27 23:09:26,2018-03-14 00:00:00
08c7b46d1dfd29f3200c439119cfe4ac,2af6e83a140873ebe51bc9beb29143a7,delivered,2018-02-25 12:28:13,2018-02-25 12:49:00,2018-02-26 18:43:06,2018-03-07 15:58:40,2018-04-09 00:00:00
3ac0f5a50ede5981b44f30306bb853fb,2fa0203e3d4f0dfac0f2f3f1f07263c2,delivered,2018-01-25 16:22:26,2018-01-25 16:34:58,2018-01-26 16:05:54,2018-02-01 00:06:01,2018-02-26 00:00:00
1580e54bbbd269a8188302f3179c0dc7,d42d02fa5d71a25257710e5f333385db,delivered,2018-01-07 16:01:22,2018-01-09 07:16:35,2018-01-15 11:13:36,2018-01-22 15:38:58,2018-02-02 00:00:00
b8edc6668eb315d1b730348cac5e9520,491c7eaffec418db9bead95dffa95df8,delivered,2018-02-16 17:15:53,2018-02-16 17:31:23,2018-02-19 23:56:57,2018-02-28 19:39:04,2018-03-14 00:00:00
17ad13a5069275b16fe6b68460d1545b,20143803d0cf60a8eb7d0d5876c3ca19,delivered,2018-02-16 13:23:22,2018-02-16 13:35:32,2018-02-16 23:22:28,2018-02-24 20:45:08,2018-03-09 00:00:00
1a5303d4c0d2c69405f74c3c005a5ea4,aa84f57b9e3aa99a1a4be15f47504bda,delivered,2018-01-03 13:15:09,2018-01-03 13:27:55,2018-01-04 10:46:22,2018-01-10 19:58:48,2018-01-26 00:00:00
9df586b8ab146a451addcd354a27a3ae,e7effc4ed3d668c0156a01b47076b31d,delivered,2018-01-10 14:50:52,2018-01-10 15:12:03,2018-01-15 16:38:56,2018-02-01 17:15:18,2018-02-16 00:00:00
76a8885167de6cebce9e33f8abc9f149,566eb70d22f8c4b3ebd3b2db8718ff7d,delivered,2018-02-19 22:45:39,2018-02-21 06:10:25,2018-02-22 16:36:46,2018-03-12 22:26:30,2018-03-16 00:00:00
87b25622da650dcff9efaeaad1ebc057,c88f43e6c3194c2d966354b7ad47de53,delivered,2018-01-06 16:23:32,2018-01-06 16:30:24,2018-01-09 15:51:50,2018-01-17 17:13:01,2018-02-06 00:00:00
c40e2f36cb82dc5413567d994a7add93,116dae092a083d09e1afe3a9330c60ba,delivered,2018-02-01 23:08:48,2018-02-02 23:10:52,2018-02-03 17:16:41,2018-02-14 20:53:09,2018-02-26 00:00:00
baf812fd23187188a77284f87589375a,0fbb4bf6434638f4153b294c47c87feb,delivered,2018-02-13 16:54:20,2018-02-13 17:05:34,2018-02-15 19:46:33,2018-02-16 20:03:48,2018-02-26 00:00:00
638ef1788b79081e63829d44a8f15e0c,b375ea4c89a7a7c39ae09144086ac2f3,delivered,2018-01-03 00:37:12,2018-01-03 00:49:52,2018-01-08 20:20:35,2018-01-26 19:33:57,2018-02-09 00:00:00
d004e53c74f73a94ae2e2e586a5e2f4a,96ffb0aef6843454c595d5927832ab60,delivered,2018-02-26 10:43:55,2018-02-27 10:48:40,2018-02-27 21:05:13,2018-03-26 17:18:28,2018-03-29 00:00:00
1fd53d1caeb51ab6526e5b38f525c202,c75c0e90219e9880fcb759192ae2b29b,delivered,2018-01-02 15:02:31,2018-01-02 15:12:30,2018-01-03 16:29:22,2018-01-08 15:19:43,2018-01-31 00:00:00
c3c928dc0f48fd00aa7c7156f777812d,5da101b6d60bab41e74f4183b64b2fb5,delivered,2018-02-20 16:20:48,2018-02-20 16:31:16,2018-02-22 21:08:24,2018-03-20 02:34:26,2018-03-21 00:00:00
13c43b9af95067fe5366ed2f57afcf77,18143f5d1df13826796fef11466b6a92,delivered,2018-02-24 18:57:09,2018-02-24 19:10:27,2018-02-28 18:33:12,2018-03-07 15:18:50,2018-03-19 00:00:00
2d8d50ea5c81b884a2dfac05b44f04b2,377adbb777636f7476c1389734ad896c,delivered,2018-02-21 14:37:41,2018-02-21 14:55:39,2018-02-24 13:23:55,2018-02-28 18:39:09,2018-03-07 00:00:00
c272bcd21c287498b4883c7512019702,9582c5bbecc65eb568e2c1d839b5cba1,unavailable,2018-01-31 11:31:37,2018-01-31 14:23:50,,,2018-02-16 00:00:00
f18d7bf3eb0f438dc4462cd6dd40aab8,c0839934f43d715b1433b58b86744930,delivered,2018-01-10 14:08:45,2018-01-10 14:18:24,2018-01-12 23:18:02,2018-01-30 17:12:55,2018-02-07 00:00:00
d774dda8acab57dc1f473be2a975cdf5,a1bad9f67c4cd41fc88e849635c46c4c,delivered,2018-02-21 00:55:03,2018-02-21 05:50:11,2018-02-26 23:50:16,2018-03-06 19:03:51,2018-03-16 00:00:00
f8f4eed82047735135a9978523d4d202,3fb82efec3774a589cc62a4912eca2f4,delivered,2018-01-15 13:08:10,2018-01-15 13:16:28,2018-02-06 17:58:37,2018-02-23 18:58:43,2018-03-26 00:00:00
3127891eb38cfdbbe6d5603c658c1509,0efe244f8d2101871dfc0e2f3069fd85,delivered,2018-02-11 11:03:31,2018-02-12 11:07:56,2018-02-15 21:28:46,2018-02-18 16:29:11,2018-03-02 00:00:00
65af4ebf3a293127cb26f2ba77f96a02,02eeb440c68d8e3bb1e25ef69130396b,delivered,2018-01-14 09:34:59,2018-01-14 09:49:24,2018-01-15 17:22:37,2018-01-19 03:03:05,2018-02-07 00:00:00
c6ab8a5c6fbd3bf57e9ad8407d950cc6,a9b0d1c26105279e1b8edc63d06bd668,delivered,2018-01-29 11:04:44,2018-01-29 11:21:15,2018-01-29 22:37:54,2018-01-30 20:37:59,2018-02-14 00:00:00
2d395688fd6ae7eb8d492b8fd1ce287c,118ea956ae83ce874aa0b2613c29f0a7,delivered,2018-02-22 14:17:49,2018-02-22 14:30:46,2018-02-24 00:09:03,2018-03-01 22:08:03,2018-03-14 00:00:00
2fc528da1a706c355f00172b33bf7a1d,091f8a46596e5e19c071bbe12abd1ca6,delivered,2018-01-12 12:47:34,2018-01-12 12:54:52,2018-01-13 01:19:28,2018-01-23 18:28:59,2018-02-01 00:00:00
b210a0936a3dd8fe4428863f8e352693,6a7100171d73419693ebd1b891f80b53,delivered,2018-02-28 10:57:06,2018-03-01 10:50:39,2018-03-08 13:53:40,2018-03-21 23:05:06,2018-04-06 00:00:00
1abe86bb35e6bb090aea0e1b22b8eaeb,19f14bc6e61673618b16b2e68b523ab3,delivered,2018-01-31 20:58:40,2018-02-02 02:55:44,2018-02-06 00:51:18,2018-02-07 20:28:49,2018-02-16 00:00:00
39ed3e039306a582ec28f1f997cbff75,a2a7143d7c9767d8d6795920e88354bf,delivered,2018-01-22 09:30:50,2018-01-22 14:14:44,2018-01-23 14:23:32,2018-01-31 21:52:19,2018-02-22 00:00:00
4884b6f84bbec8bdf35b5380cdc0269f,f4e436254fa712f857b16c173c6d1151,delivered,2018-02-23 12:25:56,2018-02-23 12:49:21,2018-02-27 13:04:09,2018-03-06 16:33:45,2018-03-23 00:00:00
ac5f6eb714ea7a0e9fc48eaa34d3eab8,8172842da78a488cb74d25ea99c0b656,delivered,2018-02-24 13:31:40,2018-02-24 13:47:38,2018-02-27 14:19:15,2018-03-27 13:21:22,2018-04-02 00:00:00
c1df7b442eae0851753ed884bdaacc02,040a6b33a803ef269d0bf0c285cb2390,delivered,2018-02-26 08:21:15,2018-02-27 07:55:30,2018-02-27 21:38:31,2018-03-07 18:06:06,2018-03-16 00:00:00
6145340f417b2ec892ce4c053d245a0f,5cabdfd4f9760bfb7c2b51fc1f934980,delivered,2018-01-07 15:30:59,2018-01-09 07:25:48,2018-01-09 22:41:35,2018-01-12 20:38:02,2018-01-31 00:00:00
166b91d58933959ea50aad0939cb5caa,c15180baaf5da7b429190c033c01ced6,delivered,2018-01-10 21:23:11,2018-01-10 21:33:22,2018-01-16 18:22:06,2018-01-24 15:03:13,2018-02-09 00:00:00
df5c4b3fb5a9eaeacf001d35921abad0,12e0c8dba33337daf3d5b86032489254,delivered,2018-01-04 21:32:30,2018-01-04 21:47:50,2018-01-10 17:21:54,2018-01-31 21:25:07,2018-02-06 00:00:00
21a5a6a3ba44669b781dde94b19a361a,5103670b1d7ea5870655885ba03125a7,delivered,2018-01-16 13:27:19,2018-01-17 04:31:13,2018-01-18 13:09:22,2018-01-19 20:25:00,2018-02-14 00:00:00
a93517c2ce1c5cf1b4d0f513f712e6dd,a0d38bf433ba23da2f77930d36f9c4b4,delivered,2018-01-20 17:34:11,2018-01-20 17:44:12,2018-01-23 00:12:41,2018-02-05 23:17:01,2018-02-19 00:00:00
00b30bb163474583c14db1689259cf4d,b626b511cecb256e0d1514d883084a38,delivered,2018-01-31 13:57:27,2018-01-31 14:13:31,2018-02-06 17:47:50,2018-02-17 18:36:59,2018-03-05 00:00:00
a3d61f1e9214700ee2b1a7fb8662198e,c7a3d38f91df1c3b930e3c8ac667868c,delivered,2018-01-03 18:04:33,2018-01-03 18:11:32,2018-01-05 18:59:24,2018-01-11 21:48:49,2018-01-26 00:00:00
7430885c75f59ac3b7526e69a5a21e98,2c524b1989927b7eccfc590b30e2f174,delivered,2018-02-12 14:34:27,2018-02-12 14:48:16,2018-02-14 20:33:26,2018-02-27 23:29:17,2018-03-12 00:00:00
039ff75de38e514eaa8ffb2618d5227e,de95d380cf871cae8dc79670a84a1bbe,delivered,2018-01-03 08:46:55,2018-01-03 08:57:24,2018-01-05 19:45:52,2018-01-09 19:16:54,2018-02-02 00:00:00
ae6b64ec83bef670aea816ed1fd2857b,10629d24a28802b8beb2f7f1c6626c5e,delivered,2018-01-23 14:17:56,2018-01-24 02:34:57,2018-01-24 22:05:30,2018-02-06 16:35:16,2018-02-23 00:00:00
f071b368fba027eb94d3880678104d50,10b6ca8551febff6407d7331aa0c95e8,delivered,2018-02-28 16:17:01,2018-02-28 16:35:33,2018-03-02 01:15:08,2018-03-20 20:48:47,2018-03-22 00:00:00
a8096d0b94faa1314dbd562efc6a0967,45ead47bd4ee6bb5b5108506c44a4a7a,shipped,2018-01-18 04:37:44,2018-01-18 04:52:09,2018-01-18 16:49:00,,2018-02-22 00:00:00
5448a97fc343f6f23807effd01938241,f22449ebc3dcc171a096c27de4c3a901,delivered,2018-02-28 16:47:08,2018-03-02 02:11:00,2018-03-08 15:06:34,2018-04-12 00:05:00,2018-04-06 00:00:00
7bb63f3e1c995473fbe6450a65fd8cfe,b23e3f110598a3783b8bf7cf6e342d31,delivered,2018-02-14 17:16:33,2018-02-14 17:30:34,2018-02-15 20:09:23,2018-02-16 19:59:02,2018-02-26 00:00:00
7f63d30a32c2ef0e63febfbc91b9a132,9f258623281e8e6c74463a67f640c4c5,delivered,2018-01-11 22:57:36,2018-01-11 23:10:23,2018-01-12 21:41:46,2018-01-30 17:28:51,2018-02-01 00:00:00
0ab49faaefb509c82d19a0d26239a4e3,c10b88c988a53a341a80374467f2251b,delivered,2018-02-25 15:27:02,2018-02-25 15:35:24,2018-03-05 21:04:30,2018-03-15 18:03:37,2018-04-03 00:00:00
d4bf9a6552dbfc7f1b2f6abbb1028b99,70a143bf0866aa6c1ba15fab452335a8,delivered,2018-01-05 09:37:24,2018-01-09 07:24:50,2018-01-09 17:04:49,2018-01-10 19:59:20,2018-01-23 00:00:00
9e20564752c879d871ac6c809777e4d1,92870209c9c8b251ee171e1a7362ae57,delivered,2018-01-23 14:03:06,2018-01-23 14:16:50,2018-01-24 23:58:40,2018-02-02 12:17:42,2018-03-01 00:00:00
9fcae628ca1ff23cc32e259e9335fa1e,98abca6196373abc2f6d0b12939b3db0,delivered,2018-01-12 20:09:02,2018-01-12 20:18:21,2018-01-15 23:58:55,2018-01-17 16:10:26,2018-02-01 00:00:00
36782087b0d4f8cd6daa340872006259,f44b3f6747f4f5927e4034d63992603c,delivered,2018-02-07 12:59:55,2018-02-07 13:15:39,2018-02-14 17:48:49,2018-02-19 20:17:32,2018-03-05 00:00:00
f80f1384081e853ae3bb03c6a87a4bbb,0a8590845fd49614cc44c39969900ac0,delivered,2018-01-21 10:15:13,2018-01-23 03:37:56,2018-01-25 17:48:50,2018-02-05 22:08:44,2018-02-26 00:00:00
c206348085f589eaf3bcd60a005bb15c,5427c155641d32fec69e0371437a4ee8,delivered,2018-02-23 14:15:53,2018-02-27 04:31:24,2018-02-27 22:09:30,2018-04-10 19:41:13,2018-03-15 00:00:00
c46a116ac9c84425011f5e56acb66c85,4b5988f858ad9f6e8b3773e13ee2c771,delivered,2018-02-15 19:51:05,2018-02-15 20:26:08,2018-02-16 22:18:28,2018-02-19 23:26:58,2018-03-01 00:00:00
1d4e3c08acd5f70230aa904ef3cb86e3,9cefcd762174d8ff524a4e5498616e28,delivered,2018-02-19 11:26:23,2018-02-19 11:35:40,2018-02-21 16:20:15,2018-03-15 15:21:24,2018-03-13 00:00:00
a36b30ffa314719ec4905208a46387cb,9b505de3fb7c438e77f1a1bf5cc17678,delivered,2018-01-15 09:56:10,2018-01-16 07:09:59,2018-01-16 16:39:12,2018-01-29 12:14:58,2018-02-23 00:00:00
674e45aba407b4682730ef7ad708cfad,b04b6615b7d79aa0f12528796729d1f4,delivered,2018-02-14 05:24:24,2018-02-14 05:35:23,2018-02-21 04:09:56,2018-03-08 20:01:33,2018-03-13 00:00:00
94289b7d9dbb9e497157dda056a90418,4024d0e498be8916e2aa071556abd2d1,delivered,2018-02-26 18:20:32,2018-02-26 18:35:37,2018-03-01 00:23:04,2018-03-02 18:33:18,2018-03-12 00:00:00
f939e2a89376e44158657a15465cacce,ec980872eea3778facea3e17ec48107c,delivered,2018-01-08 16:02:04,2018-01-09 07:25:32,2018-02-17 02:21:38,2018-04-03 17:38:54,2018-03-19 00:00:00
7240caa1d8eea03f75f8759f39182e01,e7e41f6a60c56e167991373f38836a69,delivered,2018-01-21 14:20:21,2018-01-22 13:50:56,2018-01-25 19:56:58,2018-01-31 16:51:35,2018-02-14 00:00:00
6a13517381ec12deba06f6a117428702,0c7b9210b550cd224cda4f815573fc56,delivered,2018-01-10 20:43:40,2018-01-10 20:52:21,2018-01-15 17:42:31,2018-03-06 17:17:31,2018-02-07 00:00:00
0071ee2429bc1efdc43aa3e073a5290e,081a2d41949e652a50988fd39febb4a8,delivered,2018-01-22 11:08:15,2018-01-22 14:17:41,2018-01-26 15:12:17,2018-01-31 23:58:36,2018-02-15 00:00:00
b63a4baa025f1db7cd7f3bd5f4336c11,0713f33e5e39aab4a6ceba626f05b914,delivered,2018-02-02 23:15:07,2018-02-02 23:30:28,2018-02-08 23:54:33,2018-02-23 18:29:12,2018-03-12 00:00:00
e1cf4f3524c63c7e9c134666f89e722d,83bd185600ed4811ec23f273a2392dd5,delivered,2018-02-02 12:56:51,2018-02-02 14:09:38,2018-02-03 14:44:45,2018-03-07 00:22:45,2018-02-26 00:00:00
31be75ffd0c4b58ca777e72cd2352b14,fe1ae0bf088bc446aa79c7f3c11d9fe2,delivered,2018-02-10 15:29:22,2018-02-15 04:08:00,2018-02-17 00:07:32,2018-03-07 17:56:48,2018-03-09 00:00:00
ecadc79d371003a0a6c4b52b2fc91c96,6d20f21ce3430fe1cdc152bc0041af66,delivered,2018-01-08 17:01:33,2018-01-08 17:12:23,2018-01-12 15:28:38,2018-01-24 16:18:17,2018-02-01 00:00:00
131a49afe3f297e46c9eab6f3a815b2a,266eb5a8fc8e3c3916870babf546da1d,delivered,2018-02-06 18:00:02,2018-02-07 03:10:07,2018-02-09 20:12:15,2018-02-16 18:10:11,2018-03-02 00:00:00
2e82339ec0f39a69be776815f3bac508,66d5a520e4f7af2cdc4f725d8d8ed705,delivered,2018-01-29 22:49:11,2018-01-29 23:11:20,2018-01-30 19:37:08,2018-02-01 17:54:54,2018-02-16 00:00:00
a5aa5239c6020daa6c90c0a34b0fb2ad,02fd0cffae342f16aefcc95f2cc8a77b,delivered,2018-01-13 21:11:31,2018-01-13 21:19:29,2018-01-15 17:13:01,2018-01-20 00:33:28,2018-02-15 00:00:00
b16a6ea9c85cf3f6644f1529e04982da,1b2e930fc7821a521be8b5dcffa540e0,delivered,2018-02-20 14:06:04,2018-02-20 14:28:47,2018-02-22 22:36:31,2018-02-26 22:22:24,2018-03-16 00:00:00
76b4763b4e176f7859739182dcf5ff2f,d0412a3782a6a8bcc605dc421bf01f9b,delivered,2018-02-05 11:20:50,2018-02-05 11:30:31,2018-02-06 19:49:03,2018-02-15 22:05:54,2018-03-01 00:00:00
cc7e03bc8530749e5b107609bb905580,b4c3a256dec5983719c2d4f3481ea9dc,delivered,2018-02-23 17:55:18,2018-02-27 04:31:18,2018-02-28 23:54:36,2018-03-06 19:47:39,2018-03-16 00:00:00
4a9926db4f145a7facd1709ecf22bb25,5c7e0f8f6aa8e9d4f5703d54108df291,delivered,2018-02-08 11:55:21,2018-02-08 12:09:45,2018-02-08 21:07:35,2018-02-19 19:59:24,2018-03-15 00:00:00
5610a4bcd7718bcf354c5d0ac3575d2e,e4f17957b71e801d3141759fb0098eb4,delivered,2018-01-04 08:16:50,2018-01-06 02:08:02,2018-01-12 11:59:23,2018-01-25 18:32:21,2018-02-14 00:00:00
aec71ccc28288ed6d9a47be44c78fa3e,d0f10317745697968033a092c2f781e5,delivered,2018-02-25 20:24:02,2018-02-25 20:35:21,2018-02-26 19:06:45,2018-03-05 20:31:57,2018-03-20 00:00:00
c1f995d5d345022dea94f7fba75dbe1d,62a80a070f66e36e433ad68f1e9d1439,delivered,2018-01-14 19:09:00,2018-01-14 19:17:18,2018-01-16 19:29:06,2018-01-17 14:58:44,2018-01-30 00:00:00
d9fb924d08e165eff00a9745385a2a36,4eaa399e3bebfa914be5e064bffc323e,delivered,2018-02-26 20:27:59,2018-02-26 20:48:07,2018-02-27 17:04:13,2018-03-01 18:57:42,2018-03-22 00:00:00
7fdaacb6531a303bdcfd48de1512a7dc,36ab9cafcfa49d9e5a6fb2d2deb3eb3d,delivered,2018-01-22 09:56:12,2018-01-22 14:15:18,2018-01-23 13:22:20,2018-01-24 18:35:11,2018-02-06 00:00:00
28553df1da816f76ae87bb32739cd4b5,70e4bf1c9bed1dc7fa8832de9db14206,delivered,2018-01-31 23:38:14,2018-02-02 02:55:51,2018-02-05 16:46:49,2018-02-16 00:13:48,2018-02-23 00:00:00
999b6fc072d02a9342c9e2d8ec687ab2,ae0e840cf718fffd1ebcc175caa4c229,delivered,2018-02-25 15:13:44,2018-02-27 04:31:05,2018-02-28 22:52:43,2018-03-06 00:15:51,2018-03-12 00:00:00
3bfcb67badce1259bcc45c6fd1daafdb,cafd195f26f4ca44012b5ceee8cc5b8b,delivered,2018-02-07 20:01:51,2018-02-07 20:15:31,2018-02-09 21:41:57,2018-02-14 12:08:45,2018-03-06 00:00:00
453d6f15ae1c7406d6ec6a5ee3909b82,d6e0e90d298a127a8f1c6793bc8df207,unavailable,2018-02-09 17:34:55,2018-02-09 17:49:30,,,2018-03-05 00:00:00
ae008476d71178d5dec116ecd90a9471,89db3891a4e41c9d5f4c20d46ced9ee8,delivered,2018-01-03 12:03:50,2018-01-03 12:13:20,2018-01-03 20:25:09,2018-01-23 20:23:01,2018-02-06 00:00:00
21f517fb48270e668d181b0844ccbf37,4666c0403e588762d3537b26c5504e53,delivered,2018-01-31 10:41:27,2018-01-31 13:43:49,2018-02-06 01:14:04,2018-02-21 20:18:07,2018-03-01 00:00:00
9fbfe9199f9a0440a9f57f31c57ccc21,9be1244cf16143395690e41538d5d1f7,delivered,2018-01-15 19:33:53,2018-01-17 03:35:34,2018-01-17 17:21:59,2018-01-22 23:37:21,2018-01-30 00:00:00
51d7a5256a29ae35eeaa4d7bbf14931a,170fa80e9be57279b9ff58d86386806e,delivered,2018-01-16 21:44:39,2018-01-16 22:32:27,2018-01-22 22:34:13,2018-02-26 17:03:55,2018-02-09 00:00:00
936a199847ccb47438d3ae454d5e18d1,8c587eca721e5478cc6bd17ac3e8cb4c,canceled,2018-02-02 17:42:31,2018-02-02 17:52:12,2018-02-05 13:19:36,,2018-03-09 00:00:00
01be2f7ca246adb9112cb75096af2ee0,9561fb5984d862e686beec844488550f,delivered,2018-02-12 17:47:45,2018-02-12 18:08:13,2018-02-16 01:54:59,2018-02-26 22:38:52,2018-03-06 00:00:00
9ceb39f6dd30ca18e40696a0ea01d09a,61259afc20eedac60913bc39c6d83ff6,delivered,2018-02-20 09:53:46,2018-02-20 10:07:42,2018-02-21 19:34:05,2018-03-15 17:19:46,2018-03-21 00:00:00
b8fba4dc6ff421731ed01f46c701084a,16292a565a0a28cb79837f9e0aee1ffa,delivered,2018-01-09 12:23:45,2018-01-11 03:08:40,2018-01-15 16:17:00,2018-01-22 21:51:17,2018-02-02 00:00:00
57bea8e109ecb1711cda36ced17c1b1e,28f3cd142c1a8a51eec212602b9bf077,delivered,2018-01-20 18:08:00,2018-01-20 18:30:37,2018-01-25 18:33:22,2018-03-01 01:04:25,2018-02-14 00:00:00
18905a8655f8255bf50d2eeadce2641e,1aed7bcb3469dbda3ebc61b12938a4ba,delivered,2018-01-25 23:32:16,2018-01-27 02:52:27,2018-01-30 14:17:11,2018-02-07 17:27:46,2018-02-26 00:00:00
97bf52f3429b21123c9465fecfb66162,a8399935e7f14e2c955e1cea8fb2efff,delivered,2018-02-28 09:49:55,2018-02-28 10:11:33,2018-03-05 23:21:51,2018-03-20 20:26:48,2018-03-20 00:00:00
00b402e8a76d3da83714c52d3977cc2d,ffca23943c4b620ea24812018373fa3f,delivered,2018-01-01 18:03:43,2018-01-01 18:11:33,2018-01-03 19:52:24,2018-01-19 12:08:06,2018-01-31 00:00:00
3834305e2900c25bd4f81680aca69373,2069f7dac27ea08a26fbdcdb18ae6142,delivered,2018-01-18 15:45:37,2018-01-20 09:10:13,2018-01-24 00:45:31,2018-03-08 21:11:34,2018-02-20 00:00:00
6e0773d1bf763019a9e1bfc1703f1aa8,3b940651229cc6be297d34f994b583fa,delivered,2018-01-17 09:23:53,2018-01-17 09:34:23,2018-01-18 14:33:02,2018-01-27 12:18:35,2018-02-08 00:00:00
24f209c23bc564a88e7cbb7f46e17505,f45be1f885a95dcb91592d65ea0b3ec2,delivered,2018-01-16 14:20:42,2018-01-16 14:31:33,2018-01-17 17:03:50,2018-01-18 21:19:26,2018-01-31 00:00:00
4ef17302794696ffb96bbce3b81d3030,8198f185b4b0aa7deea981ca451b1b1b,delivered,2018-02-03 10:26:44,2018-02-03 10:40:35,2018-02-06 20:42:47,2018-02-16 21:05:26,2018-03-06 00:00:00
5601efc723d40b097b2c97df55cb8fbe,2f99a41ccda00228ce7e60a63b541ab9,delivered,2018-02-21 21:01:55,2018-02-22 16:15:33,2018-02-24 00:18:32,2018-04-12 22:22:27,2018-03-29 00:00:00
19c2ba00be4e129ae7890ad07836befb,609be7ff5867d28e0a24797c375b4a2f,delivered,2018-01-02 16:25:51,2018-01-02 16:34:31,2018-01-03 13:20:55,2018-01-04 21:42:29,2018-01-18 00:00:00
48e19adb0a07d92965b4077264915175,7f4319889f2bef6ef22da78e35befb6b,delivered,2018-02-02 16:10:49,2018-02-02 16:36:23,2018-02-06 19:12:00,2018-02-24 17:35:33,2018-03-08 00:00:00
586b28be2b8f5afe936887ea02ab3494,ae5ebdc6de8a5f0bb49b5a3cb50c661d,delivered,2018-02-12 18:10:07,2018-02-12 18:28:20,2018-02-14 14:46:38,2018-02-20 15:08:53,2018-03-12 00:00:00
81756fe1903a10b2a5fbb3d843382cf0,3f5d541c043d1dc244fc7fb2bbcc9e67,delivered,2018-02-26 14:07:17,2018-02-26 14:29:49,2018-02-27 20:08:59,2018-03-08 18:16:38,2018-03-22 00:00:00
f410117aed616ae1d64d58779397161b,f937f9c4e3a73d5b981f233af9b27f49,delivered,2018-01-19 17:27:44,2018-01-19 17:42:50,2018-01-25 21:44:27,2018-02-22 15:52:51,2018-02-20 00:00:00
6f393015477564624446a2b4c948c0f0,3a5a12157eed55b77ae6432e30efc4ae,delivered,2018-01-17 22:38:14,2018-01-18 22:37:14,2018-01-23 15:55:30,2018-01-31 00:08:27,2018-02-15 00:00:00
1cb8d8c748210e32870b735efcd38fa3,9e96eb974f4ac250470b35f5e7a39c1f,delivered,2018-02-28 19:00:35,2018-02-28 19:10:37,2018-03-02 20:37:31,2018-03-05 19:12:11,2018-03-14 00:00:00
c6c5b304ff33e7fa4af88598e30ff11b,488628bdb90ea8c05e4c99a67502bcc6,delivered,2018-02-13 23:35:35,2018-02-16 07:50:51,2018-02-20 09:48:58,2018-02-21 21:07:28,2018-03-01 00:00:00
17dd29c2a9196baed66fc07147b4d819,d291d348d3df231748e584445f34fd98,delivered,2018-02-26 14:03:27,2018-02-27 14:09:00,2018-02-28 23:37:16,2018-03-29 19:29:07,2018-03-16 00:00:00
d821c07a40e746ac3f4ae3799b19ddee,ed678437e137359ba38a1f1b55dea52c,delivered,2018-02-23 06:14:54,2018-02-23 06:30:43,2018-02-27 01:04:31,2018-03-14 17:58:18,2018-03-15 00:00:00
9beba6ff447f3d28862f7c0079eb0586,c1999ef8b7b49e8bdc4fe68988e1dab0,delivered,2018-01-08 13:17:00,2018-01-09 07:16:12,2018-01-11 20:37:26,2018-01-17 16:26:17,2018-01-24 00:00:00
9fdf7b5e959065e5c0d14fbc37b751d3,e474230f2f2d8886595d470351fbadba,delivered,2018-01-06 15:20:06,2018-01-06 15:31:49,2018-01-08 23:38:00,2018-01-12 22:48:07,2018-01-31 00:00:00
b8098f09f8705fca53b00b8c45163d6e,36a90120ace08b1a43f21ce23f44c5b9,delivered,2018-01-27 11:34:48,2018-01-27 11:56:30,2018-01-29 18:38:56,2018-01-30 16:22:30,2018-02-14 00:00:00
b3a88e8c72e5e7747aae1dfac838de6d,3496ae519f723f833df3bf7790d0ba20,delivered,2018-02-07 12:31:15,2018-02-07 12:49:48,2018-02-09 20:54:52,2018-02-22 00:04:24,2018-03-12 00:00:00
8030ea400239674937d96cff6bf0c321,fd49e9ce1d624c2b1dab02c05ae03838,delivered,2018-01-11 18:24:34,2018-01-11 18:33:43,2018-01-17 21:07:11,2018-02-08 17:57:41,2018-02-14 00:00:00
27605871ba4ea7977aaf1aeed491ef9f,7b76ec9f065ed11de0542d269310ec51,delivered,2018-02-02 14:20:24,2018-02-06 03:51:02,2018-02-07 02:15:01,2018-02-21 23:47:15,2018-03-06 00:00:00
462972b78b68d10c722c8ba3f5ba4cfd,91f4aa4ff5d3ddf68322f4df3ed44212,delivered,2018-01-14 16:03:51,2018-01-14 16:12:24,2018-01-17 20:29:02,2018-02-07 18:23:05,2018-02-20 00:00:00
e03802b5209c43fd6ba9d5fefbd664ca,7c26e6e9bb97ca9576d80b206f6d28ad,delivered,2018-02-21 20:49:39,2018-02-23 02:31:02,2018-02-26 23:37:54,2018-03-14 21:12:09,2018-03-15 00:00:00
223067157b61a8e20dc19cbafe40eff6,0a60413541d00d686cf4a7cd994cc1f2,delivered,2018-01-20 20:47:34,2018-01-23 03:36:43,2018-01-29 17:45:52,2018-02-14 14:19:14,2018-02-16 00:00:00
bdf3a71389d2bde7d62c2808d6034403,ac7e0a1b153aa1cb418bf882b101aa31,delivered,2018-01-02 14:55:08,2018-01-02 15:07:34,2018-01-03 17:10:45,2018-01-10 16:04:07,2018-01-24 00:00:00
c84b66bfc6edd6b56325d5342ec421a0,1adbc5f1d585ff6b016adb7627272d0f,delivered,2018-01-30 15:26:08,2018-01-30 15:52:36,2018-02-02 03:09:00,2018-02-05 17:52:21,2018-02-15 00:00:00
5d7db52ac102f99555d721fa511f9cd6,cd664768f785ce454323f548ec4efc98,delivered,2018-01-23 13:02:39,2018-01-23 13:14:19,2018-01-24 20:33:28,2018-02-02 14:47:01,2018-02-19 00:00:00
f64c7fd99793f1416dea0acbf3d9892f,cb1134effa844529035effe06a2ae01d,delivered,2018-01-23 20:22:31,2018-01-23 20:39:24,2018-02-07 16:51:55,2018-02-14 21:35:48,2018-03-20 00:00:00
78e175d0771c10c3288b4d4327ba2b57,469b0de15b3c3c4dc556c3383e72ed7c,delivered,2018-01-23 18:19:36,2018-01-23 18:38:40,2018-02-01 21:37:17,2018-02-08 00:28:48,2018-02-15 00:00:00
dc5ba59adf78a3c3f5707f5bc83ca234,c3d05702d44a5599ca7993d584b4fcb7,delivered,2018-02-19 08:23:36,2018-02-19 08:35:25,2018-02-20 19:34:52,2018-03-14 13:14:40,2018-03-09 00:00:00
842785266c32e96b693fa76cf473a88f,fd06144f27bb7cd0a11db676d656a9c6,delivered,2018-01-21 13:29:20,2018-01-22 13:50:09,2018-01-24 23:22:11,2018-01-26 18:06:36,2018-02-06 00:00:00
cabb660c11fb7f6bbb5f454ea09c0b9f,72da2761ff2aeb6a4bf33d07ddf3bd35,delivered,2018-01-31 22:38:08,2018-01-31 22:50:32,2018-02-01 18:12:28,2018-02-05 19:12:22,2018-02-16 00:00:00
0ef7736059e491311b0cc6bd02ca40a6,3414987e301876e9344b45d11c3a926d,delivered,2018-01-16 15:08:02,2018-01-16 15:19:33,2018-01-18 23:46:38,2018-01-26 15:22:33,2018-02-06 00:00:00
18c14405d85b9ee6e478d71514276be4,ec37a7901c9065e7e37c21cc3b983195,delivered,2018-02-01 07:47:35,2018-02-01 08:10:32,2018-02-02 17:12:32,2018-02-08 19:15:00,2018-02-23 00:00:00
52245a1eec5d9e4278acd0e934e3aa3e,a6c1f27f0d06c709845a304d84fd26aa,delivered,2018-01-10 17:40:09,2018-01-10 17:49:04,2018-01-11 22:09:59,2018-01-29 19:16:21,2018-02-05 00:00:00
caca2d936195ed2a43dbb6f64d6820f2,284d355846716e5ad42d9607a73ad49f,delivered,2018-02-08 15:17:08,2018-02-08 15:30:34,2018-02-09 23:33:51,2018-02-26 18:17:10,2018-03-08 00:00:00
bf96351a058bdba11dcdb09a1ff86612,386563f8bf52f347e146f6215bb2682d,delivered,2018-02-04 21:44:05,2018-02-04 21:55:32,2018-02-06 01:28:28,2018-02-14 19:31:35,2018-03-05 00:00:00
afc652a59f20b96fbf7c8e5bb1a6c1f1,3a76019da6d27bd392b555346c436507,delivered,2018-02-26 09:17:53,2018-02-26 10:00:23,2018-02-27 14:48:52,2018-04-18 11:02:51,2018-03-22 00:00:00
b2c3a55ae550dfe8fea2cdca7df095cf,6545af4512c49eccda583262133200d5,delivered,2018-01-21 18:52:46,2018-01-22 13:56:45,2018-01-24 20:22:43,2018-02-02 16:05:46,2018-02-22 00:00:00
d8e47a9014bdfe7e7d0d26b8a245d785,d811f93b6445bda2c5efbe61b0d881cf,delivered,2018-02-05 22:09:55,2018-02-05 22:30:08,2018-02-06 17:53:11,2018-02-08 21:53:15,2018-02-21 00:00:00
92cd4be4e992be4ab03304531ce6c5f9,99df947218ac5907e8d38dee73a75940,delivered,2018-01-20 21:20:55,2018-01-23 03:52:31,2018-01-23 21:38:52,2018-01-30 23:19:03,2018-02-14 00:00:00
9e04fc75cebeb85d63c311105977d2fb,970e923dfba9a92316788f875593b923,delivered,2018-02-25 16:20:22,2018-02-25 16:30:40,2018-02-27 17:44:33,2018-03-05 10:45:06,2018-03-16 00:00:00
7cf0a0e1a5215dd653bcba7bece011d2,4060eaff420701b5f99515c846e2dd78,delivered,2018-02-20 19:03:21,2018-02-20 19:15:25,2018-02-21 20:12:09,2018-03-19 20:32:32,2018-03-19 00:00:00
382dc35d6a778251ca13cf1a68a5128d,ee1435be88c6663ac63aa3e43b0c3112,delivered,2018-02-28 13:43:17,2018-03-02 02:10:57,2018-03-06 20:04:29,2018-03-23 03:16:40,2018-03-29 00:00:00
1f63547f5743b270843ccf840f00108a,f43d9a5994fb99bb2e14160e12666442,delivered,2018-02-05 22:54:03,2018-02-05 23:10:36,2018-02-06 23:53:06,2018-02-21 23:42:46,2018-03-08 00:00:00
c11c9be46e58763df468f1b5521acf37,5e840ce3316b0e8d7d4722ffd91775a2,delivered,2018-02-08 14:19:47,2018-02-08 14:30:30,2018-02-09 00:04:41,2018-03-06 02:56:15,2018-03-13 00:00:00
c6dc29188afdf102454edab964438d2d,858992797280bee2dada134ca5669097,delivered,2018-02-09 09:09:56,2018-02-09 10:13:46,2018-02-09 21:44:57,2018-02-28 00:33:26,2018-03-12 00:00:00
a1991f23b5a551188b16f0cc2105441a,fad797b0dde8fcfab613f0f3e86c3304,delivered,2018-02-20 14:39:30,2018-02-21 14:35:41,2018-02-26 20:37:37,2018-03-12 17:26:32,2018-03-16 00:00:00
3e94e8193697342790ce0f1f8876fdc7,7983c699f34e9ba67e1556feca9cf98d,delivered,2018-01-13 21:27:52,2018-01-16 03:36:40,2018-01-16 22:52:20,2018-01-24 19:49:07,2018-02-05 00:00:00
075a544c5f4ed4bb75f82b160465fe76,8c0a260a33c95286a9a851fe8bf42797,delivered,2018-02-22 15:17:38,2018-02-22 15:35:27,2018-02-27 19:23:49,2018-03-05 20:58:53,2018-03-20 00:00:00
730e8542d6a067a6025be7f39a6d30ec,6fe7fb835a08e22e47c1b37a65c19246,delivered,2018-01-27 00:07:38,2018-01-27 00:40:17,2018-01-29 21:12:50,2018-02-06 01:43:10,2018-02-14 00:00:00
a5eedc7322bdedc26f0ae3106bb1d91e,bd15b60f0d3fee42ad0541be7c3086ad,delivered,2018-01-29 08:23:40,2018-01-29 08:39:52,2018-01-30 17:36:51,2018-02-04 12:32:52,2018-02-21 00:00:00
e9ca4774d5c077b8b4be87d25eaaaa3d,9ff3e5a4fb6407d7b20cc3fa663c0395,invoiced,2018-02-15 19:57:18,2018-02-15 20:10:28,,,2018-03-16 00:00:00
1a13ca44eb6a81849dac4aca572b5694,cde45df48b2265ad922b9d820ef49323,delivered,2018-01-20 18:56:44,2018-01-20 19:20:37,2018-01-24 18:09:26,2018-02-01 20:29:57,2018-02-20 00:00:00
7b27a51bf1d8aaca78c04ecaf7118e88,62ce8efec406efb1619b3cdb6157f011,delivered,2018-02-03 21:32:16,2018-02-03 21:50:30,2018-02-05 21:43:26,2018-02-19 20:56:39,2018-03-08 00:00:00
a9fd72b050d13c8473c0d9503ac493b8,b767290b393d66a2425ccec273e0718f,delivered,2018-01-10 14:45:12,2018-01-11 02:48:42,2018-01-17 18:00:11,2018-02-15 20:34:06,2018-02-08 00:00:00
cff56b4b6ab1de09fcdd6f4efa0a0fc0,1e6e86c36785c218182b1725886d9dda,delivered,2018-02-22 12:40:52,2018-02-22 12:50:29,2018-02-28 01:27:04,2018-03-08 15:47:30,2018-04-19 00:00:00
4c5b8b3b4df35733589fd795aa7e0d17,c26f75082b6f48de002fb3d255cc4683,delivered,2018-01-08 07:55:37,2018-01-08 08:07:30,2018-01-10 22:19:19,2018-01-25 20:04:30,2018-02-07 00:00:00
27d206cb406ccf1605103f9e5339f004,98caa17d5b6f3807225c87381da61931,delivered,2018-01-03 12:54:17,2018-01-03 13:31:53,2018-01-05 11:53:01,2018-01-11 16:52:52,2018-01-31 00:00:00
6feb1191d85c6196e2dde76966fdb45a,c06c587a571e55dfa11441f4a93a822c,delivered,2018-01-13 20:31:15,2018-01-16 03:35:46,2018-01-17 13:09:54,2018-01-31 14:22:08,2018-02-16 00:00:00
9670e04f62098cb2eb977a5d5df33229,7f041fb8c11ee3f2d1c83b19df33fa35,shipped,2018-01-11 13:32:58,2018-01-11 13:47:30,2018-01-15 18:34:44,,2018-02-23 00:00:00
2f4597354cca1be196ca6b609711c109,7539ebe53893b272e154928429cdbce4,delivered,2018-02-02 15:06:48,2018-02-02 15:27:28,2018-02-05 21:08:04,2018-02-14 20:41:44,2018-03-05 00:00:00
0e8e76ea202279fb49931c948ed20655,52d9390024b97381b0088a515222c4af,delivered,2018-02-25 11:41:01,2018-02-25 11:50:24,2018-02-27 12:22:27,2018-03-07 18:23:40,2018-03-29 00:00:00
483483db7f8737f623ad88c392109242,86d33a8c5cffb1ba09dbb07976202434,delivered,2018-02-15 21:07:57,2018-02-16 21:07:27,2018-02-21 01:20:18,2018-03-05 13:32:56,2018-03-16 00:00:00
e15a6ce2cdb4246161836a1dde5e57d4,dd51b4a1d1e10a86b89cd5d07f209e17,delivered,2018-02-08 13:23:12,2018-02-08 13:35:25,2018-02-09 18:57:03,2018-02-17 01:23:36,2018-03-16 00:00:00
f73c0c32115b0bbfd5769c0cf67fb1c7,6466a7006594fde33f3ac032585147bd,shipped,2018-01-08 23:35:29,2018-01-08 23:47:37,2018-01-09 20:37:41,,2018-01-24 00:00:00
3f53cb579bd18271e2770a9d9fadc63e,6f62cca544282a538bbae512ebcf0b9a,delivered,2018-01-28 07:10:53,2018-01-30 05:31:39,2018-02-05 09:59:29,2018-02-14 19:38:47,2018-02-20 00:00:00
1475652ad485c6469bd02393c70fdaa9,204d0477c079846f2a02ee4d0b15e267,delivered,2018-01-14 22:38:15,2018-01-14 22:49:38,2018-01-17 18:53:13,2018-01-18 23:07:12,2018-01-30 00:00:00
540c5ef7f6c23f2547a73029172643da,9da0a4eaab687888548003b3c4e35830,delivered,2018-01-24 17:31:53,2018-01-24 17:59:10,2018-01-26 16:52:27,2018-02-14 17:22:52,2018-02-26 00:00:00
937f5e59b0d9e52742045419a31f2000,862c73c7b3989c2ceb05f091745a16ca,delivered,2018-02-23 22:51:45,2018-02-26 16:15:35,2018-02-28 16:25:42,2018-03-13 22:17:21,2018-03-20 00:00:00
f1e26a3e572b95d4a002309cc2ae18d7,2818329e7e6a36bf743c1ff39728cce7,delivered,2018-01-31 21:21:14,2018-01-31 21:35:28,2018-02-02 18:46:52,2018-02-21 20:43:11,2018-03-01 00:00:00
31b2fdf38a3bfdf9a67d997242c65ed8,fdfc52a03c18d8cef9aa5e39e9f18217,delivered,2018-02-12 12:07:43,2018-02-12 12:28:06,2018-02-14 22:22:54,2018-03-08 15:59:31,2018-03-08 00:00:00
685ff0ec30068be51ce8745dbccdeb0b,bf937c454bbf09413b7407b1d83e64cc,delivered,2018-01-05 08:46:47,2018-01-06 02:07:26,2018-01-11 20:17:30,2018-01-30 00:49:08,2018-02-07 00:00:00
e2b7031b8151dd5de69d77a161b19c44,08ad03bbb59f24c6f7842e991d1c6324,delivered,2018-02-13 13:18:09,2018-02-13 15:00:32,2018-02-14 19:08:33,2018-02-27 20:39:02,2018-03-06 00:00:00
067d7f81fe42137dd925344dceb47d20,1750863a3a72d9a25b7e95358c496a50,delivered,2018-01-25 16:58:18,2018-01-25 17:13:31,2018-02-08 20:28:54,2018-02-15 01:07:30,2018-02-19 00:00:00
b319de7e29d9ec96df9f75a1558c8ea7,3deafc0474a41927e9249b78564a3257,delivered,2018-02-27 14:20:49,2018-02-27 14:35:35,2018-03-01 02:22:56,2018-03-10 17:22:50,2018-03-19 00:00:00
1317ed43db6962c204745945a6e2352d,4394e736cb205ce89c210d2dd8061745,delivered,2018-02-14 17:02:29,2018-02-14 17:15:22,2018-02-15 21:04:20,2018-02-16 20:53:21,2018-02-26 00:00:00
a8f2b9f64cddf499563efdb804537781,ff1ccb6180f6464516836891ce1f2ca1,delivered,2018-02-23 12:58:28,2018-02-23 13:15:39,2018-03-13 02:04:05,2018-03-20 20:31:20,2018-03-21 00:00:00
dad3424b01751c6e21da6a7351174ca0,6c4961fd4b4f7102b656ae5d8f2ee517,delivered,2018-01-22 21:18:23,2018-01-22 21:34:58,2018-01-23 17:18:47,2018-02-01 01:45:48,2018-02-26 00:00:00
a26774d26cc0d76f63f1df3115529d6c,e8a7fbe87306feb64382f03b7a14a2c8,delivered,2018-02-19 16:42:58,2018-02-19 17:47:35,2018-02-21 19:26:58,2018-03-05 22:25:00,2018-03-12 00:00:00
de72d70497698d2416dc47712bbc7678,c360961ef98b0d4b28357b7fd0387673,delivered,2018-02-13 09:15:52,2018-02-13 09:27:21,2018-02-14 23:58:44,2018-02-22 01:46:56,2018-03-12 00:00:00
d98e1bbea27add1b46f2f78aa0a3517b,f1e2b8785604f68bfe418a8cf8fb5465,delivered,2018-02-22 19:54:45,2018-02-22 20:10:46,2018-02-23 22:39:38,2018-03-05 21:34:02,2018-03-14 00:00:00
7c1874537dafaf7092ff655e2d8f3ef7,518a8554eb5cbe488d4232c6b5385aa1,delivered,2018-02-06 02:46:48,2018-02-06 03:09:43,2018-02-14 19:41:32,2018-02-27 14:58:44,2018-03-16 00:00:00
3a830ecb5338f0ff69822d388b64822e,f8c3d249c98f91b25409df45d4a095e3,delivered,2018-01-24 11:40:28,2018-01-24 15:08:06,2018-02-07 18:44:52,2018-02-15 15:08:38,2018-02-20 00:00:00
8d2bf5a428d30fa82c85d57bea01159e,007c76c2ab6101f00798548775dfdbaf,delivered,2018-01-06 11:59:07,2018-01-06 12:09:30,2018-01-09 17:32:35,2018-01-11 22:17:17,2018-01-24 00:00:00
e625944bd16cd8f6b0daa1861cd25b19,b7eb23bc02ca23e9cacf170ff45aa78c,delivered,2018-02-06 12:10:35,2018-02-06 12:30:22,2018-02-07 19:57:50,2018-02-23 13:06:57,2018-03-08 00:00:00
771a363b396b10de7dd9984f3204a7a5,e76048f3dbbfee5a87fc4abca8c12e1c,delivered,2018-01-02 22:09:27,2018-01-02 22:19:34,2018-01-03 23:43:28,2018-01-11 17:18:37,2018-01-29 00:00:00
01ba82170ebb683c73793bb809bbf1b9,ca8e595c4c2e4a55fa75a41d5bf08382,delivered,2018-02-06 15:08:30,2018-02-06 16:11:35,2018-02-22 16:26:55,2018-02-23 19:58:35,2018-03-13 00:00:00
61dffbf220e7df65d65f1ea067fa0b1b,b24995c172c3ba6760ae339c7aa8b94b,delivered,2018-01-19 19:53:50,2018-01-19 20:16:41,2018-01-23 17:34:45,2018-01-31 17:22:41,2018-02-21 00:00:00
6875f8830fccf5f9658d63a76da43bbb,08385777ab67885a2be27625c7f8de78,delivered,2018-02-12 13:28:31,2018-02-12 13:48:20,2018-02-20 00:37:52,2018-03-03 13:19:02,2018-04-04 00:00:00
3d7376c0f2e3ca72f4bd82000af41d7d,38de4863516ed79e91284a6cad6d3ec3,delivered,2018-02-02 19:53:35,2018-02-02 20:12:04,2018-02-05 20:11:49,2018-02-14 19:52:31,2018-03-08 00:00:00
43b68bc17b7182a73f19829a1cbd4333,8f65470a3b714b3a99454dc4cf3610e8,delivered,2018-01-30 15:55:22,2018-01-30 16:12:52,2018-01-31 18:04:51,2018-02-25 10:35:08,2018-03-01 00:00:00
1ae207d919424c0be708422e3f833170,4f7bafbdad9cf619d3edfed649ff0f26,delivered,2018-02-24 14:09:15,2018-02-26 09:35:56,2018-03-01 22:59:05,2018-03-05 23:19:43,2018-03-19 00:00:00
ab6c2b531e877fad84a31aa845bc9345,2d22c3443b414e440199863946b77c05,delivered,2018-02-07 13:14:43,2018-02-07 13:30:12,2018-02-21 02:48:50,2018-03-11 18:42:37,2018-03-08 00:00:00
da118e571cb51f368ed90483a36391ab,3759a4801d63bec9d06a083b05503f23,delivered,2018-01-15 18:32:34,2018-01-16 12:52:47,2018-01-16 20:35:42,2018-01-25 21:09:20,2018-02-07 00:00:00
06bad3a130e91f7b26791dba22abc0f5,914f5d77198dea1b107e105471d3db24,delivered,2018-02-09 17:21:15,2018-02-09 17:35:31,2018-02-15 16:19:15,2018-03-26 17:49:03,2018-03-07 00:00:00
ae2756437d2b0a5f0c9702d7ea130e41,9f3a6a3bc8190b848832ad6916ccedf1,delivered,2018-02-09 21:51:44,2018-02-15 04:07:27,2018-02-15 23:29:11,2018-02-27 19:32:54,2018-03-08 00:00:00
3621b14695412ecce5ccd37d32c6485f,fb0d7f836d199425d6c6487df27498a2,delivered,2018-01-29 18:51:19,2018-01-29 19:13:57,2018-02-01 20:22:10,2018-02-06 18:22:35,2018-02-20 00:00:00
0580802ab0d4809dc16b4c9002c01a27,624dd44e174c96c79397a7f030f08e8d,delivered,2018-01-15 17:27:31,2018-01-15 17:36:23,2018-01-17 16:36:54,2018-01-27 15:19:52,2018-02-20 00:00:00
da416b186e48cb56bf0036a91b66d8b0,2e017d08bf6e0a7b1af5d632f3bfd053,delivered,2018-01-18 01:13:29,2018-01-20 09:10:26,2018-01-24 22:38:43,2018-01-29 19:58:51,2018-02-08 00:00:00
9f353d55cebbc63a3eb1bf5d53774ab5,652c90c96d514383465d6ae2b89dc861,delivered,2018-02-05 13:05:33,2018-02-05 13:30:37,2018-02-08 00:26:55,2018-02-09 21:11:54,2018-02-21 00:00:00
dcd19a1d42b2e3ad39cf3d5ee0fb7ddb,3d1688c4011a8de5b3b77d2f0bebbb6a,delivered,2018-02-18 20:25:04,2018-02-18 21:26:51,2018-02-23 00:07:22,2018-03-02 19:04:21,2018-03-09 00:00:00
50b885373bbe35c76bf53c301a8a845e,17cfefd6c2f2b503cab8eb0317923572,delivered,2018-01-30 11:41:46,2018-01-30 11:50:59,2018-01-30 23:17:58,2018-02-09 16:58:32,2018-03-06 00:00:00
1b1f17c2de0133ed4abe3d3b38f84f30,20235a2b591b9d7b3f37c800c56a0062,delivered,2018-01-07 23:59:40,2018-01-08 12:27:54,2018-01-09 21:19:10,2018-01-25 00:33:21,2018-02-05 00:00:00
0a5c74ccc786ced7903270de9d6c170a,c021456db05f8e71f0985bef8859b793,unavailable,2018-01-18 23:14:36,2018-02-20 12:05:54,,,2018-02-14 00:00:00
88b89dae0dc52bf881d9a8a9072f880c,243b40772b00e4ba69a769305b7deb72,delivered,2018-02-11 15:02:04,2018-02-11 15:15:23,2018-02-16 01:43:13,2018-02-28 22:29:06,2018-03-09 00:00:00
4e1679640c29ba05f498ac20e026213e,f25bd233d365ab0119f6bf5f397a955e,delivered,2018-01-15 01:58:50,2018-01-15 02:12:44,2018-01-18 17:25:59,2018-01-30 18:22:52,2018-02-14 00:00:00
8bdf6ec627a3a9618dd67dbd9203c546,b23b5baf963a07d533c0d86567fbcf7b,delivered,2018-01-18 17:00:14,2018-01-20 09:08:04,2018-01-26 14:13:46,2018-01-27 18:03:37,2018-02-02 00:00:00
8c9e6ed4aa9e011a36594abdd88d96cf,c532e4017ffa45363d421b91515e2d36,delivered,2018-02-06 23:21:49,2018-02-07 11:55:53,2018-02-14 22:22:56,2018-02-27 10:29:14,2018-03-13 00:00:00
ccb78ed7a1acba9d251c8626f13097f5,2dede433203d09f2222b7d74c4040155,delivered,2018-01-12 12:10:54,2018-01-12 12:17:29,2018-01-16 20:02:48,2018-01-22 20:26:57,2018-02-02 00:00:00
d5fd9f5044bf921889c94e6f549530fa,7dbf73d746aec58ce9ef6e2668cd49fe,delivered,2018-02-11 22:19:14,2018-02-11 22:30:54,2018-02-14 23:25:18,2018-02-23 22:22:17,2018-03-06 00:00:00
723e462ce1ee50e024887c0b403130f3,1353b6db7e448ecfad1a4cd13b95f832,delivered,2018-01-06 20:03:11,2018-01-06 20:17:25,2018-01-10 18:09:48,2018-01-22 23:18:57,2018-02-08 00:00:00
7fd121b0b92e0534cea97fb49f190bb9,be776517966dde5fd0011e22950f4448,delivered,2018-01-05 18:08:35,2018-01-09 07:18:11,2018-01-09 15:57:33,2018-01-10 19:04:44,2018-01-23 00:00:00
633d11c167d250fec5c37f8568ac6e80,2bf92ca1c7f79559c6320a0ff28c8d56,delivered,2018-01-18 17:48:20,2018-01-18 17:55:25,2018-01-19 22:29:12,2018-01-22 19:13:23,2018-02-02 00:00:00
117c312b89fc4ef46fca3f4b0c53829b,bdb8bc0a87a7105abf20423b8a616104,delivered,2018-01-20 16:40:34,2018-01-20 17:01:07,2018-01-22 20:05:05,2018-01-23 16:26:47,2018-02-06 00:00:00
9aeaadde646cd9e4c51638f24ecf63cb,b9f1e74e29e518dde4d453acdcd1c7e6,canceled,2018-02-09 16:25:56,2018-02-09 17:00:25,,,2018-02-23 00:00:00
ba90ea1608e340fb0e265ea62c4a981f,a80deef4c70516cae6c81f06381b2d4d,delivered,2018-01-18 08:24:33,2018-01-18 09:31:25,2018-01-23 17:36:51,2018-01-27 14:42:32,2018-02-14 00:00:00
2f6ce0fc6861201ce7e46d0b67ca0dc6,b741c151088f770a5189db10c519e937,delivered,2018-01-22 18:11:25,2018-01-24 20:55:20,2018-01-25 16:19:10,2018-02-14 21:56:55,2018-02-23 00:00:00
ad15d9b5c97ecfcbdffbd8148ef3e0a1,b653b48ee092138291d39bc49f1632f2,delivered,2018-01-07 20:09:08,2018-01-07 20:27:28,2018-01-13 01:21:36,2018-01-22 20:46:19,2018-02-14 00:00:00
ee23103ab94d84788e8fb686103c0954,4eee666d81e4820818ac51c38b46da8d,delivered,2018-02-04 19:23:01,2018-02-04 19:35:30,2018-02-06 01:03:42,2018-02-16 15:45:22,2018-03-07 00:00:00
5366d1bcf7e5ea4eee3743562bb39aa4,814fe50852ab4b281eb92a353442483a,delivered,2018-02-11 18:13:24,2018-02-15 04:07:19,2018-02-16 23:42:09,2018-02-21 18:59:54,2018-03-08 00:00:00
4e2160ff7a61b2bf4fbd2e527ea924d3,ea36ec29b56eded534644f21b9561efc,delivered,2018-02-09 13:48:17,2018-02-09 14:15:48,2018-02-09 22:53:10,2018-02-22 17:14:00,2018-03-06 00:00:00
74a243809fa8841223db188cbcc488ab,6d8642f4096c5670ea62758a8c921a7f,delivered,2018-01-10 11:22:49,2018-01-10 11:33:23,2018-01-15 16:24:06,2018-02-07 14:13:10,2018-02-21 00:00:00
f6b737b2892803a060990f8483c2f014,0386dfdebdb359b0612a0563487cbb7f,delivered,2018-02-22 14:30:27,2018-02-23 02:31:40,2018-03-02 00:42:27,2018-03-08 20:47:21,2018-03-14 00:00:00
81997644995458a01126899a96832353,956b08173d0a9611b85f9ec0034944e1,unavailable,2018-02-26 16:58:27,2018-02-26 17:15:48,,,2018-03-28 00:00:00
3f42893ac4bf0ff60f79ff701a65d0fe,ed38a61373fe3f09c5b76fff2c550312,delivered,2018-02-20 22:47:24,2018-02-20 23:07:36,2018-02-22 10:56:44,2018-03-12 16:39:42,2018-03-14 00:00:00
9c84e4191a2bca32e9dfd55839156db1,4478451cfd0f1879300c03bcc3c5d023,delivered,2018-02-11 18:35:43,2018-02-11 18:48:08,2018-02-14 22:19:09,2018-02-19 23:03:26,2018-03-15 00:00:00
d981eec5ada61eb4066985278057dd19,676ea4c495818f6654dd38d006cfb1d7,delivered,2018-01-20 21:28:19,2018-01-20 21:41:17,2018-01-27 15:58:47,2018-02-01 02:42:45,2018-02-14 00:00:00
d18a9528e8077026b951849741ab227b,4da2611319c642ea716073cf37ad1427,delivered,2018-01-20 20:57:48,2018-01-22 14:17:54,2018-01-23 21:06:35,2018-01-25 02:56:47,2018-02-14 00:00:00
92f77906d8fcaa454fff43e1882deb01,d642380f5e4eb7812449e5598a625005,delivered,2018-01-03 15:58:43,2018-01-03 16:11:29,2018-01-05 19:23:08,2018-01-23 22:56:52,2018-01-29 00:00:00
e99cec5edea38be65a806b88a650b2bf,a4a5fad3d34775ea6a72ac455a5226a0,delivered,2018-01-16 10:18:14,2018-01-17 04:31:15,2018-01-17 20:22:22,2018-01-19 23:06:23,2018-01-31 00:00:00
38bfa8770aab7482945c44803221107e,edd55d7e669dba5281d989b6e1c60cad,delivered,2018-01-18 16:25:16,2018-01-18 16:42:22,2018-01-22 20:56:41,2018-04-16 12:40:54,2018-02-08 00:00:00
33e70b1305003580be0b34472acce620,1f32106989574673d60e54a146992c89,delivered,2018-01-29 15:18:03,2018-01-29 15:35:26,2018-01-30 22:51:46,2018-02-15 20:16:39,2018-02-22 00:00:00
f37316634729e88e0ff154d42b6219b0,c15a78098b5cc61cf1b7a89873d949d5,delivered,2018-02-15 23:03:45,2018-02-16 14:32:16,2018-02-21 23:49:54,2018-02-27 15:55:07,2018-03-08 00:00:00
20cc195f7abe525abd0697163e2c8e0d,8e8d4784516e71494188748e6f45f260,delivered,2018-02-16 16:35:17,2018-02-16 16:46:59,2018-02-19 11:22:43,2018-02-26 22:38:27,2018-03-08 00:00:00
8f367420ab5fc7305b7383f29ef4ed4e,56be20830570df2c36d2935be6f1e417,canceled,2018-01-30 22:32:13,2018-01-31 20:30:52,2018-02-01 22:47:53,,2018-02-23 00:00:00
5c07b7c36b41a0b6a841fa9a8bd26ca7,d18a3edaf7f0a96519805924ea52d3d1,delivered,2018-02-27 22:37:13,2018-02-28 22:35:30,2018-03-02 14:36:05,2018-03-09 20:37:47,2018-03-22 00:00:00
a8d69f3045be9fa0ea3aac3971741980,7a421bb11d92f1a08e384f216250afa8,delivered,2018-01-13 21:01:40,2018-01-16 03:40:05,2018-01-18 20:09:36,2018-01-22 21:46:56,2018-02-07 00:00:00
a8r65f3045be9fa0ea3aac3971741980,7a421bb55d92f1a08e384f216250afa8,canceled,2019-01-13 21:01:40,2019-01-16 03:40:05,2019-01-18 20:09:36,2019-01-22 21:46:56,2019-02-07 00:00:00
